1.496e+011,0
1.49578e+011,2.57358e+009
1.49511e+011,5.14639e+009
1.49401e+011,7.71768e+009
1.49246e+011,1.02867e+010
1.49047e+011,1.28527e+010
1.48804e+011,1.54148e+010
1.48517e+011,1.79724e+010
1.48185e+011,2.05247e+010
1.4781e+011,2.30709e+010
1.47392e+011,2.56103e+010
1.46929e+011,2.81421e+010
1.46423e+011,3.06655e+010
1.45874e+011,3.31799e+010
1.45282e+011,3.56845e+010
1.44646e+011,3.81785e+010
1.43968e+011,4.06612e+010
1.43247e+011,4.31319e+010
1.42484e+011,4.55898e+010
1.41679e+011,4.80342e+010
1.40831e+011,5.04644e+010
1.39942e+011,5.28797e+010
1.39012e+011,5.52793e+010
1.38041e+011,5.76625e+010
1.37028e+011,6.00287e+010
1.35975e+011,6.23771e+010
1.34882e+011,6.47071e+010
1.33749e+011,6.70179e+010
1.32576e+011,6.93089e+010
1.31364e+011,7.15793e+010
1.30113e+011,7.38286e+010
1.28824e+011,7.6056e+010
1.27497e+011,7.82609e+010
1.26131e+011,8.04427e+010
1.24729e+011,8.26006e+010
1.23289e+011,8.47341e+010
1.21814e+011,8.68425e+010
1.20302e+011,8.89252e+010
1.18754e+011,9.09816e+010
1.17171e+011,9.30111e+010
1.15554e+011,9.5013e+010
1.13902e+011,9.69868e+010
1.12217e+011,9.8932e+010
1.10498e+011,1.00848e+011
1.08747e+011,1.02734e+011
1.06964e+011,1.04589e+011
1.05149e+011,1.06414e+011
1.03302e+011,1.08207e+011
1.01426e+011,1.09968e+011
9.95188e+010,1.11697e+011
9.75826e+010,1.13392e+011
9.56174e+010,1.15054e+011
9.3624e+010,1.16682e+011
9.16028e+010,1.18275e+011
8.95546e+010,1.19834e+011
8.74798e+010,1.21357e+011
8.53792e+010,1.22844e+011
8.32533e+010,1.24294e+011
8.11027e+010,1.25708e+011
7.89281e+010,1.27085e+011
7.67302e+010,1.28424e+011
7.45096e+010,1.29725e+011
7.22669e+010,1.30987e+011
7.00028e+010,1.32211e+011
6.7718e+010,1.33396e+011
6.54132e+010,1.34541e+011
6.3089e+010,1.35646e+011
6.07461e+010,1.36712e+011
5.83853e+010,1.37736e+011
5.60072e+010,1.3872e+011
5.36125e+010,1.39663e+011
5.12019e+010,1.40565e+011
4.87762e+010,1.41425e+011
4.6336e+010,1.42243e+011
4.38821e+010,1.43019e+011
4.14153e+010,1.43753e+011
3.89361e+010,1.44444e+011
3.64455e+010,1.45093e+011
3.39441e+010,1.45698e+011
3.14326e+010,1.46261e+011
2.89118e+010,1.4678e+011
2.63825e+010,1.47255e+011
2.38453e+010,1.47687e+011
2.13011e+010,1.48076e+011
1.87506e+010,1.4842e+011
1.61946e+010,1.48721e+011
1.36337e+010,1.48977e+011
1.10688e+010,1.4919e+011
8.50068e+009,1.49358e+011
5.93e+009,1.49482e+011
3.35757e+009,1.49562e+011
7.84149e+008,1.49598e+011
-1.78951e+009,1.49589e+011
-4.36264e+009,1.49536e+011
-6.93447e+009,1.49439e+011
-9.50425e+009,1.49298e+011
-1.20712e+010,1.49112e+011
-1.46346e+010,1.48882e+011
-1.71937e+010,1.48609e+011
-1.97477e+010,1.48291e+011
-2.22958e+010,1.47929e+011
-2.48373e+010,1.47524e+011
-2.73715e+010,1.47075e+011
-2.98976e+010,1.46582e+011
-3.24148e+010,1.46046e+011
-3.49225e+010,1.45467e+011
-3.74198e+010,1.44844e+011
-3.9906e+010,1.44179e+011
-4.23804e+010,1.43471e+011
-4.48423e+010,1.42721e+011
-4.72909e+010,1.41929e+011
-4.97255e+010,1.41094e+011
-5.21454e+010,1.40218e+011
-5.45499e+010,1.393e+011
-5.69382e+010,1.38341e+011
-5.93096e+010,1.37341e+011
-6.16635e+010,1.363e+011
-6.39992e+010,1.35219e+011
-6.63159e+010,1.34098e+011
-6.8613e+010,1.32938e+011
-7.08898e+010,1.31738e+011
-7.31456e+010,1.30499e+011
-7.53797e+010,1.29221e+011
-7.75916e+010,1.27905e+011
-7.97804e+010,1.26551e+011
-8.19457e+010,1.2516e+011
-8.40867e+010,1.23732e+011
-8.62028e+010,1.22267e+011
-8.82934e+010,1.20766e+011
-9.03579e+010,1.19229e+011
-9.23956e+010,1.17657e+011
-9.4406e+010,1.1605e+011
-9.63885e+010,1.14409e+011
-9.83424e+010,1.12734e+011
-1.00267e+011,1.11025e+011
-1.02162e+011,1.09284e+011
-1.04027e+011,1.0751e+011
-1.05861e+011,1.05705e+011
-1.07664e+011,1.03868e+011
-1.09435e+011,1.02001e+011
-1.11174e+011,1.00103e+011
-1.12879e+011,9.81756e+010
-1.14551e+011,9.62192e+010
-1.1619e+011,9.42343e+010
-1.17794e+011,9.22215e+010
-1.19363e+011,9.01815e+010
-1.20896e+011,8.81147e+010
-1.22394e+011,8.60219e+010
-1.23856e+011,8.39036e+010
-1.25281e+011,8.17605e+010
-1.26669e+011,7.95932e+010
-1.2802e+011,7.74023e+010
-1.29332e+011,7.51885e+010
-1.30607e+011,7.29525e+010
-1.31842e+011,7.06949e+010
-1.33039e+011,6.84163e+010
-1.34196e+011,6.61175e+010
-1.35314e+011,6.37991e+010
-1.36391e+011,6.14619e+010
-1.37428e+011,5.91064e+010
-1.38425e+011,5.67335e+010
-1.3938e+011,5.43438e+010
-1.40295e+011,5.1938e+010
-1.41167e+011,4.95168e+010
-1.41998e+011,4.7081e+010
-1.42787e+011,4.46312e+010
-1.43534e+011,4.21682e+010
-1.44238e+011,3.96927e+010
-1.449e+011,3.72055e+010
-1.45518e+011,3.47073e+010
-1.46094e+011,3.21988e+010
-1.46626e+011,2.96808e+010
-1.47115e+011,2.7154e+010
-1.4756e+011,2.46191e+010
-1.47962e+011,2.2077e+010
-1.4832e+011,1.95283e+010
-1.48634e+011,1.69739e+010
-1.48904e+011,1.44144e+010
-1.4913e+011,1.18507e+010
-1.49312e+011,9.28344e+009
-1.49449e+011,6.71345e+009
-1.49543e+011,4.14148e+009
-1.49592e+011,1.56827e+009
-1.49597e+011,-1.00539e+009
-1.49557e+011,-3.57876e+009
-1.49473e+011,-6.15107e+009
-1.49346e+011,-8.72156e+009
-1.49173e+011,-1.12895e+010
-1.48957e+011,-1.3854e+010
-1.48697e+011,-1.64145e+010
-1.48392e+011,-1.89701e+010
-1.48044e+011,-2.15201e+010
-1.47652e+011,-2.40637e+010
-1.47216e+011,-2.66002e+010
-1.46737e+011,-2.91289e+010
-1.46214e+011,-3.16489e+010
-1.45648e+011,-3.41595e+010
-1.45039e+011,-3.666e+010
-1.44386e+011,-3.91497e+010
-1.43692e+011,-4.16278e+010
-1.42954e+011,-4.40936e+010
-1.42175e+011,-4.65463e+010
-1.41353e+011,-4.89853e+010
-1.40489e+011,-5.14097e+010
-1.39584e+011,-5.38189e+010
-1.38637e+011,-5.62123e+010
-1.3765e+011,-5.85889e+010
-1.36622e+011,-6.09482e+010
-1.35553e+011,-6.32895e+010
-1.34444e+011,-6.56121e+010
-1.33295e+011,-6.79152e+010
-1.32107e+011,-7.01983e+010
-1.3088e+011,-7.24605e+010
-1.29614e+011,-7.47014e+010
-1.2831e+011,-7.69201e+010
-1.26968e+011,-7.9116e+010
-1.25588e+011,-8.12885e+010
-1.24171e+011,-8.3437e+010
-1.22717e+011,-8.55608e+010
-1.21227e+011,-8.76592e+010
-1.19701e+011,-8.97317e+010
-1.1814e+011,-9.17777e+010
-1.16543e+011,-9.37964e+010
-1.14913e+011,-9.57875e+010
-1.13248e+011,-9.77501e+010
-1.11549e+011,-9.96839e+010
-1.09818e+011,-1.01588e+011
-1.08054e+011,-1.03462e+011
-1.06258e+011,-1.05306e+011
-1.04431e+011,-1.07118e+011
-1.02573e+011,-1.08899e+011
-1.00684e+011,-1.10647e+011
-9.87659e+010,-1.12363e+011
-9.68183e+010,-1.14046e+011
-9.4842e+010,-1.15694e+011
-9.28377e+010,-1.17309e+011
-9.08059e+010,-1.18888e+011
-8.87472e+010,-1.20433e+011
-8.66623e+010,-1.21942e+011
-8.45517e+010,-1.23415e+011
-8.24161e+010,-1.24851e+011
-8.0256e+010,-1.2625e+011
-7.80723e+010,-1.27612e+011
-7.58654e+010,-1.28936e+011
-7.36361e+010,-1.30222e+011
-7.1385e+010,-1.3147e+011
-6.91127e+010,-1.32679e+011
-6.682e+010,-1.33848e+011
-6.45075e+010,-1.34978e+011
-6.2176e+010,-1.36067e+011
-5.9826e+010,-1.37117e+011
-5.74583e+010,-1.38126e+011
-5.50736e+010,-1.39094e+011
-5.26726e+010,-1.40021e+011
-5.02561e+010,-1.40906e+011
-4.78246e+010,-1.4175e+011
-4.5379e+010,-1.42551e+011
-4.292e+010,-1.43311e+011
-4.04482e+010,-1.44028e+011
-3.79645e+010,-1.44703e+011
-3.54696e+010,-1.45334e+011
-3.29641e+010,-1.45923e+011
-3.04489e+010,-1.46469e+011
-2.79247e+010,-1.46971e+011
-2.53923e+010,-1.47429e+011
-2.28523e+010,-1.47844e+011
-2.03055e+010,-1.48216e+011
-1.77527e+010,-1.48543e+011
-1.51947e+010,-1.48826e+011
-1.26322e+010,-1.49066e+011
-1.0066e+010,-1.49261e+011
-7.49672e+009,-1.49412e+011
-4.92527e+009,-1.49519e+011
-2.35236e+009,-1.49582e+011
2.21248e+008,-1.496e+011
2.79479e+009,-1.49574e+011
5.3675e+009,-1.49504e+011
7.93863e+009,-1.49389e+011
1.05074e+010,-1.49231e+011
1.30731e+010,-1.49028e+011
1.56349e+010,-1.48781e+011
1.8192e+010,-1.4849e+011
2.07438e+010,-1.48155e+011
2.32895e+010,-1.47776e+011
2.58282e+010,-1.47354e+011
2.83593e+010,-1.46887e+011
3.0882e+010,-1.46378e+011
3.33956e+010,-1.45825e+011
3.58993e+010,-1.45229e+011
3.83924e+010,-1.4459e+011
4.08741e+010,-1.43908e+011
4.33437e+010,-1.43183e+011
4.58005e+010,-1.42417e+011
4.82437e+010,-1.41608e+011
5.06726e+010,-1.40757e+011
5.30866e+010,-1.39864e+011
5.54848e+010,-1.3893e+011
5.78666e+010,-1.37955e+011
6.02313e+010,-1.36939e+011
6.25782e+010,-1.35883e+011
6.49065e+010,-1.34786e+011
6.72156e+010,-1.3365e+011
6.95049e+010,-1.32474e+011
7.17735e+010,-1.31258e+011
7.40209e+010,-1.30004e+011
7.62464e+010,-1.28711e+011
7.84494e+010,-1.27381e+011
8.06291e+010,-1.26012e+011
8.2785e+010,-1.24607e+011
8.49163e+010,-1.23164e+011
8.70226e+010,-1.21685e+011
8.91031e+010,-1.2017e+011
9.11572e+010,-1.18619e+011
9.31843e+010,-1.17034e+011
9.51838e+010,-1.15413e+011
9.71552e+010,-1.13759e+011
9.90978e+010,-1.1207e+011
1.01011e+011,-1.10349e+011
1.02894e+011,-1.08595e+011
1.04747e+011,-1.06809e+011
1.06569e+011,-1.04991e+011
1.0836e+011,-1.03142e+011
1.10118e+011,-1.01263e+011
1.11844e+011,-9.93535e+010
1.13536e+011,-9.74147e+010
1.15195e+011,-9.54472e+010
1.1682e+011,-9.34513e+010
1.18411e+011,-9.14278e+010
1.19966e+011,-8.93773e+010
1.21486e+011,-8.73003e+010
1.2297e+011,-8.51974e+010
1.24417e+011,-8.30693e+010
1.25828e+011,-8.09167e+010
1.27201e+011,-7.87401e+010
1.28537e+011,-7.65402e+010
1.29835e+011,-7.43176e+010
1.31094e+011,-7.20731e+010
1.32314e+011,-6.98072e+010
1.33496e+011,-6.75207e+010
1.34638e+011,-6.52141e+010
1.3574e+011,-6.28883e+010
1.36801e+011,-6.05439e+010
1.37823e+011,-5.81815e+010
1.38803e+011,-5.58019e+010
1.39743e+011,-5.34058e+010
1.40641e+011,-5.09939e+010
1.41497e+011,-4.85669e+010
1.42312e+011,-4.61256e+010
1.43084e+011,-4.36706e+010
1.43814e+011,-4.12026e+010
1.44502e+011,-3.87225e+010
1.45146e+011,-3.62309e+010
1.45748e+011,-3.37286e+010
1.46307e+011,-3.12163e+010
1.46822e+011,-2.86947e+010
1.47294e+011,-2.61647e+010
1.47722e+011,-2.36269e+010
1.48107e+011,-2.10821e+010
1.48448e+011,-1.85311e+010
1.48745e+011,-1.59746e+010
1.48997e+011,-1.34134e+010
1.49206e+011,-1.08482e+010
1.49371e+011,-8.27978e+009
1.49491e+011,-5.70892e+009
1.49567e+011,-3.13638e+009
1.49599e+011,-5.62903e+008
1.49586e+011,2.01074e+009
1.4953e+011,4.58378e+009
1.49429e+011,7.15547e+009
1.49284e+011,9.72505e+009
1.49094e+011,1.22917e+010
1.48861e+011,1.48548e+010
1.48583e+011,1.74135e+010
1.48262e+011,1.9967e+010
1.47896e+011,2.25146e+010
1.47487e+011,2.50555e+010
1.47034e+011,2.7589e+010
1.46538e+011,3.01144e+010
1.45998e+011,3.26308e+010
1.45415e+011,3.51376e+010
1.44789e+011,3.7634e+010
1.4412e+011,4.01192e+010
1.43409e+011,4.25926e+010
1.42655e+011,4.50533e+010
1.41859e+011,4.75008e+010
1.4102e+011,4.99341e+010
1.4014e+011,5.23527e+010
1.39219e+011,5.47558e+010
1.38257e+011,5.71427e+010
1.37253e+011,5.95127e+010
1.36209e+011,6.1865e+010
1.35125e+011,6.41991e+010
1.34e+011,6.65142e+010
1.32836e+011,6.88095e+010
1.31633e+011,7.10845e+010
1.3039e+011,7.33385e+010
1.29109e+011,7.55707e+010
1.2779e+011,7.77806e+010
1.26433e+011,7.99675e+010
1.25039e+011,8.21307e+010
1.23607e+011,8.42696e+010
1.22139e+011,8.63836e+010
1.20635e+011,8.84719e+010
1.19095e+011,9.05341e+010
1.1752e+011,9.25696e+010
1.15911e+011,9.45776e+010
1.14266e+011,9.65576e+010
1.12588e+011,9.8509e+010
1.10877e+011,1.00431e+011
1.09133e+011,1.02324e+011
1.07356e+011,1.04186e+011
1.05548e+011,1.06018e+011
1.03709e+011,1.07818e+011
1.01839e+011,1.09586e+011
9.99384e+010,1.11322e+011
9.80085e+010,1.13024e+011
9.60497e+010,1.14694e+011
9.40624e+010,1.16329e+011
9.20472e+010,1.1793e+011
9.00049e+010,1.19496e+011
8.79358e+010,1.21027e+011
8.58408e+010,1.22521e+011
8.37204e+010,1.2398e+011
8.15751e+010,1.25402e+011
7.94058e+010,1.26787e+011
7.72129e+010,1.28134e+011
7.49972e+010,1.29443e+011
7.27592e+010,1.30714e+011
7.04998e+010,1.31947e+011
6.82195e+010,1.3314e+011
6.5919e+010,1.34294e+011
6.35989e+010,1.35408e+011
6.12601e+010,1.36482e+011
5.89031e+010,1.37516e+011
5.65287e+010,1.38509e+011
5.41376e+010,1.39461e+011
5.17304e+010,1.40371e+011
4.9308e+010,1.41241e+011
4.68709e+010,1.42068e+011
4.442e+010,1.42853e+011
4.19559e+010,1.43596e+011
3.94794e+010,1.44297e+011
3.69912e+010,1.44955e+011
3.44921e+010,1.45569e+011
3.19827e+010,1.46141e+011
2.94639e+010,1.4667e+011
2.69364e+010,1.47155e+011
2.44009e+010,1.47597e+011
2.18582e+010,1.47995e+011
1.9309e+010,1.48349e+011
1.67541e+010,1.48659e+011
1.41942e+010,1.48925e+011
1.16301e+010,1.49147e+011
9.06261e+009,1.49325e+011
6.49242e+009,1.49459e+011
3.92031e+009,1.49549e+011
1.34704e+009,1.49594e+011
-1.22663e+009,1.49595e+011
-3.79994e+009,1.49552e+011
-6.37212e+009,1.49464e+011
-8.94242e+009,1.49332e+011
-1.15101e+010,1.49157e+011
-1.40743e+010,1.48936e+011
-1.66344e+010,1.48672e+011
-1.91896e+010,1.48364e+011
-2.1739e+010,1.48012e+011
-2.42821e+010,1.47616e+011
-2.68179e+010,1.47177e+011
-2.93458e+010,1.46693e+011
-3.18651e+010,1.46167e+011
-3.43749e+010,1.45597e+011
-3.68745e+010,1.44984e+011
-3.93632e+010,1.44328e+011
-4.18403e+010,1.4363e+011
-4.4305e+010,1.42889e+011
-4.67565e+010,1.42106e+011
-4.91943e+010,1.4128e+011
-5.16174e+010,1.40413e+011
-5.40253e+010,1.39504e+011
-5.64172e+010,1.38554e+011
-5.87924e+010,1.37563e+011
-6.11502e+010,1.36531e+011
-6.34899e+010,1.35459e+011
-6.58109e+010,1.34347e+011
-6.81123e+010,1.33195e+011
-7.03936e+010,1.32003e+011
-7.2654e+010,1.30773e+011
-7.4893e+010,1.29504e+011
-7.71097e+010,1.28196e+011
-7.93037e+010,1.26851e+011
-8.14742e+010,1.25468e+011
-8.36205e+010,1.24047e+011
-8.57422e+010,1.22591e+011
-8.78384e+010,1.21097e+011
-8.99086e+010,1.19568e+011
-9.19523e+010,1.18004e+011
-9.39687e+010,1.16405e+011
-9.59573e+010,1.14771e+011
-9.79175e+010,1.13103e+011
-9.98487e+010,1.11402e+011
-1.0175e+011,1.09668e+011
-1.03622e+011,1.07901e+011
-1.05463e+011,1.06103e+011
-1.07273e+011,1.04273e+011
-1.0905e+011,1.02412e+011
-1.10796e+011,1.00521e+011
-1.12509e+011,9.85996e+010
-1.14189e+011,9.66495e+010
-1.15834e+011,9.46708e+010
-1.17446e+011,9.26641e+010
-1.19023e+011,9.063e+010
-1.20564e+011,8.8569e+010
-1.2207e+011,8.64818e+010
-1.2354e+011,8.43691e+010
-1.24973e+011,8.22313e+010
-1.26369e+011,8.00692e+010
-1.27728e+011,7.78835e+010
-1.29048e+011,7.56746e+010
-1.30331e+011,7.34434e+010
-1.31575e+011,7.11904e+010
-1.32781e+011,6.89164e+010
-1.33947e+011,6.6622e+010
-1.35073e+011,6.43078e+010
-1.36159e+011,6.19747e+010
-1.37205e+011,5.96231e+010
-1.38211e+011,5.7254e+010
-1.39175e+011,5.48678e+010
-1.40098e+011,5.24655e+010
-1.4098e+011,5.00476e+010
-1.4182e+011,4.76149e+010
-1.42618e+011,4.51681e+010
-1.43374e+011,4.2708e+010
-1.44088e+011,4.02352e+010
-1.44759e+011,3.77505e+010
-1.45387e+011,3.52546e+010
-1.45972e+011,3.27483e+010
-1.46513e+011,3.02323e+010
-1.47012e+011,2.77073e+010
-1.47467e+011,2.51742e+010
-1.47878e+011,2.26336e+010
-1.48245e+011,2.00863e+010
-1.48569e+011,1.7533e+010
-1.48849e+011,1.49746e+010
-1.49084e+011,1.24117e+010
-1.49276e+011,9.8452e+009
-1.49423e+011,7.27574e+009
-1.49526e+011,4.70413e+009
-1.49585e+011,2.13114e+009
-1.49599e+011,-4.42495e+008
-1.4957e+011,-3.01599e+009
-1.49496e+011,-5.5886e+009
-1.49377e+011,-8.15955e+009
-1.49215e+011,-1.07281e+010
-1.49008e+011,-1.32935e+010
-1.48757e+011,-1.58549e+010
-1.48463e+011,-1.84116e+010
-1.48124e+011,-2.09629e+010
-1.47741e+011,-2.3508e+010
-1.47315e+011,-2.60461e+010
-1.46845e+011,-2.85765e+010
-1.46332e+011,-3.10985e+010
-1.45775e+011,-3.36112e+010
-1.45176e+011,-3.6114e+010
-1.44533e+011,-3.86062e+010
-1.43847e+011,-4.10869e+010
-1.43119e+011,-4.35554e+010
-1.42349e+011,-4.6011e+010
-1.41536e+011,-4.8453e+010
-1.40682e+011,-5.08807e+010
-1.39785e+011,-5.32934e+010
-1.38848e+011,-5.56902e+010
-1.37869e+011,-5.80706e+010
-1.3685e+011,-6.04337e+010
-1.3579e+011,-6.2779e+010
-1.3469e+011,-6.51058e+010
-1.3355e+011,-6.74132e+010
-1.32371e+011,-6.97007e+010
-1.31152e+011,-7.19676e+010
-1.29894e+011,-7.42131e+010
-1.28599e+011,-7.64367e+010
-1.27265e+011,-7.86377e+010
-1.25893e+011,-8.08154e+010
-1.24484e+011,-8.29692e+010
-1.23038e+011,-8.50984e+010
-1.21556e+011,-8.72024e+010
-1.20038e+011,-8.92807e+010
-1.18484e+011,-9.13325e+010
-1.16896e+011,-9.33573e+010
-1.15272e+011,-9.53544e+010
-1.13615e+011,-9.73233e+010
-1.11924e+011,-9.92634e+010
-1.102e+011,-1.01174e+011
-1.08443e+011,-1.03055e+011
-1.06654e+011,-1.04905e+011
-1.04833e+011,-1.06725e+011
-1.02982e+011,-1.08512e+011
-1.011e+011,-1.10268e+011
-9.9188e+010,-1.11991e+011
-9.72467e+010,-1.1368e+011
-9.52767e+010,-1.15337e+011
-9.32784e+010,-1.16959e+011
-9.12526e+010,-1.18546e+011
-8.91997e+010,-1.20098e+011
-8.71205e+010,-1.21615e+011
-8.50155e+010,-1.23096e+011
-8.28852e+010,-1.2454e+011
-8.07305e+010,-1.25947e+011
-7.85519e+010,-1.27318e+011
-7.635e+010,-1.2865e+011
-7.41255e+010,-1.29944e+011
-7.18791e+010,-1.312e+011
-6.96115e+010,-1.32418e+011
-6.73232e+010,-1.33595e+011
-6.5015e+010,-1.34734e+011
-6.26875e+010,-1.35832e+011
-6.03415e+010,-1.36891e+011
-5.79776e+010,-1.37909e+011
-5.55966e+010,-1.38885e+011
-5.31991e+010,-1.39821e+011
-5.07859e+010,-1.40716e+011
-4.83576e+010,-1.41569e+011
-4.59151e+010,-1.4238e+011
-4.34589e+010,-1.43148e+011
-4.09899e+010,-1.43875e+011
-3.85087e+010,-1.44559e+011
-3.60162e+010,-1.452e+011
-3.3513e+010,-1.45798e+011
-3.09998e+010,-1.46353e+011
-2.84775e+010,-1.46865e+011
-2.59468e+010,-1.47333e+011
-2.34084e+010,-1.47757e+011
-2.08631e+010,-1.48138e+011
-1.83115e+010,-1.48475e+011
-1.57546e+010,-1.48768e+011
-1.3193e+010,-1.49017e+011
-1.06275e+010,-1.49222e+011
-8.05886e+009,-1.49383e+011
-5.48783e+009,-1.49499e+011
-2.91517e+009,-1.49572e+011
-3.41655e+008,-1.496e+011
2.23196e+009,-1.49583e+011
4.80492e+009,-1.49523e+011
7.37646e+009,-1.49418e+011
9.94582e+009,-1.49269e+011
1.25122e+010,-1.49076e+011
1.50749e+010,-1.48839e+011
1.76332e+010,-1.48557e+011
2.01862e+010,-1.48232e+011
2.27333e+010,-1.47863e+011
2.52736e+010,-1.4745e+011
2.78064e+010,-1.46993e+011
3.0331e+010,-1.46493e+011
3.28467e+010,-1.45949e+011
3.53526e+010,-1.45363e+011
3.7848e+010,-1.44733e+011
4.03323e+010,-1.44061e+011
4.28046e+010,-1.43345e+011
4.52643e+010,-1.42588e+011
4.77105e+010,-1.41788e+011
5.01426e+010,-1.40946e+011
5.25599e+010,-1.40063e+011
5.49616e+010,-1.39138e+011
5.73471e+010,-1.38172e+011
5.97156e+010,-1.37165e+011
6.20664e+010,-1.36117e+011
6.43989e+010,-1.35029e+011
6.67123e+010,-1.33902e+011
6.90059e+010,-1.32734e+011
7.12791e+010,-1.31527e+011
7.35312e+010,-1.30282e+011
7.57616e+010,-1.28997e+011
7.79695e+010,-1.27675e+011
8.01544e+010,-1.26315e+011
8.23155e+010,-1.24917e+011
8.44523e+010,-1.23483e+011
8.65641e+010,-1.22012e+011
8.86503e+010,-1.20504e+011
9.07102e+010,-1.18961e+011
9.27433e+010,-1.17383e+011
9.47489e+010,-1.15771e+011
9.67265e+010,-1.14123e+011
9.86754e+010,-1.12443e+011
1.00595e+011,-1.10728e+011
1.02485e+011,-1.08981e+011
1.04345e+011,-1.07202e+011
1.06174e+011,-1.05391e+011
1.07971e+011,-1.03549e+011
1.09736e+011,-1.01676e+011
1.11469e+011,-9.97736e+010
1.13169e+011,-9.78413e+010
1.14836e+011,-9.58799e+010
1.16468e+011,-9.38902e+010
1.18066e+011,-9.18727e+010
1.19629e+011,-8.9828e+010
1.21157e+011,-8.77568e+010
1.22648e+011,-8.56595e+010
1.24104e+011,-8.35369e+010
1.25522e+011,-8.13896e+010
1.26904e+011,-7.92182e+010
1.28248e+011,-7.70233e+010
1.29554e+011,-7.48056e+010
1.30822e+011,-7.25659e+010
1.32051e+011,-7.03046e+010
1.33241e+011,-6.80225e+010
1.34391e+011,-6.57203e+010
1.35502e+011,-6.33986e+010
1.36573e+011,-6.10582e+010
1.37603e+011,-5.86997e+010
1.38592e+011,-5.63238e+010
1.39541e+011,-5.39313e+010
1.40448e+011,-5.15228e+010
1.41313e+011,-4.9099e+010
1.42137e+011,-4.66607e+010
1.42919e+011,-4.42086e+010
1.43658e+011,-4.17435e+010
1.44355e+011,-3.92659e+010
1.45009e+011,-3.67768e+010
1.4562e+011,-3.42767e+010
1.46188e+011,-3.17665e+010
1.46713e+011,-2.9247e+010
1.47195e+011,-2.67187e+010
1.47633e+011,-2.41826e+010
1.48027e+011,-2.16393e+010
1.48377e+011,-1.90895e+010
1.48683e+011,-1.65342e+010
1.48946e+011,-1.39739e+010
1.49164e+011,-1.14095e+010
1.49338e+011,-8.84176e+009
1.49468e+011,-6.27138e+009
1.49554e+011,-3.69913e+009
1.49596e+011,-1.1258e+009
1.49593e+011,1.44787e+009
1.49546e+011,4.02111e+009
1.49455e+011,6.59317e+009
1.49319e+011,9.16327e+009
1.49139e+011,1.17307e+010
1.48915e+011,1.42946e+010
1.48648e+011,1.68543e+010
1.48336e+011,1.9409e+010
1.4798e+011,2.19579e+010
1.4758e+011,2.45004e+010
1.47137e+011,2.70356e+010
1.4665e+011,2.95628e+010
1.4612e+011,3.20812e+010
1.45546e+011,3.45902e+010
1.4493e+011,3.70889e+010
1.4427e+011,3.95766e+010
1.43568e+011,4.20527e+010
1.42823e+011,4.45162e+010
1.42036e+011,4.69666e+010
1.41207e+011,4.94032e+010
1.40336e+011,5.1825e+010
1.39424e+011,5.42316e+010
1.38471e+011,5.66221e+010
1.37476e+011,5.89958e+010
1.36441e+011,6.13521e+010
1.35365e+011,6.36902e+010
1.34249e+011,6.60095e+010
1.33094e+011,6.83092e+010
1.31899e+011,7.05887e+010
1.30665e+011,7.28473e+010
1.29393e+011,7.50844e+010
1.28082e+011,7.72992e+010
1.26733e+011,7.94912e+010
1.25347e+011,8.16596e+010
1.23924e+011,8.38039e+010
1.22464e+011,8.59234e+010
1.20967e+011,8.80174e+010
1.19435e+011,9.00854e+010
1.17868e+011,9.21267e+010
1.16266e+011,9.41408e+010
1.14629e+011,9.61269e+010
1.12958e+011,9.80847e+010
1.11254e+011,1.00013e+011
1.09517e+011,1.01913e+011
1.07748e+011,1.03781e+011
1.05946e+011,1.0562e+011
1.04114e+011,1.07427e+011
1.0225e+011,1.09202e+011
1.00357e+011,1.10945e+011
9.84331e+010,1.12655e+011
9.64805e+010,1.14331e+011
9.44994e+010,1.15974e+011
9.24903e+010,1.17583e+011
9.04538e+010,1.19156e+011
8.83906e+010,1.20695e+011
8.63012e+010,1.22198e+011
8.41863e+010,1.23664e+011
8.20464e+010,1.25094e+011
7.98823e+010,1.26487e+011
7.76945e+010,1.27843e+011
7.54837e+010,1.2916e+011
7.32506e+010,1.3044e+011
7.09958e+010,1.31681e+011
6.872e+010,1.32882e+011
6.64238e+010,1.34045e+011
6.4108e+010,1.35168e+011
6.17732e+010,1.36251e+011
5.94201e+010,1.37293e+011
5.70495e+010,1.38295e+011
5.4662e+010,1.39256e+011
5.22582e+010,1.40176e+011
4.98391e+010,1.41054e+011
4.74051e+010,1.41891e+011
4.49572e+010,1.42685e+011
4.24959e+010,1.43437e+011
4.0022e+010,1.44147e+011
3.75363e+010,1.44814e+011
3.50395e+010,1.45439e+011
3.25324e+010,1.4602e+011
3.00156e+010,1.46558e+011
2.74899e+010,1.47053e+011
2.49561e+010,1.47504e+011
2.24149e+010,1.47911e+011
1.9867e+010,1.48275e+011
1.73133e+010,1.48595e+011
1.47544e+010,1.48871e+011
1.21912e+010,1.49102e+011
9.62442e+009,1.4929e+011
7.05475e+009,1.49434e+011
4.48299e+009,1.49533e+011
1.90991e+009,1.49588e+011
-6.63741e+008,1.49599e+011
-3.23719e+009,1.49565e+011
-5.80969e+009,1.49487e+011
-8.38046e+009,1.49365e+011
-1.09488e+010,1.49199e+011
-1.35138e+010,1.48988e+011
-1.60749e+010,1.48734e+011
-1.86312e+010,1.48435e+011
-2.11819e+010,1.48093e+011
-2.37265e+010,1.47707e+011
-2.6264e+010,1.47276e+011
-2.87937e+010,1.46803e+011
-3.13149e+010,1.46286e+011
-3.38268e+010,1.45725e+011
-3.63287e+010,1.45122e+011
-3.88199e+010,1.44476e+011
-4.12995e+010,1.43786e+011
-4.3767e+010,1.43055e+011
-4.62215e+010,1.4228e+011
-4.86623e+010,1.41464e+011
-5.10887e+010,1.40606e+011
-5.35e+010,1.39707e+011
-5.58955e+010,1.38765e+011
-5.82744e+010,1.37783e+011
-6.06361e+010,1.3676e+011
-6.29798e+010,1.35697e+011
-6.53049e+010,1.34594e+011
-6.76106e+010,1.3345e+011
-6.98964e+010,1.32267e+011
-7.21614e+010,1.31045e+011
-7.44051e+010,1.29785e+011
-7.66268e+010,1.28485e+011
-7.88258e+010,1.27148e+011
-8.10015e+010,1.25773e+011
-8.31532e+010,1.24361e+011
-8.52803e+010,1.22912e+011
-8.73821e+010,1.21427e+011
-8.94581e+010,1.19906e+011
-9.15076e+010,1.18349e+011
-9.353e+010,1.16757e+011
-9.55248e+010,1.15131e+011
-9.74913e+010,1.13471e+011
-9.94289e+010,1.11777e+011
-1.01337e+011,1.1005e+011
-1.03215e+011,1.0829e+011
-1.05063e+011,1.06499e+011
-1.06879e+011,1.04675e+011
-1.08664e+011,1.02821e+011
-1.10417e+011,1.00937e+011
-1.12137e+011,9.90222e+010
-1.13824e+011,9.70785e+010
-1.15477e+011,9.5106e+010
-1.17096e+011,9.31054e+010
-1.18681e+011,9.10772e+010
-1.2023e+011,8.9022e+010
-1.21744e+011,8.69405e+010
-1.23221e+011,8.48333e+010
-1.24662e+011,8.2701e+010
-1.26067e+011,8.05442e+010
-1.27434e+011,7.83635e+010
-1.28763e+011,7.61597e+010
-1.30054e+011,7.39333e+010
-1.31307e+011,7.1685e+010
-1.3252e+011,6.94155e+010
-1.33695e+011,6.71255e+010
-1.3483e+011,6.48156e+010
-1.35925e+011,6.24865e+010
-1.3698e+011,6.0139e+010
-1.37994e+011,5.77736e+010
-1.38968e+011,5.53911e+010
-1.399e+011,5.29923e+010
-1.40791e+011,5.05777e+010
-1.4164e+011,4.81482e+010
-1.42447e+011,4.57044e+010
-1.43213e+011,4.32471e+010
-1.43935e+011,4.07771e+010
-1.44616e+011,3.82949e+010
-1.45253e+011,3.58014e+010
-1.45847e+011,3.32973e+010
-1.46399e+011,3.07834e+010
-1.46906e+011,2.82603e+010
-1.47371e+011,2.57289e+010
-1.47792e+011,2.31898e+010
-1.48169e+011,2.06439e+010
-1.48502e+011,1.80919e+010
-1.48791e+011,1.55346e+010
-1.49036e+011,1.29726e+010
-1.49238e+011,1.04068e+010
-1.49395e+011,7.83793e+009
-1.49507e+011,5.26673e+009
-1.49576e+011,2.69397e+009
-1.496e+011,1.20408e+008
-1.4958e+011,-2.45319e+009
-1.49516e+011,-5.02605e+009
-1.49407e+011,-7.59743e+009
-1.49254e+011,-1.01666e+010
-1.49057e+011,-1.27327e+010
-1.48816e+011,-1.5295e+010
-1.48531e+011,-1.78529e+010
-1.48202e+011,-2.04054e+010
-1.47829e+011,-2.29519e+010
-1.47412e+011,-2.54916e+010
-1.46952e+011,-2.80238e+010
-1.46448e+011,-3.05477e+010
-1.45901e+011,-3.30625e+010
-1.4531e+011,-3.55675e+010
-1.44677e+011,-3.80621e+010
-1.44001e+011,-4.05453e+010
-1.43282e+011,-4.30166e+010
-1.42521e+011,-4.54751e+010
-1.41717e+011,-4.79201e+010
-1.40872e+011,-5.0351e+010
-1.39985e+011,-5.2767e+010
-1.39057e+011,-5.51674e+010
-1.38087e+011,-5.75514e+010
-1.37076e+011,-5.99184e+010
-1.36025e+011,-6.22677e+010
-1.34934e+011,-6.45985e+010
-1.33803e+011,-6.69102e+010
-1.32632e+011,-6.92021e+010
-1.31422e+011,-7.14736e+010
-1.30173e+011,-7.37238e+010
-1.28885e+011,-7.59523e+010
-1.2756e+011,-7.81583e+010
-1.26196e+011,-8.03411e+010
-1.24795e+011,-8.25002e+010
-1.23358e+011,-8.46348e+010
-1.21883e+011,-8.67444e+010
-1.20373e+011,-8.88284e+010
-1.18827e+011,-9.0886e+010
-1.17246e+011,-9.29168e+010
-1.1563e+011,-9.492e+010
-1.1398e+011,-9.68951e+010
-1.12296e+011,-9.88416e+010
-1.10579e+011,-1.00759e+011
-1.0883e+011,-1.02646e+011
-1.07048e+011,-1.04503e+011
-1.05234e+011,-1.06329e+011
-1.03389e+011,-1.08124e+011
-1.01514e+011,-1.09887e+011
-9.96087e+010,-1.11617e+011
-9.76738e+010,-1.13314e+011
-9.571e+010,-1.14977e+011
-9.37179e+010,-1.16607e+011
-9.1698e+010,-1.18202e+011
-8.9651e+010,-1.19762e+011
-8.75775e+010,-1.21286e+011
-8.5478e+010,-1.22775e+011
-8.33533e+010,-1.24227e+011
-8.12038e+010,-1.25643e+011
-7.90304e+010,-1.27021e+011
-7.68336e+010,-1.28362e+011
-7.4614e+010,-1.29665e+011
-7.23723e+010,-1.30929e+011
-7.01092e+010,-1.32155e+011
-6.78254e+010,-1.33341e+011
-6.55215e+010,-1.34488e+011
-6.31982e+010,-1.35596e+011
-6.08561e+010,-1.36663e+011
-5.84961e+010,-1.37689e+011
-5.61188e+010,-1.38675e+011
-5.37248e+010,-1.3962e+011
-5.1315e+010,-1.40524e+011
-4.889e+010,-1.41386e+011
-4.64505e+010,-1.42206e+011
-4.39972e+010,-1.42984e+011
-4.1531e+010,-1.4372e+011
-3.90524e+010,-1.44413e+011
-3.65623e+010,-1.45063e+011
-3.40613e+010,-1.45671e+011
-3.15503e+010,-1.46235e+011
-2.90299e+010,-1.46756e+011
-2.6501e+010,-1.47234e+011
-2.39642e+010,-1.47668e+011
-2.14203e+010,-1.48059e+011
-1.88701e+010,-1.48405e+011
-1.63143e+010,-1.48708e+011
-1.37536e+010,-1.48966e+011
-1.11889e+010,-1.49181e+011
-8.62089e+009,-1.49351e+011
-6.05031e+009,-1.49478e+011
-3.47795e+009,-1.4956e+011
-9.04553e+008,-1.49597e+011
1.66911e+009,-1.49591e+011
4.24228e+009,-1.4954e+011
6.81419e+009,-1.49445e+011
9.38409e+009,-1.49305e+011
1.19512e+010,-1.49122e+011
1.45148e+010,-1.48894e+011
1.70741e+010,-1.48622e+011
1.96283e+010,-1.48307e+011
2.21767e+010,-1.47947e+011
2.47186e+010,-1.47544e+011
2.72531e+010,-1.47097e+011
2.97796e+010,-1.46606e+011
3.22973e+010,-1.46072e+011
3.48054e+010,-1.45495e+011
3.73032e+010,-1.44875e+011
3.979e+010,-1.44211e+011
4.22649e+010,-1.43506e+011
4.47274e+010,-1.42757e+011
4.71767e+010,-1.41967e+011
4.96119e+010,-1.41134e+011
5.20325e+010,-1.4026e+011
5.44377e+010,-1.39344e+011
5.68268e+010,-1.38387e+011
5.91991e+010,-1.37389e+011
6.15538e+010,-1.3635e+011
6.38903e+010,-1.35271e+011
6.62079e+010,-1.34152e+011
6.8506e+010,-1.32993e+011
7.07837e+010,-1.31795e+011
7.30405e+010,-1.30557e+011
7.52757e+010,-1.29282e+011
7.74886e+010,-1.27967e+011
7.96785e+010,-1.26616e+011
8.18449e+010,-1.25226e+011
8.39871e+010,-1.238e+011
8.61044e+010,-1.22336e+011
8.81962e+010,-1.20837e+011
9.02619e+010,-1.19302e+011
9.23009e+010,-1.17731e+011
9.43126e+010,-1.16126e+011
9.62964e+010,-1.14487e+011
9.82516e+010,-1.12813e+011
1.00178e+011,-1.11106e+011
1.02074e+011,-1.09366e+011
1.03941e+011,-1.07594e+011
1.05776e+011,-1.0579e+011
1.07581e+011,-1.03955e+011
1.09353e+011,-1.02089e+011
1.11093e+011,-1.00192e+011
1.128e+011,-9.82664e+010
1.14474e+011,-9.63113e+010
1.16114e+011,-9.43278e+010
1.17719e+011,-9.23163e+010
1.1929e+011,-9.02775e+010
1.20825e+011,-8.8212e+010
1.22325e+011,-8.61204e+010
1.23789e+011,-8.40033e+010
1.25215e+011,-8.18613e+010
1.26605e+011,-7.96951e+010
1.27957e+011,-7.75053e+010
1.29272e+011,-7.52926e+010
1.30548e+011,-7.30576e+010
1.31785e+011,-7.0801e+010
1.32984e+011,-6.85234e+010
1.34143e+011,-6.62255e+010
1.35262e+011,-6.3908e+010
1.36342e+011,-6.15716e+010
1.37381e+011,-5.9217e+010
1.38379e+011,-5.68449e+010
1.39337e+011,-5.44559e+010
1.40253e+011,-5.20509e+010
1.41128e+011,-4.96304e+010
1.4196e+011,-4.71952e+010
1.42751e+011,-4.47461e+010
1.435e+011,-4.22837e+010
1.44206e+011,-3.98088e+010
1.4487e+011,-3.73221e+010
1.4549e+011,-3.48244e+010
1.46068e+011,-3.23164e+010
1.46602e+011,-2.97988e+010
1.47093e+011,-2.72724e+010
1.4754e+011,-2.47379e+010
1.47944e+011,-2.21961e+010
1.48304e+011,-1.96477e+010
1.4862e+011,-1.70935e+010
1.48892e+011,-1.45343e+010
1.4912e+011,-1.19707e+010
1.49304e+011,-9.40362e+009
1.49444e+011,-6.83374e+009
1.49539e+011,-4.26184e+009
1.4959e+011,-1.68867e+009
1.49597e+011,8.84987e+008
1.4956e+011,3.45839e+009
1.49478e+011,6.03076e+009
1.49353e+011,8.60136e+009
1.49182e+011,1.11694e+010
1.48968e+011,1.37341e+010
1.4871e+011,1.62948e+010
1.48408e+011,1.88507e+010
1.48061e+011,2.14009e+010
1.47671e+011,2.39449e+010
1.47237e+011,2.64817e+010
1.4676e+011,2.90107e+010
1.46239e+011,3.15312e+010
1.45675e+011,3.40423e+010
1.45068e+011,3.65433e+010
1.44418e+011,3.90335e+010
1.43725e+011,4.15122e+010
1.4299e+011,4.39785e+010
1.42212e+011,4.64319e+010
1.41392e+011,4.88715e+010
1.4053e+011,5.12966e+010
1.39627e+011,5.37066e+010
1.38683e+011,5.61007e+010
1.37697e+011,5.84781e+010
1.36671e+011,6.08383e+010
1.35604e+011,6.31804e+010
1.34497e+011,6.55039e+010
1.3335e+011,6.78079e+010
1.32164e+011,7.00919e+010
1.30938e+011,7.23552e+010
1.29674e+011,7.4597e+010
1.28372e+011,7.68168e+010
1.27031e+011,7.90138e+010
1.25653e+011,8.11874e+010
1.24238e+011,8.3337e+010
1.22786e+011,8.5462e+010
1.21298e+011,8.75616e+010
1.19773e+011,8.96353e+010
1.18214e+011,9.16825e+010
1.16619e+011,9.37026e+010
1.1499e+011,9.56949e+010
1.13326e+011,9.7659e+010
1.1163e+011,9.95941e+010
1.099e+011,1.015e+011
1.08137e+011,1.03375e+011
1.06343e+011,1.0522e+011
1.04517e+011,1.07034e+011
1.0266e+011,1.08816e+011
1.00773e+011,1.10566e+011
9.88563e+010,1.12284e+011
9.691e+010,1.13968e+011
9.49351e+010,1.15618e+011
9.29321e+010,1.17234e+011
9.09016e+010,1.18815e+011
8.88441e+010,1.20361e+011
8.67604e+010,1.21872e+011
8.4651e+010,1.23347e+011
8.25165e+010,1.24785e+011
8.03576e+010,1.26186e+011
7.8175e+010,1.27549e+011
7.59692e+010,1.28875e+011
7.37409e+010,1.30163e+011
7.14907e+010,1.31412e+011
6.92195e+010,1.32623e+011
6.69277e+010,1.33794e+011
6.46161e+010,1.34926e+011
6.22855e+010,1.36017e+011
5.99363e+010,1.37069e+011
5.75695e+010,1.38079e+011
5.51855e+010,1.39049e+011
5.27853e+010,1.39978e+011
5.03694e+010,1.40865e+011
4.79387e+010,1.41711e+011
4.54937e+010,1.42515e+011
4.30353e+010,1.43276e+011
4.05641e+010,1.43996e+011
3.8081e+010,1.44672e+011
3.55865e+010,1.45306e+011
3.30816e+010,1.45896e+011
3.05668e+010,1.46444e+011
2.8043e+010,1.46948e+011
2.55109e+010,1.47409e+011
2.29712e+010,1.47826e+011
2.04248e+010,1.48199e+011
1.78723e+010,1.48529e+011
1.53145e+010,1.48814e+011
1.27522e+010,1.49055e+011
1.01861e+010,1.49253e+011
7.61697e+009,1.49406e+011
5.04561e+009,1.49515e+011
2.47275e+009,1.4958e+011
-1.0084e+008,1.496e+011
-2.6744e+009,1.49576e+011
-5.24717e+009,1.49508e+011
-7.81839e+009,1.49396e+011
-1.03873e+010,1.49239e+011
-1.29531e+010,1.49038e+011
-1.55151e+010,1.48793e+011
-1.80725e+010,1.48504e+011
-2.06246e+010,1.48171e+011
-2.31705e+010,1.47795e+011
-2.57096e+010,1.47374e+011
-2.82411e+010,1.4691e+011
-3.07642e+010,1.46403e+011
-3.32782e+010,1.45852e+011
-3.57824e+010,1.45258e+011
-3.8276e+010,1.44621e+011
-4.07582e+010,1.43941e+011
-4.32284e+010,1.43218e+011
-4.56858e+010,1.42453e+011
-4.81297e+010,1.41646e+011
-5.05593e+010,1.40797e+011
-5.2974e+010,1.39907e+011
-5.5373e+010,1.38975e+011
-5.77556e+010,1.38002e+011
-6.01211e+010,1.36988e+011
-6.24688e+010,1.35933e+011
-6.4798e+010,1.34838e+011
-6.7108e+010,1.33704e+011
-6.93982e+010,1.32529e+011
-7.16678e+010,1.31316e+011
-7.39163e+010,1.30064e+011
-7.61428e+010,1.28773e+011
-7.83468e+010,1.27444e+011
-8.05277e+010,1.26077e+011
-8.26847e+010,1.24673e+011
-8.48172e+010,1.23232e+011
-8.69246e+010,1.21755e+011
-8.90063e+010,1.20242e+011
-9.10617e+010,1.18693e+011
-9.30901e+010,1.17109e+011
-9.50909e+010,1.1549e+011
-9.70636e+010,1.13837e+011
-9.90076e+010,1.1215e+011
-1.00922e+011,1.1043e+011
-1.02807e+011,1.08678e+011
-1.04661e+011,1.06893e+011
-1.06485e+011,1.05077e+011
-1.08277e+011,1.03229e+011
-1.10037e+011,1.01351e+011
-1.11764e+011,9.94435e+010
-1.13458e+011,9.75061e+010
-1.15119e+011,9.55398e+010
-1.16745e+011,9.35453e+010
-1.18337e+011,9.15231e+010
-1.19894e+011,8.94738e+010
-1.21416e+011,8.7398e+010
-1.22901e+011,8.52964e+010
-1.2435e+011,8.31695e+010
-1.25763e+011,8.10179e+010
-1.27138e+011,7.88425e+010
-1.28475e+011,7.66436e+010
-1.29775e+011,7.44221e+010
-1.31036e+011,7.21786e+010
-1.32258e+011,6.99137e+010
-1.33441e+011,6.76281e+010
-1.34585e+011,6.53225e+010
-1.35689e+011,6.29975e+010
-1.36753e+011,6.0654e+010
-1.37776e+011,5.82924e+010
-1.38758e+011,5.59136e+010
-1.397e+011,5.35183e+010
-1.406e+011,5.11071e+010
-1.41458e+011,4.86808e+010
-1.42274e+011,4.62401e+010
-1.43049e+011,4.37857e+010
-1.43781e+011,4.13184e+010
-1.4447e+011,3.88388e+010
-1.45117e+011,3.63477e+010
-1.45721e+011,3.38459e+010
-1.46282e+011,3.1334e+010
-1.46799e+011,2.88129e+010
-1.47273e+011,2.62832e+010
-1.47703e+011,2.37458e+010
-1.4809e+011,2.12013e+010
-1.48433e+011,1.86506e+010
-1.48732e+011,1.60943e+010
-1.48987e+011,1.35333e+010
-1.49197e+011,1.09683e+010
-1.49364e+011,8.4e+009
-1.49486e+011,5.82924e+009
-1.49565e+011,3.25676e+009
-1.49598e+011,6.83308e+008
-1.49588e+011,-1.89034e+009
-1.49533e+011,-4.46343e+009
-1.49434e+011,-7.0352e+009
-1.49291e+011,-9.60489e+009
-1.49104e+011,-1.21717e+010
-1.48873e+011,-1.4735e+010
-1.48597e+011,-1.72939e+010
-1.48278e+011,-1.98476e+010
-1.47914e+011,-2.23955e+010
-1.47507e+011,-2.49368e+010
-1.47056e+011,-2.74707e+010
-1.46562e+011,-2.99964e+010
-1.46024e+011,-3.25133e+010
-1.45443e+011,-3.50205e+010
-1.44819e+011,-3.75174e+010
-1.44152e+011,-4.00032e+010
-1.43443e+011,-4.24771e+010
-1.42691e+011,-4.49385e+010
-1.41897e+011,-4.73866e+010
-1.41061e+011,-4.98206e+010
-1.40183e+011,-5.22399e+010
-1.39263e+011,-5.46437e+010
-1.38302e+011,-5.70314e+010
-1.37301e+011,-5.94022e+010
-1.36259e+011,-6.17554e+010
-1.35176e+011,-6.40903e+010
-1.34054e+011,-6.64063e+010
-1.32891e+011,-6.87026e+010
-1.3169e+011,-7.09786e+010
-1.30449e+011,-7.32335e+010
-1.2917e+011,-7.54668e+010
-1.27853e+011,-7.76778e+010
-1.26498e+011,-7.98657e+010
-1.25105e+011,-8.203e+010
-1.23675e+011,-8.41701e+010
-1.22209e+011,-8.62852e+010
-1.20706e+011,-8.83748e+010
-1.19168e+011,-9.04383e+010
-1.17595e+011,-9.24749e+010
-1.15987e+011,-9.44842e+010
-1.14344e+011,-9.64656e+010
-1.12668e+011,-9.84184e+010
-1.10958e+011,-1.00342e+011
-1.09215e+011,-1.02236e+011
-1.0744e+011,-1.041e+011
-1.05634e+011,-1.05933e+011
-1.03796e+011,-1.07734e+011
-1.01927e+011,-1.09504e+011
-1.00028e+011,-1.11241e+011
-9.80995e+010,-1.12945e+011
-9.61419e+010,-1.14616e+011
-9.4156e+010,-1.16253e+011
-9.21421e+010,-1.17856e+011
-9.0101e+010,-1.19423e+011
-8.80332e+010,-1.20956e+011
-8.59394e+010,-1.22452e+011
-8.38201e+010,-1.23913e+011
-8.1676e+010,-1.25336e+011
-7.95078e+010,-1.26723e+011
-7.7316e+010,-1.28072e+011
-7.51013e+010,-1.29383e+011
-7.28644e+010,-1.30656e+011
-7.0606e+010,-1.3189e+011
-6.83266e+010,-1.33085e+011
-6.6027e+010,-1.34241e+011
-6.37079e+010,-1.35357e+011
-6.13699e+010,-1.36433e+011
-5.90138e+010,-1.37468e+011
-5.66402e+010,-1.38463e+011
-5.42498e+010,-1.39417e+011
-5.18434e+010,-1.4033e+011
-4.94216e+010,-1.41201e+011
-4.69852e+010,-1.4203e+011
-4.45349e+010,-1.42817e+011
-4.20714e+010,-1.43562e+011
-3.95955e+010,-1.44265e+011
-3.71078e+010,-1.44925e+011
-3.46092e+010,-1.45542e+011
-3.21003e+010,-1.46115e+011
-2.95819e+010,-1.46646e+011
-2.70548e+010,-1.47133e+011
-2.45197e+010,-1.47577e+011
-2.19773e+010,-1.47977e+011
-1.94284e+010,-1.48333e+011
-1.68737e+010,-1.48645e+011
-1.4314e+010,-1.48914e+011
-1.17502e+010,-1.49138e+011
-9.18279e+009,-1.49318e+011
-6.61271e+009,-1.49454e+011
-4.04067e+009,-1.49545e+011
-1.46744e+009,-1.49593e+011
1.10623e+009,-1.49596e+011
3.67957e+009,-1.49555e+011
6.25183e+009,-1.49469e+011
8.82223e+009,-1.4934e+011
1.139e+010,-1.49166e+011
1.39544e+010,-1.48948e+011
1.65147e+010,-1.48686e+011
1.90701e+010,-1.4838e+011
2.16199e+010,-1.4803e+011
2.41633e+010,-1.47636e+011
2.66995e+010,-1.47198e+011
2.92278e+010,-1.46717e+011
3.17474e+010,-1.46193e+011
3.42577e+010,-1.45625e+011
3.67578e+010,-1.45014e+011
3.9247e+010,-1.4436e+011
4.17247e+010,-1.43664e+011
4.41899e+010,-1.42924e+011
4.66421e+010,-1.42143e+011
4.90805e+010,-1.4132e+011
5.15044e+010,-1.40454e+011
5.3913e+010,-1.39548e+011
5.63057e+010,-1.386e+011
5.86817e+010,-1.3761e+011
6.10403e+010,-1.36581e+011
6.33809e+010,-1.3551e+011
6.57027e+010,-1.344e+011
6.80051e+010,-1.3325e+011
7.02873e+010,-1.3206e+011
7.25487e+010,-1.30831e+011
7.47887e+010,-1.29564e+011
7.70065e+010,-1.28258e+011
7.92016e+010,-1.26914e+011
8.13732e+010,-1.25533e+011
8.35207e+010,-1.24115e+011
8.56435e+010,-1.2266e+011
8.77409e+010,-1.21168e+011
8.98124e+010,-1.19641e+011
9.18573e+010,-1.18078e+011
9.3875e+010,-1.1648e+011
9.58649e+010,-1.14848e+011
9.78265e+010,-1.13182e+011
9.97591e+010,-1.11482e+011
1.01662e+011,-1.0975e+011
1.03535e+011,-1.07984e+011
1.05377e+011,-1.06187e+011
1.07189e+011,-1.04359e+011
1.08968e+011,-1.02499e+011
1.10715e+011,-1.0061e+011
1.1243e+011,-9.86901e+010
1.14111e+011,-9.67414e+010
1.15758e+011,-9.4764e+010
1.17371e+011,-9.27586e+010
1.1895e+011,-9.07257e+010
1.20493e+011,-8.8666e+010
1.22e+011,-8.65801e+010
1.23472e+011,-8.44685e+010
1.24906e+011,-8.23319e+010
1.26304e+011,-8.01709e+010
1.27665e+011,-7.79862e+010
1.28988e+011,-7.57785e+010
1.30272e+011,-7.35483e+010
1.31518e+011,-7.12963e+010
1.32725e+011,-6.90233e+010
1.33893e+011,-6.67298e+010
1.35021e+011,-6.44165e+010
1.36109e+011,-6.20842e+010
1.37157e+011,-5.97335e+010
1.38164e+011,-5.73652e+010
1.39131e+011,-5.49798e+010
1.40056e+011,-5.25782e+010
1.4094e+011,-5.01611e+010
1.41782e+011,-4.7729e+010
1.42582e+011,-4.52829e+010
1.4334e+011,-4.28234e+010
1.44055e+011,-4.03511e+010
1.44728e+011,-3.7867e+010
1.45358e+011,-3.53716e+010
1.45945e+011,-3.28658e+010
1.46489e+011,-3.03502e+010
1.46989e+011,-2.78257e+010
1.47446e+011,-2.52929e+010
1.4786e+011,-2.27526e+010
1.48229e+011,-2.02056e+010
1.48555e+011,-1.76526e+010
1.48837e+011,-1.50944e+010
1.49074e+011,-1.25317e+010
1.49268e+011,-9.96534e+009
1.49417e+011,-7.396e+009
1.49522e+011,-4.82448e+009
1.49583e+011,-2.25153e+009
1.496e+011,3.22089e+008
1.49572e+011,2.89561e+009
1.495e+011,5.46828e+009
1.49384e+011,8.03932e+009
1.49223e+011,1.0608e+010
1.49019e+011,1.31735e+010
1.4877e+011,1.57351e+010
1.48477e+011,1.82921e+010
1.48141e+011,2.08437e+010
1.4776e+011,2.33891e+010
1.47336e+011,2.59275e+010
1.46868e+011,2.84583e+010
1.46357e+011,3.09807e+010
1.45802e+011,3.34939e+010
1.45205e+011,3.59972e+010
1.44564e+011,3.84898e+010
1.4388e+011,4.09711e+010
1.43154e+011,4.34402e+010
1.42386e+011,4.58964e+010
1.41575e+011,4.83391e+010
1.40723e+011,5.07675e+010
1.39828e+011,5.31808e+010
1.38893e+011,5.55784e+010
1.37916e+011,5.79596e+010
1.36899e+011,6.03236e+010
1.35841e+011,6.26697e+010
1.34742e+011,6.49973e+010
1.33604e+011,6.73057e+010
1.32427e+011,6.95941e+010
1.3121e+011,7.1862e+010
1.29954e+011,7.41085e+010
1.2866e+011,7.63332e+010
1.27328e+011,7.85352e+010
1.25958e+011,8.0714e+010
1.24551e+011,8.2869e+010
1.23107e+011,8.49994e+010
1.21626e+011,8.71046e+010
1.2011e+011,8.9184e+010
1.18558e+011,9.12371e+010
1.16971e+011,9.32631e+010
1.15349e+011,9.52616e+010
1.13693e+011,9.72319e+010
1.12004e+011,9.91733e+010
1.10281e+011,1.01085e+011
1.08526e+011,1.02968e+011
1.06738e+011,1.04819e+011
1.04919e+011,1.0664e+011
1.03069e+011,1.08429e+011
1.01189e+011,1.10186e+011
9.92781e+010,1.11911e+011
9.73382e+010,1.13602e+011
9.53695e+010,1.1526e+011
9.33725e+010,1.16883e+011
9.1348e+010,1.18472e+011
8.92964e+010,1.20026e+011
8.72183e+010,1.21545e+011
8.51145e+010,1.23027e+011
8.29855e+010,1.24473e+011
8.08319e+010,1.25882e+011
7.86543e+010,1.27254e+011
7.64535e+010,1.28589e+011
7.42301e+010,1.29885e+011
7.19847e+010,1.31143e+011
6.9718e+010,1.32361e+011
6.74307e+010,1.33541e+011
6.51234e+010,1.34681e+011
6.27968e+010,1.35782e+011
6.04516e+010,1.36842e+011
5.80886e+010,1.37862e+011
5.57084e+010,1.38841e+011
5.33116e+010,1.39779e+011
5.08991e+010,1.40675e+011
4.84716e+010,1.4153e+011
4.60296e+010,1.42343e+011
4.35741e+010,1.43113e+011
4.11057e+010,1.43842e+011
3.86251e+010,1.44528e+011
3.6133e+010,1.45171e+011
3.36303e+010,1.45771e+011
3.11176e+010,1.46328e+011
2.85957e+010,1.46842e+011
2.60654e+010,1.47312e+011
2.35273e+010,1.47738e+011
2.09823e+010,1.48121e+011
1.8431e+010,1.4846e+011
1.58743e+010,1.48755e+011
1.33129e+010,1.49006e+011
1.07476e+010,1.49213e+011
8.17909e+009,1.49376e+011
5.60815e+009,1.49495e+011
3.03556e+009,1.49569e+011
4.62062e+008,1.49599e+011
-2.11157e+009,1.49585e+011
-4.68458e+009,1.49527e+011
-7.2562e+009,1.49424e+011
-9.82567e+009,1.49277e+011
-1.23922e+010,1.49086e+011
-1.49551e+010,1.48851e+011
-1.75136e+010,1.48571e+011
-2.00669e+010,1.48248e+011
-2.26142e+010,1.47881e+011
-2.51549e+010,1.4747e+011
-2.76881e+010,1.47015e+011
-3.02131e+010,1.46517e+011
-3.27292e+010,1.45976e+011
-3.52356e+010,1.45391e+011
-3.77315e+010,1.44764e+011
-4.02163e+010,1.44093e+011
-4.26892e+010,1.4338e+011
-4.51495e+010,1.42624e+011
-4.75964e+010,1.41826e+011
-5.00292e+010,1.40987e+011
-5.24472e+010,1.40105e+011
-5.48496e+010,1.39182e+011
-5.72359e+010,1.38218e+011
-5.96052e+010,1.37213e+011
-6.19568e+010,1.36167e+011
-6.42902e+010,1.35081e+011
-6.66045e+010,1.33955e+011
-6.8899e+010,1.3279e+011
-7.11732e+010,1.31585e+011
-7.34264e+010,1.30341e+011
-7.56578e+010,1.29058e+011
-7.78668e+010,1.27738e+011
-8.00527e+010,1.26379e+011
-8.2215e+010,1.24983e+011
-8.43529e+010,1.23551e+011
-8.64659e+010,1.22081e+011
-8.85532e+010,1.20576e+011
-9.06144e+010,1.19034e+011
-9.26487e+010,1.17458e+011
-9.46557e+010,1.15847e+011
-9.66346e+010,1.14201e+011
-9.85849e+010,1.12522e+011
-1.00506e+011,1.10809e+011
-1.02397e+011,1.09064e+011
-1.04258e+011,1.07286e+011
-1.06089e+011,1.05477e+011
-1.07888e+011,1.03636e+011
-1.09654e+011,1.01765e+011
-1.11389e+011,9.98633e+010
-1.1309e+011,9.79323e+010
-1.14758e+011,9.59723e+010
-1.16392e+011,9.39839e+010
-1.17992e+011,9.19677e+010
-1.19557e+011,8.99243e+010
-1.21086e+011,8.78542e+010
-1.22579e+011,8.57582e+010
-1.24036e+011,8.36368e+010
-1.25457e+011,8.14906e+010
-1.2684e+011,7.93203e+010
-1.28186e+011,7.71265e+010
-1.29494e+011,7.49099e+010
-1.30763e+011,7.26711e+010
-1.31994e+011,7.04108e+010
-1.33186e+011,6.81297e+010
-1.34338e+011,6.58284e+010
-1.35451e+011,6.35077e+010
-1.36523e+011,6.11681e+010
-1.37555e+011,5.88104e+010
-1.38547e+011,5.64353e+010
-1.39497e+011,5.40436e+010
-1.40406e+011,5.16358e+010
-1.41274e+011,4.92127e+010
-1.42099e+011,4.67751e+010
-1.42883e+011,4.43237e+010
-1.43624e+011,4.18591e+010
-1.44323e+011,3.93821e+010
-1.44979e+011,3.68935e+010
-1.45593e+011,3.43939e+010
-1.46163e+011,3.18842e+010
-1.4669e+011,2.9365e+010
-1.47173e+011,2.68372e+010
-1.47613e+011,2.43014e+010
-1.48009e+011,2.17584e+010
-1.48362e+011,1.9209e+010
-1.4867e+011,1.66538e+010
-1.48935e+011,1.40938e+010
-1.49155e+011,1.15296e+010
-1.49331e+011,8.96195e+009
-1.49463e+011,6.39167e+009
-1.49551e+011,3.8195e+009
-1.49595e+011,1.2462e+009
-1.49594e+011,-1.32747e+009
-1.49549e+011,-3.90075e+009
-1.4946e+011,-6.47287e+009
-1.49326e+011,-9.04308e+009
-1.49149e+011,-1.16106e+010
-1.48927e+011,-1.41747e+010
-1.48661e+011,-1.67346e+010
-1.48351e+011,-1.92896e+010
-1.47997e+011,-2.18388e+010
-1.476e+011,-2.43816e+010
-1.47159e+011,-2.69171e+010
-1.46674e+011,-2.94447e+010
-1.46145e+011,-3.19636e+010
-1.45574e+011,-3.4473e+010
-1.44959e+011,-3.69722e+010
-1.44302e+011,-3.94605e+010
-1.43602e+011,-4.19371e+010
-1.42859e+011,-4.44013e+010
-1.42074e+011,-4.68523e+010
-1.41247e+011,-4.92895e+010
-1.40378e+011,-5.17121e+010
-1.39468e+011,-5.41193e+010
-1.38516e+011,-5.65106e+010
-1.37523e+011,-5.88851e+010
-1.3649e+011,-6.12423e+010
-1.35416e+011,-6.35812e+010
-1.34303e+011,-6.59014e+010
-1.33149e+011,-6.82021e+010
-1.31956e+011,-7.04825e+010
-1.30724e+011,-7.27422e+010
-1.29453e+011,-7.49802e+010
-1.28144e+011,-7.71961e+010
-1.26797e+011,-7.93892e+010
-1.25413e+011,-8.15587e+010
-1.23991e+011,-8.37041e+010
-1.22533e+011,-8.58248e+010
-1.21038e+011,-8.792e+010
-1.19508e+011,-8.99892e+010
-1.17942e+011,-9.20318e+010
-1.16341e+011,-9.40471e+010
-1.14706e+011,-9.60347e+010
-1.13037e+011,-9.79937e+010
-1.11335e+011,-9.99238e+010
-1.09599e+011,-1.01824e+011
-1.07831e+011,-1.03695e+011
-1.06031e+011,-1.05534e+011
-1.042e+011,-1.07343e+011
-1.02338e+011,-1.0912e+011
-1.00446e+011,-1.10864e+011
-9.85237e+010,-1.12575e+011
-9.65725e+010,-1.14254e+011
-9.45927e+010,-1.15898e+011
-9.25849e+010,-1.17508e+011
-9.05497e+010,-1.19084e+011
-8.84877e+010,-1.20624e+011
-8.63995e+010,-1.22128e+011
-8.42858e+010,-1.23596e+011
-8.21471e+010,-1.25028e+011
-7.9984e+010,-1.26423e+011
-7.77973e+010,-1.2778e+011
-7.55876e+010,-1.29099e+011
-7.33555e+010,-1.30381e+011
-7.11017e+010,-1.31623e+011
-6.88269e+010,-1.32827e+011
-6.65317e+010,-1.33991e+011
-6.42168e+010,-1.35116e+011
-6.18829e+010,-1.36201e+011
-5.95306e+010,-1.37245e+011
-5.71608e+010,-1.38249e+011
-5.4774e+010,-1.39212e+011
-5.2371e+010,-1.40134e+011
-4.99526e+010,-1.41014e+011
-4.75193e+010,-1.41852e+011
-4.5072e+010,-1.42649e+011
-4.26113e+010,-1.43403e+011
-4.0138e+010,-1.44115e+011
-3.76529e+010,-1.44784e+011
-3.51566e+010,-1.4541e+011
-3.26499e+010,-1.45994e+011
-3.01335e+010,-1.46534e+011
-2.76082e+010,-1.4703e+011
-2.50748e+010,-1.47484e+011
-2.25339e+010,-1.47893e+011
-1.99863e+010,-1.48259e+011
-1.74329e+010,-1.48581e+011
-1.48743e+010,-1.48859e+011
-1.23112e+010,-1.49093e+011
-9.74457e+009,-1.49282e+011
-7.17502e+009,-1.49428e+011
-4.60334e+009,-1.49529e+011
-2.0303e+009,-1.49586e+011
5.43337e+008,-1.49599e+011
3.11682e+009,-1.49568e+011
5.68937e+009,-1.49492e+011
8.26024e+009,-1.49372e+011
1.08287e+010,-1.49208e+011
1.33939e+010,-1.48999e+011
1.59552e+010,-1.48747e+011
1.85117e+010,-1.4845e+011
2.10627e+010,-1.4811e+011
2.36076e+010,-1.47726e+011
2.61454e+010,-1.47298e+011
2.86755e+010,-1.46826e+011
3.11971e+010,-1.46311e+011
3.37095e+010,-1.45753e+011
3.62119e+010,-1.45151e+011
3.87036e+010,-1.44507e+011
4.11838e+010,-1.4382e+011
4.36518e+010,-1.4309e+011
4.6107e+010,-1.42318e+011
4.85484e+010,-1.41503e+011
5.09755e+010,-1.40647e+011
5.33876e+010,-1.3975e+011
5.57838e+010,-1.3881e+011
5.81635e+010,-1.3783e+011
6.0526e+010,-1.36809e+011
6.28706e+010,-1.35748e+011
6.51965e+010,-1.34646e+011
6.75032e+010,-1.33505e+011
6.97899e+010,-1.32324e+011
7.20559e+010,-1.31103e+011
7.43007e+010,-1.29844e+011
7.65234e+010,-1.28547e+011
7.87235e+010,-1.27212e+011
8.09002e+010,-1.25838e+011
8.30531e+010,-1.24428e+011
8.51813e+010,-1.22981e+011
8.72844e+010,-1.21497e+011
8.93616e+010,-1.19978e+011
9.14123e+010,-1.18423e+011
9.3436e+010,-1.16833e+011
9.54321e+010,-1.15208e+011
9.73999e+010,-1.13549e+011
9.93389e+010,-1.11857e+011
1.01248e+011,-1.10131e+011
1.03128e+011,-1.08373e+011
1.04977e+011,-1.06583e+011
1.06795e+011,-1.04761e+011
1.08582e+011,-1.02909e+011
1.10336e+011,-1.01026e+011
1.12057e+011,-9.91125e+010
1.13746e+011,-9.71701e+010
1.15401e+011,-9.51989e+010
1.17021e+011,-9.31996e+010
1.18607e+011,-9.11727e+010
1.20158e+011,-8.91188e+010
1.21674e+011,-8.70385e+010
1.23153e+011,-8.49325e+010
1.24596e+011,-8.28013e+010
1.26002e+011,-8.06456e+010
1.2737e+011,-7.84661e+010
1.28701e+011,-7.62633e+010
1.29994e+011,-7.40379e+010
1.31249e+011,-7.17907e+010
1.32464e+011,-6.95222e+010
1.33641e+011,-6.72331e+010
1.34778e+011,-6.49241e+010
1.35875e+011,-6.25959e+010
1.36931e+011,-6.02492e+010
1.37948e+011,-5.78846e+010
1.38923e+011,-5.5503e+010
1.39857e+011,-5.31049e+010
1.4075e+011,-5.0691e+010
1.41601e+011,-4.82622e+010
1.42411e+011,-4.58191e+010
1.43178e+011,-4.33624e+010
1.43903e+011,-4.08929e+010
1.44585e+011,-3.84113e+010
1.45224e+011,-3.59183e+010
1.45821e+011,-3.34147e+010
1.46374e+011,-3.09012e+010
1.46884e+011,-2.83785e+010
1.4735e+011,-2.58475e+010
1.47773e+011,-2.33088e+010
1.48152e+011,-2.07632e+010
1.48487e+011,-1.82115e+010
1.48779e+011,-1.56543e+010
1.49026e+011,-1.30926e+010
1.49229e+011,-1.05269e+010
1.49388e+011,-7.95816e+009
1.49503e+011,-5.38705e+009
1.49574e+011,-2.81435e+009
1.496e+011,-2.40813e+008
1.49582e+011,2.3328e+009
1.4952e+011,4.90571e+009
1.49413e+011,7.47718e+009
1.49262e+011,1.00464e+010
1.49067e+011,1.26127e+010
1.48828e+011,1.51753e+010
1.48545e+011,1.77333e+010
1.48218e+011,2.02861e+010
1.47847e+011,2.28329e+010
1.47433e+011,2.5373e+010
1.46974e+011,2.79055e+010
1.46472e+011,3.04298e+010
1.45927e+011,3.29451e+010
1.45339e+011,3.54506e+010
1.44708e+011,3.79456e+010
1.44033e+011,4.04294e+010
1.43317e+011,4.29012e+010
1.42557e+011,4.53604e+010
1.41756e+011,4.78061e+010
1.40913e+011,5.02376e+010
1.40027e+011,5.26543e+010
1.39101e+011,5.50554e+010
1.38133e+011,5.74402e+010
1.37125e+011,5.9808e+010
1.36075e+011,6.21582e+010
1.34986e+011,6.44899e+010
1.33857e+011,6.68025e+010
1.32688e+011,6.90954e+010
1.31479e+011,7.13678e+010
1.30232e+011,7.3619e+010
1.28946e+011,7.58485e+010
1.27622e+011,7.80556e+010
1.26261e+011,8.02395e+010
1.24862e+011,8.23997e+010
1.23426e+011,8.45355e+010
1.21953e+011,8.66463e+010
1.20445e+011,8.87315e+010
1.189e+011,9.07903e+010
1.17321e+011,9.28224e+010
1.15707e+011,9.48269e+010
1.14058e+011,9.68034e+010
1.12376e+011,9.87512e+010
1.10661e+011,1.0067e+011
1.08912e+011,1.02559e+011
1.07132e+011,1.04417e+011
1.0532e+011,1.06245e+011
1.03476e+011,1.08041e+011
1.01602e+011,1.09805e+011
9.96985e+010,1.11536e+011
9.7765e+010,1.13235e+011
9.58025e+010,1.149e+011
9.38117e+010,1.16531e+011
9.17931e+010,1.18128e+011
8.97474e+010,1.19689e+011
8.76751e+010,1.21216e+011
8.55768e+010,1.22706e+011
8.34532e+010,1.2416e+011
8.13049e+010,1.25577e+011
7.91326e+010,1.26957e+011
7.69368e+010,1.283e+011
7.47183e+010,1.29605e+011
7.24777e+010,1.30871e+011
7.02156e+010,1.32098e+011
6.79327e+010,1.33287e+011
6.56297e+010,1.34436e+011
6.33073e+010,1.35545e+011
6.09661e+010,1.36614e+011
5.86069e+010,1.37642e+011
5.62304e+010,1.3863e+011
5.38372e+010,1.39577e+011
5.14281e+010,1.40482e+011
4.90038e+010,1.41346e+011
4.65649e+010,1.42168e+011
4.41123e+010,1.42948e+011
4.16466e+010,1.43686e+011
3.91686e+010,1.44381e+011
3.6679e+010,1.45034e+011
3.41786e+010,1.45643e+011
3.1668e+010,1.4621e+011
2.91481e+010,1.46733e+011
2.66195e+010,1.47213e+011
2.4083e+010,1.47649e+011
2.15395e+010,1.48041e+011
1.89895e+010,1.4839e+011
1.64339e+010,1.48695e+011
1.38735e+010,1.48955e+011
1.1309e+010,1.49172e+011
8.74109e+009,1.49344e+011
6.17062e+009,1.49473e+011
3.59832e+009,1.49557e+011
1.02496e+009,1.49596e+011
-1.54871e+009,1.49592e+011
-4.12192e+009,1.49543e+011
-6.69391e+009,1.4945e+011
-9.26392e+009,1.49313e+011
-1.18312e+010,1.49131e+011
-1.43949e+010,1.48906e+011
-1.69545e+010,1.48636e+011
-1.95089e+010,1.48322e+011
-2.20576e+010,1.47965e+011
-2.45998e+010,1.47564e+011
-2.71347e+010,1.47119e+011
-2.96616e+010,1.4663e+011
-3.21797e+010,1.46098e+011
-3.46883e+010,1.45523e+011
-3.71866e+010,1.44905e+011
-3.96739e+010,1.44243e+011
-4.21494e+010,1.43539e+011
-4.46125e+010,1.42793e+011
-4.70624e+010,1.42005e+011
-4.94983e+010,1.41174e+011
-5.19196e+010,1.40302e+011
-5.43256e+010,1.39388e+011
-5.67154e+010,1.38432e+011
-5.90885e+010,1.37436e+011
-6.1444e+010,1.36399e+011
-6.37814e+010,1.35322e+011
-6.61e+010,1.34205e+011
-6.83989e+010,1.33048e+011
-7.06776e+010,1.31852e+011
-7.29354e+010,1.30616e+011
-7.51716e+010,1.29342e+011
-7.73856e+010,1.2803e+011
-7.95766e+010,1.2668e+011
-8.17441e+010,1.25292e+011
-8.38874e+010,1.23867e+011
-8.60059e+010,1.22406e+011
-8.80989e+010,1.20908e+011
-9.01659e+010,1.19375e+011
-9.22061e+010,1.17806e+011
-9.42191e+010,1.16202e+011
-9.62042e+010,1.14564e+011
-9.81608e+010,1.12892e+011
-1.00088e+011,1.11187e+011
-1.01986e+011,1.09448e+011
-1.03854e+011,1.07678e+011
-1.05691e+011,1.05875e+011
-1.07497e+011,1.04041e+011
-1.09271e+011,1.02177e+011
-1.11012e+011,1.00282e+011
-1.12721e+011,9.83571e+010
-1.14396e+011,9.64034e+010
-1.16038e+011,9.44212e+010
-1.17645e+011,9.2411e+010
-1.19217e+011,9.03735e+010
-1.20754e+011,8.83092e+010
-1.22256e+011,8.62188e+010
-1.23721e+011,8.41029e+010
-1.25149e+011,8.19621e+010
-1.26541e+011,7.9797e+010
-1.27895e+011,7.76083e+010
-1.29211e+011,7.53966e+010
-1.30489e+011,7.31626e+010
-1.31728e+011,7.0907e+010
-1.32929e+011,6.86304e+010
-1.3409e+011,6.63334e+010
-1.35211e+011,6.40169e+010
-1.36292e+011,6.16814e+010
-1.37333e+011,5.93276e+010
-1.38333e+011,5.69563e+010
-1.39293e+011,5.45681e+010
-1.40211e+011,5.21637e+010
-1.41088e+011,4.9744e+010
-1.41922e+011,4.73095e+010
-1.42715e+011,4.4861e+010
-1.43466e+011,4.23992e+010
-1.44174e+011,3.99249e+010
-1.4484e+011,3.74387e+010
-1.45462e+011,3.49415e+010
-1.46042e+011,3.24339e+010
-1.46578e+011,2.99168e+010
-1.47071e+011,2.73908e+010
-1.47521e+011,2.48566e+010
-1.47926e+011,2.23151e+010
-1.48288e+011,1.97671e+010
-1.48606e+011,1.72131e+010
-1.48881e+011,1.46541e+010
-1.49111e+011,1.20907e+010
-1.49297e+011,9.52378e+009
-1.49438e+011,6.95402e+009
-1.49536e+011,4.38219e+009
-1.49589e+011,1.80907e+009
-1.49598e+011,-7.64584e+008
-1.49563e+011,-3.33801e+009
-1.49483e+011,-5.91045e+009
-1.49359e+011,-8.48115e+009
-1.49191e+011,-1.10493e+010
-1.48979e+011,-1.36142e+010
-1.48723e+011,-1.61751e+010
-1.48423e+011,-1.87312e+010
-1.48079e+011,-2.12818e+010
-1.4769e+011,-2.3826e+010
-1.47259e+011,-2.63632e+010
-1.46783e+011,-2.88926e+010
-1.46265e+011,-3.14135e+010
-1.45703e+011,-3.3925e+010
-1.45097e+011,-3.64265e+010
-1.44449e+011,-3.89173e+010
-1.43758e+011,-4.13965e+010
-1.43025e+011,-4.38634e+010
-1.42249e+011,-4.63174e+010
-1.41431e+011,-4.87577e+010
-1.40572e+011,-5.11835e+010
-1.3967e+011,-5.35942e+010
-1.38728e+011,-5.5989e+010
-1.37744e+011,-5.83673e+010
-1.3672e+011,-6.07282e+010
-1.35655e+011,-6.30713e+010
-1.3455e+011,-6.53956e+010
-1.33405e+011,-6.77006e+010
-1.3222e+011,-6.99855e+010
-1.30997e+011,-7.22498e+010
-1.29734e+011,-7.44926e+010
-1.28434e+011,-7.67134e+010
-1.27095e+011,-7.89115e+010
-1.25719e+011,-8.10863e+010
-1.24305e+011,-8.3237e+010
-1.22855e+011,-8.53631e+010
-1.21368e+011,-8.7464e+010
-1.19845e+011,-8.95389e+010
-1.18287e+011,-9.15874e+010
-1.16694e+011,-9.36087e+010
-1.15067e+011,-9.56024e+010
-1.13405e+011,-9.75677e+010
-1.1171e+011,-9.95042e+010
-1.09981e+011,-1.01411e+011
-1.08221e+011,-1.03288e+011
-1.06428e+011,-1.05135e+011
-1.04603e+011,-1.0695e+011
-1.02748e+011,-1.08734e+011
-1.00862e+011,-1.10485e+011
-9.89466e+010,-1.12204e+011
-9.70017e+010,-1.1389e+011
-9.50281e+010,-1.15541e+011
-9.30264e+010,-1.17159e+011
-9.09972e+010,-1.18742e+011
-8.8941e+010,-1.2029e+011
-8.68584e+010,-1.21802e+011
-8.47502e+010,-1.23278e+011
-8.26169e+010,-1.24718e+011
-8.04592e+010,-1.26121e+011
-7.82776e+010,-1.27486e+011
-7.60729e+010,-1.28814e+011
-7.38456e+010,-1.30104e+011
-7.15965e+010,-1.31355e+011
-6.93262e+010,-1.32567e+011
-6.70354e+010,-1.3374e+011
-6.47247e+010,-1.34874e+011
-6.23949e+010,-1.35967e+011
-6.00466e+010,-1.3702e+011
-5.76806e+010,-1.38033e+011
-5.52974e+010,-1.39005e+011
-5.2898e+010,-1.39936e+011
-5.04828e+010,-1.40825e+011
-4.80527e+010,-1.41672e+011
-4.56084e+010,-1.42478e+011
-4.31506e+010,-1.43242e+011
-4.068e+010,-1.43963e+011
-3.81974e+010,-1.44641e+011
-3.57035e+010,-1.45277e+011
-3.3199e+010,-1.4587e+011
-3.06847e+010,-1.46419e+011
-2.81613e+010,-1.46926e+011
-2.56295e+010,-1.47388e+011
-2.30902e+010,-1.47807e+011
-2.05441e+010,-1.48183e+011
-1.79918e+010,-1.48514e+011
-1.54343e+010,-1.48802e+011
-1.28721e+010,-1.49045e+011
-1.03062e+010,-1.49245e+011
-7.73722e+009,-1.494e+011
-5.16594e+009,-1.49511e+011
-2.59314e+009,-1.49578e+011
-1.95636e+007,-1.496e+011
2.55402e+009,-1.49578e+011
5.12684e+009,-1.49512e+011
7.69814e+009,-1.49402e+011
1.02672e+010,-1.49247e+011
1.28332e+010,-1.49049e+011
1.53954e+010,-1.48806e+011
1.7953e+010,-1.48519e+011
2.05053e+010,-1.48188e+011
2.30516e+010,-1.47813e+011
2.5591e+010,-1.47395e+011
2.81228e+010,-1.46933e+011
3.06464e+010,-1.46427e+011
3.31608e+010,-1.45878e+011
3.56655e+010,-1.45286e+011
3.81596e+010,-1.44651e+011
4.06424e+010,-1.43973e+011
4.31131e+010,-1.43253e+011
4.55711e+010,-1.4249e+011
4.80157e+010,-1.41685e+011
5.0446e+010,-1.40838e+011
5.28614e+010,-1.39949e+011
5.52611e+010,-1.39019e+011
5.76445e+010,-1.38048e+011
6.00108e+010,-1.37036e+011
6.23593e+010,-1.35983e+011
6.46894e+010,-1.3489e+011
6.70004e+010,-1.33758e+011
6.92915e+010,-1.32585e+011
7.15621e+010,-1.31374e+011
7.38116e+010,-1.30123e+011
7.60392e+010,-1.28834e+011
7.82442e+010,-1.27507e+011
8.04262e+010,-1.26142e+011
8.25843e+010,-1.2474e+011
8.4718e+010,-1.23301e+011
8.68266e+010,-1.21825e+011
8.89095e+010,-1.20313e+011
9.09661e+010,-1.18766e+011
9.29958e+010,-1.17183e+011
9.49979e+010,-1.15566e+011
9.6972e+010,-1.13915e+011
9.89173e+010,-1.1223e+011
1.00833e+011,-1.10512e+011
1.0272e+011,-1.08761e+011
1.04575e+011,-1.06977e+011
1.064e+011,-1.05162e+011
1.08194e+011,-1.03317e+011
1.09955e+011,-1.0144e+011
1.11684e+011,-9.95334e+010
1.1338e+011,-9.75974e+010
1.15042e+011,-9.56325e+010
1.1667e+011,-9.36392e+010
1.18263e+011,-9.16183e+010
1.19822e+011,-8.95703e+010
1.21345e+011,-8.74957e+010
1.22832e+011,-8.53952e+010
1.24283e+011,-8.32695e+010
1.25697e+011,-8.11191e+010
1.27074e+011,-7.89448e+010
1.28414e+011,-7.6747e+010
1.29715e+011,-7.45265e+010
1.30978e+011,-7.2284e+010
1.32202e+011,-7.00201e+010
1.33387e+011,-6.77355e+010
1.34532e+011,-6.54308e+010
1.35638e+011,-6.31067e+010
1.36704e+011,-6.0764e+010
1.37729e+011,-5.84033e+010
1.38713e+011,-5.60253e+010
1.39656e+011,-5.36307e+010
1.40558e+011,-5.12203e+010
1.41419e+011,-4.87947e+010
1.42237e+011,-4.63546e+010
1.43014e+011,-4.39008e+010
1.43748e+011,-4.14341e+010
1.44439e+011,-3.8955e+010
1.45088e+011,-3.64645e+010
1.45694e+011,-3.39631e+010
1.46256e+011,-3.14517e+010
1.46776e+011,-2.8931e+010
1.47252e+011,-2.64017e+010
1.47684e+011,-2.38646e+010
1.48073e+011,-2.13205e+010
1.48418e+011,-1.877e+010
1.48719e+011,-1.6214e+010
1.48976e+011,-1.36532e+010
1.49188e+011,-1.10883e+010
1.49357e+011,-8.52021e+009
1.49482e+011,-5.94955e+009
1.49562e+011,-3.37713e+009
1.49598e+011,-8.03711e+008
1.4959e+011,1.76995e+009
1.49537e+011,4.34308e+009
1.4944e+011,6.91493e+009
1.49299e+011,9.48473e+009
1.49114e+011,1.20517e+010
1.48884e+011,1.46152e+010
1.48611e+011,1.71743e+010
1.48293e+011,1.97283e+010
1.47932e+011,2.22765e+010
1.47527e+011,2.4818e+010
1.47078e+011,2.73523e+010
1.46586e+011,2.98784e+010
1.4605e+011,3.23957e+010
1.45471e+011,3.49035e+010
1.44849e+011,3.74008e+010
1.44185e+011,3.98872e+010
1.43477e+011,4.23617e+010
1.42727e+011,4.48236e+010
1.41935e+011,4.72723e+010
1.41101e+011,4.97071e+010
1.40225e+011,5.21271e+010
1.39307e+011,5.45316e+010
1.38348e+011,5.69201e+010
1.37349e+011,5.92917e+010
1.36308e+011,6.16457e+010
1.35228e+011,6.39815e+010
1.34107e+011,6.62984e+010
1.32947e+011,6.85956e+010
1.31747e+011,7.08725e+010
1.30508e+011,7.31285e+010
1.29231e+011,7.53628e+010
1.27915e+011,7.75748e+010
1.26562e+011,7.97639e+010
1.25171e+011,8.19293e+010
1.23743e+011,8.40705e+010
1.22278e+011,8.61868e+010
1.20778e+011,8.82776e+010
1.19241e+011,9.03423e+010
1.17669e+011,9.23803e+010
1.16063e+011,9.43909e+010
1.14422e+011,9.63735e+010
1.12747e+011,9.83277e+010
1.11039e+011,1.00253e+011
1.09297e+011,1.02148e+011
1.07524e+011,1.04013e+011
1.05719e+011,1.05848e+011
1.03882e+011,1.07651e+011
1.02015e+011,1.09422e+011
1.00117e+011,1.11161e+011
9.81903e+010,1.12866e+011
9.62342e+010,1.14539e+011
9.42495e+010,1.16177e+011
9.22369e+010,1.17782e+011
9.01971e+010,1.19351e+011
8.81305e+010,1.20885e+011
8.60379e+010,1.22383e+011
8.39198e+010,1.23845e+011
8.17769e+010,1.25271e+011
7.96097e+010,1.26659e+011
7.7419e+010,1.2801e+011
7.52054e+010,1.29322e+011
7.29696e+010,1.30597e+011
7.07121e+010,1.31833e+011
6.84337e+010,1.3303e+011
6.61351e+010,1.34188e+011
6.38168e+010,1.35305e+011
6.14797e+010,1.36383e+011
5.91244e+010,1.37421e+011
5.67516e+010,1.38418e+011
5.4362e+010,1.39373e+011
5.19563e+010,1.40288e+011
4.95352e+010,1.41161e+011
4.70995e+010,1.41992e+011
4.46498e+010,1.42781e+011
4.2187e+010,1.43528e+011
3.97116e+010,1.44233e+011
3.72245e+010,1.44895e+011
3.47263e+010,1.45514e+011
3.22179e+010,1.4609e+011
2.97e+010,1.46622e+011
2.71732e+010,1.47111e+011
2.46384e+010,1.47557e+011
2.20963e+010,1.47959e+011
1.95477e+010,1.48317e+011
1.69933e+010,1.48632e+011
1.44339e+010,1.48902e+011
1.18702e+010,1.49128e+011
9.30297e+009,1.4931e+011
6.733e+009,1.49448e+011
4.16103e+009,1.49542e+011
1.58784e+009,1.49592e+011
-9.85829e+008,1.49597e+011
-3.5592e+009,1.49558e+011
-6.13152e+009,1.49474e+011
-8.70203e+009,1.49347e+011
-1.127e+010,1.49175e+011
-1.38346e+010,1.48959e+011
-1.63951e+010,1.48699e+011
-1.89507e+010,1.48395e+011
-2.15007e+010,1.48047e+011
-2.40444e+010,1.47655e+011
-2.6581e+010,1.4722e+011
-2.91097e+010,1.46741e+011
-3.16297e+010,1.46218e+011
-3.41405e+010,1.45652e+011
-3.66411e+010,1.45043e+011
-3.91308e+010,1.44392e+011
-4.1609e+010,1.43697e+011
-4.40749e+010,1.4296e+011
-4.65277e+010,1.42181e+011
-4.89668e+010,1.41359e+011
-5.13913e+010,1.40496e+011
-5.38007e+010,1.39591e+011
-5.61941e+010,1.38645e+011
-5.85709e+010,1.37658e+011
-6.09304e+010,1.3663e+011
-6.32718e+010,1.35561e+011
-6.55945e+010,1.34453e+011
-6.78978e+010,1.33304e+011
-7.0181e+010,1.32117e+011
-7.24434e+010,1.3089e+011
-7.46844e+010,1.29624e+011
-7.69033e+010,1.2832e+011
-7.90994e+010,1.26978e+011
-8.12721e+010,1.25599e+011
-8.34208e+010,1.24182e+011
-8.55447e+010,1.22728e+011
-8.76434e+010,1.21239e+011
-8.97161e+010,1.19713e+011
-9.17622e+010,1.18152e+011
-9.37812e+010,1.16556e+011
-9.57724e+010,1.14925e+011
-9.77353e+010,1.13261e+011
-9.96693e+010,1.11562e+011
-1.01574e+011,1.09831e+011
-1.03448e+011,1.08068e+011
-1.05292e+011,1.06272e+011
-1.07105e+011,1.04445e+011
-1.08885e+011,1.02587e+011
-1.10634e+011,1.00699e+011
-1.1235e+011,9.87806e+010
-1.14033e+011,9.68332e+010
-1.15682e+011,9.48572e+010
-1.17297e+011,9.2853e+010
-1.18877e+011,9.08214e+010
-1.20421e+011,8.8763e+010
-1.2193e+011,8.66782e+010
-1.23404e+011,8.45678e+010
-1.2484e+011,8.24324e+010
-1.2624e+011,8.02726e+010
-1.27602e+011,7.8089e+010
-1.28926e+011,7.58823e+010
-1.30213e+011,7.36531e+010
-1.31461e+011,7.14021e+010
-1.32669e+011,6.91301e+010
-1.33839e+011,6.68375e+010
-1.34969e+011,6.45252e+010
-1.36059e+011,6.21937e+010
-1.37109e+011,5.98439e+010
-1.38118e+011,5.74764e+010
-1.39086e+011,5.50918e+010
-1.40014e+011,5.26909e+010
-1.40899e+011,5.02745e+010
-1.41743e+011,4.78431e+010
-1.42545e+011,4.53976e+010
-1.43305e+011,4.29387e+010
-1.44023e+011,4.04671e+010
-1.44698e+011,3.79834e+010
-1.4533e+011,3.54886e+010
-1.45919e+011,3.29832e+010
-1.46465e+011,3.04681e+010
-1.46967e+011,2.79439e+010
-1.47426e+011,2.54115e+010
-1.47841e+011,2.28716e+010
-1.48213e+011,2.03249e+010
-1.48541e+011,1.77722e+010
-1.48824e+011,1.52142e+010
-1.49064e+011,1.26517e+010
-1.4926e+011,1.00855e+010
-1.49411e+011,7.51626e+009
-1.49518e+011,4.94482e+009
-1.49581e+011,2.37192e+009
-1.496e+011,-2.01685e+008
-1.49574e+011,-2.77523e+009
-1.49504e+011,-5.34795e+009
-1.4939e+011,-7.91909e+009
-1.49232e+011,-1.04879e+010
-1.49029e+011,-1.30536e+010
-1.48783e+011,-1.56154e+010
-1.48492e+011,-1.81726e+010
-1.48158e+011,-2.07244e+010
-1.47779e+011,-2.32701e+010
-1.47357e+011,-2.58089e+010
-1.46891e+011,-2.83401e+010
-1.46382e+011,-3.08629e+010
-1.45829e+011,-3.33765e+010
-1.45233e+011,-3.58803e+010
-1.44595e+011,-3.83735e+010
-1.43913e+011,-4.08553e+010
-1.43189e+011,-4.3325e+010
-1.42423e+011,-4.57818e+010
-1.41614e+011,-4.82252e+010
-1.40763e+011,-5.06542e+010
-1.39871e+011,-5.30683e+010
-1.38937e+011,-5.54666e+010
-1.37963e+011,-5.78486e+010
-1.36947e+011,-6.02134e+010
-1.35891e+011,-6.25604e+010
-1.34795e+011,-6.48889e+010
-1.33658e+011,-6.71981e+010
-1.32483e+011,-6.94875e+010
-1.31268e+011,-7.17563e+010
-1.30014e+011,-7.40039e+010
-1.28721e+011,-7.62296e+010
-1.27391e+011,-7.84327e+010
-1.26023e+011,-8.06126e+010
-1.24617e+011,-8.27687e+010
-1.23175e+011,-8.49002e+010
-1.21696e+011,-8.70067e+010
-1.20182e+011,-8.90873e+010
-1.18631e+011,-9.11416e+010
-1.17046e+011,-9.3169e+010
-1.15426e+011,-9.51687e+010
-1.13771e+011,-9.71403e+010
-1.12083e+011,-9.90832e+010
-1.10362e+011,-1.00997e+011
-1.08608e+011,-1.0288e+011
-1.06823e+011,-1.04733e+011
-1.05005e+011,-1.06556e+011
-1.03156e+011,-1.08346e+011
-1.01277e+011,-1.10105e+011
-9.93681e+010,-1.11831e+011
-9.74296e+010,-1.13524e+011
-9.54622e+010,-1.15183e+011
-9.34666e+010,-1.16808e+011
-9.14433e+010,-1.18399e+011
-8.93929e+010,-1.19954e+011
-8.73161e+010,-1.21474e+011
-8.52135e+010,-1.22959e+011
-8.30856e+010,-1.24406e+011
-8.09331e+010,-1.25817e+011
-7.87567e+010,-1.27191e+011
-7.6557e+010,-1.28527e+011
-7.43346e+010,-1.29825e+011
-7.20902e+010,-1.31085e+011
-6.98245e+010,-1.32305e+011
-6.75381e+010,-1.33487e+011
-6.52317e+010,-1.34629e+011
-6.29061e+010,-1.35731e+011
-6.05618e+010,-1.36793e+011
-5.81995e+010,-1.37815e+011
-5.58201e+010,-1.38796e+011
-5.34241e+010,-1.39736e+011
-5.10123e+010,-1.40634e+011
-4.85855e+010,-1.41491e+011
-4.61442e+010,-1.42306e+011
-4.36893e+010,-1.43078e+011
-4.12214e+010,-1.43809e+011
-3.87414e+010,-1.44497e+011
-3.62499e+010,-1.45142e+011
-3.37476e+010,-1.45744e+011
-3.12354e+010,-1.46303e+011
-2.87139e+010,-1.46818e+011
-2.61839e+010,-1.47291e+011
-2.36462e+010,-1.47719e+011
-2.11015e+010,-1.48104e+011
-1.85505e+010,-1.48445e+011
-1.59941e+010,-1.48743e+011
-1.34329e+010,-1.48996e+011
-1.08677e+010,-1.49205e+011
-8.29931e+009,-1.4937e+011
-5.72847e+009,-1.4949e+011
-3.15593e+009,-1.49567e+011
-5.82464e+008,-1.49599e+011
1.99118e+009,-1.49587e+011
4.56423e+009,-1.4953e+011
7.13593e+009,-1.4943e+011
9.70553e+009,-1.49285e+011
1.22722e+010,-1.49096e+011
1.48353e+010,-1.48863e+011
1.7394e+010,-1.48585e+011
1.99476e+010,-1.48264e+011
2.24952e+010,-1.47899e+011
2.50362e+010,-1.4749e+011
2.75698e+010,-1.47038e+011
3.00952e+010,-1.46542e+011
3.26117e+010,-1.46002e+011
3.51186e+010,-1.4542e+011
3.7615e+010,-1.44794e+011
4.01003e+010,-1.44125e+011
4.25738e+010,-1.43414e+011
4.50347e+010,-1.42661e+011
4.74822e+010,-1.41865e+011
4.99157e+010,-1.41027e+011
5.23344e+010,-1.40147e+011
5.47376e+010,-1.39226e+011
5.71246e+010,-1.38264e+011
5.94947e+010,-1.37261e+011
6.18472e+010,-1.36217e+011
6.41814e+010,-1.35133e+011
6.64966e+010,-1.34009e+011
6.87921e+010,-1.32845e+011
7.10673e+010,-1.31642e+011
7.33214e+010,-1.304e+011
7.55539e+010,-1.29119e+011
7.77639e+010,-1.278e+011
7.9951e+010,-1.26444e+011
8.21144e+010,-1.2505e+011
8.42534e+010,-1.23618e+011
8.63676e+010,-1.22151e+011
8.84562e+010,-1.20647e+011
9.05186e+010,-1.19107e+011
9.25542e+010,-1.17532e+011
9.45624e+010,-1.15923e+011
9.65426e+010,-1.14279e+011
9.84943e+010,-1.12601e+011
1.00417e+011,-1.1089e+011
1.0231e+011,-1.09146e+011
1.04172e+011,-1.0737e+011
1.06004e+011,-1.05562e+011
1.07804e+011,-1.03723e+011
1.09572e+011,-1.01853e+011
1.11308e+011,-9.99529e+010
1.13011e+011,-9.80233e+010
1.14681e+011,-9.60647e+010
1.16317e+011,-9.40776e+010
1.17918e+011,-9.20626e+010
1.19484e+011,-9.00205e+010
1.21015e+011,-8.79517e+010
1.2251e+011,-8.58568e+010
1.23969e+011,-8.37366e+010
1.25391e+011,-8.15915e+010
1.26776e+011,-7.94223e+010
1.28124e+011,-7.72296e+010
1.29434e+011,-7.50141e+010
1.30705e+011,-7.27763e+010
1.31938e+011,-7.0517e+010
1.33131e+011,-6.82369e+010
1.34285e+011,-6.59365e+010
1.354e+011,-6.36167e+010
1.36474e+011,-6.1278e+010
1.37508e+011,-5.89211e+010
1.38501e+011,-5.65468e+010
1.39454e+011,-5.41558e+010
1.40365e+011,-5.17488e+010
1.41234e+011,-4.93264e+010
1.42062e+011,-4.68895e+010
1.42847e+011,-4.44386e+010
1.43591e+011,-4.19746e+010
1.44292e+011,-3.94982e+010
1.4495e+011,-3.70101e+010
1.45565e+011,-3.45111e+010
1.46137e+011,-3.20018e+010
1.46666e+011,-2.94831e+010
1.47151e+011,-2.69556e+010
1.47593e+011,-2.44202e+010
1.47992e+011,-2.18775e+010
1.48346e+011,-1.93284e+010
1.48657e+011,-1.67735e+010
1.48923e+011,-1.42137e+010
1.49146e+011,-1.16496e+010
1.49324e+011,-9.08214e+009
1.49458e+011,-6.51196e+009
1.49548e+011,-3.93986e+009
1.49594e+011,-1.3666e+009
1.49595e+011,1.20707e+009
1.49552e+011,3.78039e+009
1.49465e+011,6.35258e+009
1.49334e+011,8.9229e+009
1.49158e+011,1.14906e+010
1.48938e+011,1.40548e+010
1.48674e+011,1.6615e+010
1.48367e+011,1.91702e+010
1.48015e+011,2.17197e+010
1.47619e+011,2.42628e+010
1.4718e+011,2.67987e+010
1.46697e+011,2.93267e+010
1.46171e+011,3.1846e+010
1.45602e+011,3.43558e+010
1.44989e+011,3.68555e+010
1.44334e+011,3.93443e+010
1.43635e+011,4.18215e+010
1.42895e+011,4.42863e+010
1.42112e+011,4.6738e+010
1.41287e+011,4.91758e+010
1.4042e+011,5.15991e+010
1.39511e+011,5.40071e+010
1.38562e+011,5.63991e+010
1.37571e+011,5.87744e+010
1.36539e+011,6.11324e+010
1.35467e+011,6.34722e+010
1.34356e+011,6.57933e+010
1.33204e+011,6.80949e+010
1.32013e+011,7.03763e+010
1.30782e+011,7.26369e+010
1.29513e+011,7.4876e+010
1.28206e+011,7.7093e+010
1.26861e+011,7.92871e+010
1.25478e+011,8.14578e+010
1.24058e+011,8.36043e+010
1.22602e+011,8.57261e+010
1.21109e+011,8.78226e+010
1.1958e+011,8.9893e+010
1.18016e+011,9.19369e+010
1.16417e+011,9.39535e+010
1.14783e+011,9.59423e+010
1.13116e+011,9.79027e+010
1.11415e+011,9.98342e+010
1.09681e+011,1.01736e+011
1.07915e+011,1.03608e+011
1.06116e+011,1.05449e+011
1.04287e+011,1.07259e+011
1.02426e+011,1.09037e+011
1.00535e+011,1.10783e+011
9.86143e+010,1.12496e+011
9.66644e+010,1.14176e+011
9.4686e+010,1.15822e+011
9.26795e+010,1.17434e+011
9.06455e+010,1.19011e+011
8.85848e+010,1.20552e+011
8.64978e+010,1.22059e+011
8.43852e+010,1.23529e+011
8.22477e+010,1.24962e+011
8.00858e+010,1.26358e+011
7.79002e+010,1.27717e+011
7.56915e+010,1.29039e+011
7.34604e+010,1.30322e+011
7.12076e+010,1.31566e+011
6.89338e+010,1.32772e+011
6.66395e+010,1.33938e+011
6.43255e+010,1.35064e+011
6.19925e+010,1.36151e+011
5.96411e+010,1.37197e+011
5.7272e+010,1.38203e+011
5.4886e+010,1.39168e+011
5.24838e+010,1.40091e+011
5.0066e+010,1.40974e+011
4.76335e+010,1.41814e+011
4.51868e+010,1.42612e+011
4.27267e+010,1.43369e+011
4.0254e+010,1.44083e+011
3.77694e+010,1.44754e+011
3.52736e+010,1.45382e+011
3.27674e+010,1.45967e+011
3.02514e+010,1.46509e+011
2.77266e+010,1.47008e+011
2.51935e+010,1.47463e+011
2.26529e+010,1.47875e+011
2.01057e+010,1.48243e+011
1.75525e+010,1.48567e+011
1.49941e+010,1.48847e+011
1.24312e+010,1.49083e+011
9.86471e+009,1.49274e+011
7.29528e+009,1.49422e+011
4.72369e+009,1.49525e+011
2.15069e+009,1.49585e+011
-4.22934e+008,1.49599e+011
-2.99644e+009,1.4957e+011
-5.56905e+009,1.49496e+011
-8.14002e+009,1.49378e+011
-1.07086e+010,1.49216e+011
-1.3274e+010,1.4901e+011
-1.58354e+010,1.4876e+011
-1.83922e+010,1.48465e+011
-2.09435e+010,1.48127e+011
-2.34887e+010,1.47745e+011
-2.60268e+010,1.47319e+011
-2.85573e+010,1.46849e+011
-3.10794e+010,1.46336e+011
-3.35922e+010,1.4578e+011
-3.60951e+010,1.4518e+011
-3.85873e+010,1.44538e+011
-4.1068e+010,1.43853e+011
-4.35367e+010,1.43125e+011
-4.59924e+010,1.42355e+011
-4.84345e+010,1.41542e+011
-5.08623e+010,1.40688e+011
-5.32751e+010,1.39792e+011
-5.5672e+010,1.38855e+011
-5.80525e+010,1.37877e+011
-6.04159e+010,1.36858e+011
-6.27613e+010,1.35798e+011
-6.50881e+010,1.34699e+011
-6.73957e+010,1.33559e+011
-6.96834e+010,1.3238e+011
-7.19504e+010,1.31161e+011
-7.41961e+010,1.29904e+011
-7.64199e+010,1.28609e+011
-7.86211e+010,1.27275e+011
-8.07989e+010,1.25904e+011
-8.29529e+010,1.24495e+011
-8.50823e+010,1.23049e+011
-8.71866e+010,1.21568e+011
-8.9265e+010,1.2005e+011
-9.1317e+010,1.18496e+011
-9.3342e+010,1.16908e+011
-9.53393e+010,1.15285e+011
-9.73085e+010,1.13628e+011
-9.92488e+010,1.11937e+011
-1.0116e+011,1.10213e+011
-1.03041e+011,1.08456e+011
-1.04891e+011,1.06668e+011
-1.06711e+011,1.04847e+011
-1.08499e+011,1.02996e+011
-1.10255e+011,1.01114e+011
-1.11978e+011,9.92026e+010
-1.13668e+011,9.72616e+010
-1.15324e+011,9.52918e+010
-1.16946e+011,9.32937e+010
-1.18534e+011,9.12681e+010
-1.20086e+011,8.92154e+010
-1.21603e+011,8.71364e+010
-1.23085e+011,8.50315e+010
-1.24529e+011,8.29015e+010
-1.25937e+011,8.0747e+010
-1.27307e+011,7.85685e+010
-1.2864e+011,7.63668e+010
-1.29935e+011,7.41425e+010
-1.31191e+011,7.18963e+010
-1.32408e+011,6.96288e+010
-1.33587e+011,6.73406e+010
-1.34725e+011,6.50326e+010
-1.35824e+011,6.27053e+010
-1.36883e+011,6.03594e+010
-1.37901e+011,5.79957e+010
-1.38878e+011,5.56148e+010
-1.39814e+011,5.32174e+010
-1.40709e+011,5.08043e+010
-1.41562e+011,4.83761e+010
-1.42374e+011,4.59337e+010
-1.43143e+011,4.34776e+010
-1.4387e+011,4.10087e+010
-1.44554e+011,3.85276e+010
-1.45195e+011,3.60352e+010
-1.45794e+011,3.3532e+010
-1.46349e+011,3.1019e+010
-1.46861e+011,2.84967e+010
-1.47329e+011,2.59661e+010
-1.47754e+011,2.34277e+010
-1.48135e+011,2.08824e+010
-1.48473e+011,1.8331e+010
-1.48766e+011,1.57741e+010
-1.49015e+011,1.32125e+010
-1.49221e+011,1.0647e+010
-1.49382e+011,8.07839e+009
-1.49499e+011,5.50738e+009
-1.49571e+011,2.93473e+009
-1.496e+011,3.61216e+008
-1.49584e+011,-2.21241e+009
-1.49523e+011,-4.78537e+009
-1.49419e+011,-7.35692e+009
-1.4927e+011,-9.9263e+009
-1.49077e+011,-1.24927e+010
-1.4884e+011,-1.50555e+010
-1.48559e+011,-1.76138e+010
-1.48234e+011,-2.01668e+010
-1.47866e+011,-2.27139e+010
-1.47453e+011,-2.52543e+010
-1.46997e+011,-2.77872e+010
-1.46497e+011,-3.03119e+010
-1.45954e+011,-3.28276e+010
-1.45367e+011,-3.53336e+010
-1.44738e+011,-3.78291e+010
-1.44066e+011,-4.03135e+010
-1.43351e+011,-4.27859e+010
-1.42594e+011,-4.52456e+010
-1.41794e+011,-4.7692e+010
-1.40953e+011,-5.01242e+010
-1.4007e+011,-5.25416e+010
-1.39145e+011,-5.49435e+010
-1.38179e+011,-5.7329e+010
-1.37173e+011,-5.96977e+010
-1.36125e+011,-6.20486e+010
-1.35038e+011,-6.43812e+010
-1.3391e+011,-6.66947e+010
-1.32743e+011,-6.89885e+010
-1.31537e+011,-7.12619e+010
-1.30291e+011,-7.35142e+010
-1.29007e+011,-7.57447e+010
-1.27685e+011,-7.79528e+010
-1.26325e+011,-8.01379e+010
-1.24928e+011,-8.22992e+010
-1.23494e+011,-8.44362e+010
-1.22023e+011,-8.65481e+010
-1.20516e+011,-8.86345e+010
-1.18973e+011,-9.06946e+010
-1.17395e+011,-9.27279e+010
-1.15783e+011,-9.47337e+010
-1.14136e+011,-9.67115e+010
-1.12455e+011,-9.86607e+010
-1.10742e+011,-1.00581e+011
-1.08995e+011,-1.02471e+011
-1.07216e+011,-1.04331e+011
-1.05405e+011,-1.0616e+011
-1.03563e+011,-1.07957e+011
-1.01691e+011,-1.09723e+011
-9.97882e+010,-1.11456e+011
-9.78561e+010,-1.13156e+011
-9.58949e+010,-1.14823e+011
-9.39054e+010,-1.16456e+011
-9.18882e+010,-1.18054e+011
-8.98437e+010,-1.19617e+011
-8.77726e+010,-1.21145e+011
-8.56755e+010,-1.22637e+011
-8.35531e+010,-1.24093e+011
-8.1406e+010,-1.25512e+011
-7.92348e+010,-1.26894e+011
-7.70401e+010,-1.28238e+011
-7.48226e+010,-1.29544e+011
-7.2583e+010,-1.30812e+011
-7.03218e+010,-1.32042e+011
-6.80399e+010,-1.33232e+011
-6.57379e+010,-1.34383e+011
-6.34163e+010,-1.35494e+011
-6.1076e+010,-1.36565e+011
-5.87177e+010,-1.37595e+011
-5.63419e+010,-1.38585e+011
-5.39495e+010,-1.39534e+011
-5.15411e+010,-1.40441e+011
-4.91175e+010,-1.41307e+011
-4.66793e+010,-1.42131e+011
-4.42273e+010,-1.42913e+011
-4.17622e+010,-1.43653e+011
-3.92848e+010,-1.4435e+011
-3.67957e+010,-1.45004e+011
-3.42958e+010,-1.45616e+011
-3.17857e+010,-1.46184e+011
-2.92661e+010,-1.46709e+011
-2.6738e+010,-1.47191e+011
-2.42019e+010,-1.47629e+011
-2.16586e+010,-1.48024e+011
-1.91089e+010,-1.48375e+011
-1.65536e+010,-1.48681e+011
-1.39934e+010,-1.48944e+011
-1.1429e+010,-1.49163e+011
-8.86129e+009,-1.49337e+011
-6.29092e+009,-1.49468e+011
-3.71869e+009,-1.49554e+011
-1.14536e+009,-1.49596e+011
1.42831e+009,-1.49593e+011
4.00156e+009,-1.49546e+011
6.57362e+009,-1.49456e+011
9.14374e+009,-1.4932e+011
1.17112e+010,-1.49141e+011
1.42751e+010,-1.48917e+011
1.68348e+010,-1.4865e+011
1.93896e+010,-1.48338e+011
2.19386e+010,-1.47983e+011
2.44811e+010,-1.47583e+011
2.70163e+010,-1.4714e+011
2.95436e+010,-1.46654e+011
3.20621e+010,-1.46124e+011
3.45711e+010,-1.45551e+011
3.70699e+010,-1.44934e+011
3.95578e+010,-1.44275e+011
4.20339e+010,-1.43573e+011
4.44976e+010,-1.42829e+011
4.69481e+010,-1.42042e+011
4.93847e+010,-1.41214e+011
5.18067e+010,-1.40343e+011
5.42134e+010,-1.39431e+011
5.6604e+010,-1.38478e+011
5.89778e+010,-1.37484e+011
6.13343e+010,-1.36449e+011
6.36725e+010,-1.35373e+011
6.59919e+010,-1.34258e+011
6.82918e+010,-1.33103e+011
7.05715e+010,-1.31908e+011
7.28303e+010,-1.30675e+011
7.50675e+010,-1.29403e+011
7.72825e+010,-1.28092e+011
7.94746e+010,-1.26744e+011
8.16432e+010,-1.25358e+011
8.37877e+010,-1.23935e+011
8.59074e+010,-1.22475e+011
8.80016e+010,-1.20979e+011
9.00698e+010,-1.19447e+011
9.21113e+010,-1.1788e+011
9.41256e+010,-1.16278e+011
9.6112e+010,-1.14641e+011
9.80699e+010,-1.12971e+011
9.99988e+010,-1.11267e+011
1.01898e+011,-1.0953e+011
1.03767e+011,-1.07761e+011
1.05606e+011,-1.0596e+011
1.07413e+011,-1.04128e+011
1.09188e+011,-1.02265e+011
1.10932e+011,-1.00371e+011
1.12642e+011,-9.84478e+010
1.14319e+011,-9.64955e+010
1.15962e+011,-9.45146e+010
1.17571e+011,-9.25057e+010
1.19145e+011,-9.04694e+010
1.20683e+011,-8.84064e+010
1.22186e+011,-8.63172e+010
1.23653e+011,-8.42024e+010
1.25083e+011,-8.20628e+010
1.26477e+011,-7.98988e+010
1.27832e+011,-7.77112e+010
1.2915e+011,-7.55006e+010
1.3043e+011,-7.32676e+010
1.31671e+011,-7.1013e+010
1.32873e+011,-6.87373e+010
1.34036e+011,-6.64413e+010
1.35159e+011,-6.41257e+010
1.36243e+011,-6.1791e+010
1.37285e+011,-5.94381e+010
1.38288e+011,-5.70676e+010
1.39249e+011,-5.46802e+010
1.40169e+011,-5.22766e+010
1.41047e+011,-4.98575e+010
1.41884e+011,-4.74237e+010
1.42679e+011,-4.49758e+010
1.43432e+011,-4.25146e+010
1.44142e+011,-4.00409e+010
1.44809e+011,-3.75553e+010
1.45434e+011,-3.50586e+010
1.46016e+011,-3.25515e+010
1.46554e+011,-3.00347e+010
1.47049e+011,-2.75091e+010
1.475e+011,-2.49753e+010
1.47908e+011,-2.24342e+010
1.48272e+011,-1.98864e+010
1.48593e+011,-1.73327e+010
1.48869e+011,-1.47739e+010
1.49101e+011,-1.22107e+010
1.49289e+011,-9.64394e+009
1.49433e+011,-7.07429e+009
1.49532e+011,-4.50254e+009
1.49588e+011,-1.92946e+009
1.49599e+011,6.44183e+008
1.49565e+011,3.21764e+009
1.49488e+011,5.79014e+009
1.49366e+011,8.36094e+009
1.492e+011,1.09293e+010
1.4899e+011,1.34943e+010
1.48736e+011,1.60554e+010
1.48438e+011,1.86118e+010
1.48096e+011,2.11626e+010
1.4771e+011,2.37071e+010
1.4728e+011,2.62447e+010
1.46807e+011,2.87745e+010
1.4629e+011,3.12957e+010
1.4573e+011,3.38077e+010
1.45127e+011,3.63097e+010
1.44481e+011,3.8801e+010
1.43792e+011,4.12807e+010
1.4306e+011,4.37483e+010
1.42287e+011,4.62029e+010
1.41471e+011,4.86438e+010
1.40613e+011,5.10703e+010
1.39713e+011,5.34818e+010
1.38773e+011,5.58773e+010
1.37791e+011,5.82564e+010
1.36768e+011,6.06182e+010
1.35705e+011,6.29621e+010
1.34602e+011,6.52873e+010
1.33459e+011,6.75932e+010
1.32277e+011,6.98791e+010
1.31055e+011,7.21443e+010
1.29794e+011,7.43882e+010
1.28495e+011,7.661e+010
1.27158e+011,7.88092e+010
1.25784e+011,8.0985e+010
1.24372e+011,8.31369e+010
1.22923e+011,8.52642e+010
1.21438e+011,8.73662e+010
1.19918e+011,8.94424e+010
1.18361e+011,9.14921e+010
1.1677e+011,9.35148e+010
1.15144e+011,9.55097e+010
1.13484e+011,9.74764e+010
1.1179e+011,9.94143e+010
1.10063e+011,1.01323e+011
1.08304e+011,1.03201e+011
1.06512e+011,1.05049e+011
1.04689e+011,1.06866e+011
1.02835e+011,1.08651e+011
1.00951e+011,1.10404e+011
9.90369e+010,1.12124e+011
9.70934e+010,1.13811e+011
9.51211e+010,1.15465e+011
9.31207e+010,1.17084e+011
9.10927e+010,1.18669e+011
8.90377e+010,1.20218e+011
8.69565e+010,1.21732e+011
8.48494e+010,1.2321e+011
8.27173e+010,1.24652e+011
8.05606e+010,1.26056e+011
7.83802e+010,1.27423e+011
7.61765e+010,1.28753e+011
7.39503e+010,1.30044e+011
7.17022e+010,1.31297e+011
6.94329e+010,1.32511e+011
6.7143e+010,1.33686e+011
6.48332e+010,1.34821e+011
6.25043e+010,1.35917e+011
6.01569e+010,1.36972e+011
5.77916e+010,1.37987e+011
5.54093e+010,1.3896e+011
5.30106e+010,1.39893e+011
5.05961e+010,1.40784e+011
4.81667e+010,1.41634e+011
4.57231e+010,1.42441e+011
4.32659e+010,1.43207e+011
4.07959e+010,1.4393e+011
3.83138e+010,1.44611e+011
3.58204e+010,1.45248e+011
3.33164e+010,1.45843e+011
3.08025e+010,1.46395e+011
2.82795e+010,1.46903e+011
2.57481e+010,1.47368e+011
2.32092e+010,1.47789e+011
2.06633e+010,1.48166e+011
1.81114e+010,1.485e+011
1.5554e+010,1.48789e+011
1.29921e+010,1.49035e+011
1.04263e+010,1.49236e+011
7.85746e+009,1.49394e+011
5.28627e+009,1.49507e+011
2.71352e+009,1.49575e+011
1.39967e+008,1.496e+011
-2.43363e+009,1.4958e+011
-5.0065e+009,1.49516e+011
-7.5779e+009,1.49408e+011
-1.0147e+010,1.49255e+011
-1.27132e+010,1.49059e+011
-1.52756e+010,1.48818e+011
-1.78334e+010,1.48533e+011
-2.0386e+010,1.48204e+011
-2.29326e+010,1.47832e+011
-2.54723e+010,1.47415e+011
-2.80046e+010,1.46955e+011
-3.05285e+010,1.46452e+011
-3.30434e+010,1.45905e+011
-3.55485e+010,1.45315e+011
-3.80431e+010,1.44682e+011
-4.05265e+010,1.44006e+011
-4.29978e+010,1.43288e+011
-4.54564e+010,1.42527e+011
-4.79016e+010,1.41724e+011
-5.03326e+010,1.40879e+011
-5.27487e+010,1.39992e+011
-5.51492e+010,1.39064e+011
-5.75333e+010,1.38094e+011
-5.99005e+010,1.37084e+011
-6.22499e+010,1.36033e+011
-6.45809e+010,1.34942e+011
-6.68927e+010,1.33812e+011
-6.91848e+010,1.32641e+011
-7.14564e+010,1.31431e+011
-7.37068e+010,1.30182e+011
-7.59354e+010,1.28895e+011
-7.81416e+010,1.2757e+011
-8.03246e+010,1.26207e+011
-8.24839e+010,1.24806e+011
-8.46187e+010,1.23369e+011
-8.67285e+010,1.21895e+011
-8.88126e+010,1.20385e+011
-9.08705e+010,1.18839e+011
-9.29014e+010,1.17258e+011
-9.49049e+010,1.15643e+011
-9.68802e+010,1.13993e+011
-9.88269e+010,1.12309e+011
-1.00744e+011,1.10593e+011
-1.02632e+011,1.08843e+011
-1.04489e+011,1.07061e+011
-1.06316e+011,1.05248e+011
-1.0811e+011,1.03404e+011
-1.09873e+011,1.01528e+011
-1.11604e+011,9.96233e+010
-1.13301e+011,9.76886e+010
-1.14965e+011,9.5725e+010
-1.16594e+011,9.37331e+010
-1.1819e+011,9.17135e+010
-1.1975e+011,8.96667e+010
-1.21275e+011,8.75933e+010
-1.22764e+011,8.54941e+010
-1.24216e+011,8.33695e+010
-1.25632e+011,8.12203e+010
-1.27011e+011,7.9047e+010
-1.28352e+011,7.68503e+010
-1.29655e+011,7.46309e+010
-1.3092e+011,7.23894e+010
-1.32146e+011,7.01265e+010
-1.33332e+011,6.78428e+010
-1.3448e+011,6.5539e+010
-1.35587e+011,6.32159e+010
-1.36655e+011,6.0874e+010
-1.37682e+011,5.85141e+010
-1.38668e+011,5.61369e+010
-1.39613e+011,5.37431e+010
-1.40517e+011,5.13334e+010
-1.41379e+011,4.89085e+010
-1.422e+011,4.64691e+010
-1.42978e+011,4.40159e+010
-1.43714e+011,4.15497e+010
-1.44408e+011,3.90713e+010
-1.45059e+011,3.65812e+010
-1.45666e+011,3.40804e+010
-1.46231e+011,3.15694e+010
-1.46753e+011,2.90491e+010
-1.47231e+011,2.65202e+010
-1.47665e+011,2.39835e+010
-1.48056e+011,2.14397e+010
-1.48403e+011,1.88895e+010
-1.48706e+011,1.63337e+010
-1.48965e+011,1.37731e+010
-1.4918e+011,1.12084e+010
-1.4935e+011,8.64042e+009
-1.49477e+011,6.06986e+009
-1.49559e+011,3.4975e+009
-1.49597e+011,9.24112e+008
-1.49591e+011,-1.64955e+009
-1.4954e+011,-4.22273e+009
-1.49446e+011,-6.79465e+009
-1.49307e+011,-9.36457e+009
-1.49123e+011,-1.19317e+010
-1.48896e+011,-1.44953e+010
-1.48625e+011,-1.70546e+010
-1.48309e+011,-1.96089e+010
-1.4795e+011,-2.21574e+010
-1.47547e+011,-2.46993e+010
-1.471e+011,-2.72339e+010
-1.4661e+011,-2.97604e+010
-1.46076e+011,-3.22782e+010
-1.45499e+011,-3.47864e+010
-1.44879e+011,-3.72842e+010
-1.44217e+011,-3.97711e+010
-1.43511e+011,-4.22462e+010
-1.42763e+011,-4.47088e+010
-1.41973e+011,-4.71581e+010
-1.41141e+011,-4.95935e+010
-1.40266e+011,-5.20142e+010
-1.39351e+011,-5.44195e+010
-1.38394e+011,-5.68087e+010
-1.37396e+011,-5.91811e+010
-1.36358e+011,-6.1536e+010
-1.35279e+011,-6.38726e+010
-1.3416e+011,-6.61904e+010
-1.33002e+011,-6.84886e+010
-1.31804e+011,-7.07665e+010
-1.30567e+011,-7.30234e+010
-1.29291e+011,-7.52588e+010
-1.27978e+011,-7.74719e+010
-1.26626e+011,-7.9662e+010
-1.25237e+011,-8.18286e+010
-1.23811e+011,-8.39709e+010
-1.22348e+011,-8.60884e+010
-1.20849e+011,-8.81804e+010
-1.19314e+011,-9.02463e+010
-1.17744e+011,-9.22855e+010
-1.16139e+011,-9.42974e+010
-1.14499e+011,-9.62814e+010
-1.12826e+011,-9.82369e+010
-1.11119e+011,-1.00163e+011
-1.0938e+011,-1.0206e+011
-1.07608e+011,-1.03927e+011
-1.05804e+011,-1.05762e+011
-1.03969e+011,-1.07567e+011
-1.02103e+011,-1.0934e+011
-1.00207e+011,-1.1108e+011
-9.82811e+010,-1.12787e+011
-9.63263e+010,-1.14461e+011
-9.4343e+010,-1.16102e+011
-9.23317e+010,-1.17707e+011
-9.02931e+010,-1.19278e+011
-8.82278e+010,-1.20814e+011
-8.61364e+010,-1.22314e+011
-8.40195e+010,-1.23778e+011
-8.18777e+010,-1.25205e+011
-7.97117e+010,-1.26595e+011
-7.7522e+010,-1.27947e+011
-7.53095e+010,-1.29262e+011
-7.30746e+010,-1.30538e+011
-7.08182e+010,-1.31776e+011
-6.85407e+010,-1.32975e+011
-6.6243e+010,-1.34134e+011
-6.39257e+010,-1.35254e+011
-6.15895e+010,-1.36334e+011
-5.9235e+010,-1.37373e+011
-5.6863e+010,-1.38372e+011
-5.44742e+010,-1.3933e+011
-5.20692e+010,-1.40246e+011
-4.96488e+010,-1.41121e+011
-4.72138e+010,-1.41954e+011
-4.47647e+010,-1.42745e+011
-4.23025e+010,-1.43494e+011
-3.98277e+010,-1.44201e+011
-3.73411e+010,-1.44865e+011
-3.48434e+010,-1.45486e+011
-3.23355e+010,-1.46064e+011
-2.9818e+010,-1.46598e+011
-2.72916e+010,-1.4709e+011
-2.47572e+010,-1.47537e+011
-2.22154e+010,-1.47941e+011
-1.96671e+010,-1.48302e+011
-1.71129e+010,-1.48618e+011
-1.45537e+010,-1.4889e+011
-1.19902e+010,-1.49119e+011
-9.42313e+009,-1.49303e+011
-6.85327e+009,-1.49443e+011
-4.28139e+009,-1.49539e+011
-1.70823e+009,-1.4959e+011
8.6543e+008,-1.49597e+011
3.43884e+009,-1.4956e+011
6.01122e+009,-1.49479e+011
8.58183e+009,-1.49354e+011
1.11499e+010,-1.49184e+011
1.37147e+010,-1.4897e+011
1.62754e+010,-1.48712e+011
1.88313e+010,-1.4841e+011
2.13816e+010,-1.48064e+011
2.39256e+010,-1.47674e+011
2.64625e+010,-1.47241e+011
2.89916e+010,-1.46764e+011
3.15121e+010,-1.46243e+011
3.40232e+010,-1.4568e+011
3.65243e+010,-1.45073e+011
3.90146e+010,-1.44423e+011
4.14934e+010,-1.43731e+011
4.39598e+010,-1.42995e+011
4.64133e+010,-1.42218e+011
4.8853e+010,-1.41399e+011
5.12783e+010,-1.40537e+011
5.36883e+010,-1.39634e+011
5.60825e+010,-1.3869e+011
5.84601e+010,-1.37705e+011
6.08204e+010,-1.36679e+011
6.31627e+010,-1.35612e+011
6.54863e+010,-1.34505e+011
6.77905e+010,-1.33359e+011
7.00746e+010,-1.32173e+011
7.23381e+010,-1.30948e+011
7.45801e+010,-1.29684e+011
7.68e+010,-1.28382e+011
7.89972e+010,-1.27042e+011
8.1171e+010,-1.25664e+011
8.33208e+010,-1.24249e+011
8.54459e+010,-1.22797e+011
8.75458e+010,-1.21309e+011
8.96197e+010,-1.19785e+011
9.16671e+010,-1.18226e+011
9.36874e+010,-1.16631e+011
9.56799e+010,-1.15002e+011
9.76441e+010,-1.13339e+011
9.95795e+010,-1.11643e+011
1.01485e+011,-1.09913e+011
1.03361e+011,-1.08151e+011
1.05206e+011,-1.06357e+011
1.0702e+011,-1.04531e+011
1.08803e+011,-1.02675e+011
1.10553e+011,-1.00788e+011
1.12271e+011,-9.8871e+010
1.13955e+011,-9.69249e+010
1.15605e+011,-9.49502e+010
1.17222e+011,-9.29474e+010
1.18803e+011,-9.09171e+010
1.2035e+011,-8.88599e+010
1.21861e+011,-8.67763e+010
1.23335e+011,-8.46671e+010
1.24774e+011,-8.25328e+010
1.26175e+011,-8.03741e+010
1.27539e+011,-7.81916e+010
1.28865e+011,-7.5986e+010
1.30154e+011,-7.37579e+010
1.31403e+011,-7.15079e+010
1.32614e+011,-6.92368e+010
1.33785e+011,-6.69452e+010
1.34917e+011,-6.46338e+010
1.36009e+011,-6.23032e+010
1.37061e+011,-5.99542e+010
1.38072e+011,-5.75875e+010
1.39042e+011,-5.52037e+010
1.39971e+011,-5.28036e+010
1.40859e+011,-5.03879e+010
1.41705e+011,-4.79572e+010
1.42509e+011,-4.55124e+010
1.43271e+011,-4.3054e+010
1.4399e+011,-4.0583e+010
1.44667e+011,-3.80999e+010
1.45301e+011,-3.56055e+010
1.45892e+011,-3.31006e+010
1.4644e+011,-3.0586e+010
1.46944e+011,-2.80622e+010
1.47405e+011,-2.55302e+010
1.47823e+011,-2.29906e+010
1.48196e+011,-2.04442e+010
1.48526e+011,-1.78917e+010
1.48812e+011,-1.5334e+010
1.49054e+011,-1.27717e+010
1.49251e+011,-1.02056e+010
1.49405e+011,-7.63651e+009
1.49514e+011,-5.06515e+009
1.49579e+011,-2.4923e+009
1.496e+011,8.12836e+007
1.49576e+011,2.65485e+009
1.49509e+011,5.22763e+009
1.49397e+011,7.79886e+009
1.4924e+011,1.03678e+010
1.4904e+011,1.29336e+010
1.48795e+011,1.54957e+010
1.48507e+011,1.80531e+010
1.48174e+011,2.06052e+010
1.47798e+011,2.31512e+010
1.47378e+011,2.56903e+010
1.46914e+011,2.82219e+010
1.46407e+011,3.07451e+010
1.45856e+011,3.32592e+010
1.45262e+011,3.57634e+010
1.44626e+011,3.82571e+010
1.43946e+011,4.07394e+010
1.43224e+011,4.32097e+010
1.42459e+011,4.56672e+010
1.41653e+011,4.81112e+010
1.40804e+011,5.05409e+010
1.39914e+011,5.29557e+010
1.38982e+011,5.53548e+010
1.38009e+011,5.77375e+010
1.36996e+011,6.01031e+010
1.35941e+011,6.2451e+010
1.34847e+011,6.47804e+010
1.33712e+011,6.70905e+010
1.32538e+011,6.93809e+010
1.31325e+011,7.16507e+010
1.30073e+011,7.38993e+010
1.28783e+011,7.6126e+010
1.27454e+011,7.83302e+010
1.26088e+011,8.05112e+010
1.24684e+011,8.26684e+010
1.23243e+011,8.48011e+010
1.21766e+011,8.69087e+010
1.20253e+011,8.89906e+010
1.18705e+011,9.10461e+010
1.17121e+011,9.30747e+010
1.15502e+011,9.50758e+010
1.13849e+011,9.70487e+010
1.12163e+011,9.89929e+010
1.10444e+011,1.00908e+011
1.08691e+011,1.02793e+011
1.06907e+011,1.04647e+011
1.05091e+011,1.06471e+011
1.03244e+011,1.08263e+011
1.01366e+011,1.10023e+011
9.94581e+010,1.11751e+011
9.75209e+010,1.13445e+011
9.55549e+010,1.15106e+011
9.35606e+010,1.16733e+011
9.15386e+010,1.18325e+011
8.94895e+010,1.19882e+011
8.74139e+010,1.21404e+011
8.53124e+010,1.2289e+011
8.31857e+010,1.24339e+011
8.10344e+010,1.25752e+011
7.88591e+010,1.27128e+011
7.66604e+010,1.28465e+011
7.44391e+010,1.29765e+011
7.21957e+010,1.31026e+011
6.9931e+010,1.32249e+011
6.76455e+010,1.33433e+011
6.53401e+010,1.34576e+011
6.30153e+010,1.35681e+011
6.06718e+010,1.36745e+011
5.83104e+010,1.37768e+011
5.59318e+010,1.38751e+011
5.35366e+010,1.39693e+011
5.11255e+010,1.40593e+011
4.86993e+010,1.41452e+011
4.62587e+010,1.42268e+011
4.38044e+010,1.43043e+011
4.13372e+010,1.43776e+011
3.88577e+010,1.44465e+011
3.63667e+010,1.45112e+011
3.38649e+010,1.45717e+011
3.13531e+010,1.46278e+011
2.88321e+010,1.46795e+011
2.63025e+010,1.4727e+011
2.37651e+010,1.477e+011
2.12207e+010,1.48087e+011
1.867e+010,1.4843e+011
1.61138e+010,1.4873e+011
1.35528e+010,1.48985e+011
1.09878e+010,1.49196e+011
8.41953e+009,1.49363e+011
5.84878e+009,1.49486e+011
3.27631e+009,1.49564e+011
7.02865e+008,1.49598e+011
-1.87079e+009,1.49588e+011
-4.44388e+009,1.49534e+011
-7.01567e+009,1.49435e+011
-9.58537e+009,1.49293e+011
-1.21522e+010,1.49106e+011
-1.47155e+010,1.48874e+011
-1.72744e+010,1.48599e+011
-1.98282e+010,1.4828e+011
-2.23762e+010,1.47917e+011
-2.49175e+010,1.4751e+011
-2.74514e+010,1.4706e+011
-2.99772e+010,1.46566e+011
-3.24942e+010,1.46028e+011
-3.50015e+010,1.45448e+011
-3.74985e+010,1.44824e+011
-3.99843e+010,1.44158e+011
-4.24584e+010,1.43448e+011
-4.49198e+010,1.42697e+011
-4.7368e+010,1.41903e+011
-4.98022e+010,1.41067e+011
-5.22216e+010,1.40189e+011
-5.46255e+010,1.3927e+011
-5.70133e+010,1.3831e+011
-5.93842e+010,1.37309e+011
-6.17376e+010,1.36267e+011
-6.40726e+010,1.35185e+011
-6.63888e+010,1.34062e+011
-6.86852e+010,1.329e+011
-7.09613e+010,1.31699e+011
-7.32165e+010,1.30459e+011
-7.54499e+010,1.2918e+011
-7.7661e+010,1.27863e+011
-7.98492e+010,1.26508e+011
-8.20137e+010,1.25116e+011
-8.41539e+010,1.23686e+011
-8.62692e+010,1.2222e+011
-8.8359e+010,1.20718e+011
-9.04227e+010,1.1918e+011
-9.24596e+010,1.17607e+011
-9.44691e+010,1.15999e+011
-9.64506e+010,1.14357e+011
-9.84036e+010,1.1268e+011
-1.00328e+011,1.10971e+011
-1.02222e+011,1.09229e+011
-1.04086e+011,1.07454e+011
-1.05919e+011,1.05647e+011
-1.07721e+011,1.0381e+011
-1.0949e+011,1.01941e+011
-1.11228e+011,1.00042e+011
-1.12933e+011,9.81142e+010
-1.14604e+011,9.61569e+010
-1.16241e+011,9.41712e+010
-1.17844e+011,9.21575e+010
-1.19412e+011,9.01166e+010
-1.20944e+011,8.8049e+010
-1.22441e+011,8.59554e+010
-1.23902e+011,8.38363e+010
-1.25326e+011,8.16924e+010
-1.26712e+011,7.95243e+010
-1.28062e+011,7.73327e+010
-1.29373e+011,7.51182e+010
-1.30646e+011,7.28815e+010
-1.31881e+011,7.06232e+010
-1.33076e+011,6.8344e+010
-1.34232e+011,6.60446e+010
-1.35348e+011,6.37256e+010
-1.36425e+011,6.13878e+010
-1.37461e+011,5.90318e+010
-1.38456e+011,5.66583e+010
-1.3941e+011,5.4268e+010
-1.40323e+011,5.18617e+010
-1.41194e+011,4.94401e+010
-1.42024e+011,4.70038e+010
-1.42812e+011,4.45536e+010
-1.43557e+011,4.20902e+010
-1.4426e+011,3.96144e+010
-1.4492e+011,3.71268e+010
-1.45537e+011,3.46282e+010
-1.46111e+011,3.21194e+010
-1.46642e+011,2.96011e+010
-1.4713e+011,2.7074e+010
-1.47574e+011,2.4539e+010
-1.47974e+011,2.19966e+010
-1.48331e+011,1.94477e+010
-1.48643e+011,1.68931e+010
-1.48912e+011,1.43335e+010
-1.49136e+011,1.17697e+010
-1.49317e+011,9.20231e+009
-1.49453e+011,6.63225e+009
-1.49545e+011,4.06022e+009
-1.49593e+011,1.48699e+009
-1.49596e+011,-1.08668e+009
-1.49555e+011,-3.66002e+009
-1.4947e+011,-6.23229e+009
-1.49341e+011,-8.80271e+009
-1.49167e+011,-1.13705e+010
-1.4895e+011,-1.3935e+010
-1.48688e+011,-1.64953e+010
-1.48382e+011,-1.90507e+010
-1.48032e+011,-2.16005e+010
-1.47639e+011,-2.4144e+010
-1.47202e+011,-2.66802e+010
-1.46721e+011,-2.92086e+010
-1.46197e+011,-3.17283e+010
-1.45629e+011,-3.42386e+010
-1.45019e+011,-3.67388e+010
-1.44365e+011,-3.92282e+010
-1.43669e+011,-4.17059e+010
-1.4293e+011,-4.41713e+010
-1.42149e+011,-4.66236e+010
-1.41326e+011,-4.90621e+010
-1.40461e+011,-5.1486e+010
-1.39555e+011,-5.38948e+010
-1.38607e+011,-5.62876e+010
-1.37618e+011,-5.86637e+010
-1.36588e+011,-6.10225e+010
-1.35519e+011,-6.33632e+010
-1.34408e+011,-6.56851e+010
-1.33259e+011,-6.79877e+010
-1.32069e+011,-7.027e+010
-1.30841e+011,-7.25316e+010
-1.29574e+011,-7.47718e+010
-1.28268e+011,-7.69898e+010
-1.26925e+011,-7.9185e+010
-1.25544e+011,-8.13567e+010
-1.24126e+011,-8.35044e+010
-1.22671e+011,-8.56274e+010
-1.2118e+011,-8.77251e+010
-1.19652e+011,-8.97967e+010
-1.1809e+011,-9.18418e+010
-1.16493e+011,-9.38598e+010
-1.14861e+011,-9.58499e+010
-1.13195e+011,-9.78117e+010
-1.11495e+011,-9.97445e+010
-1.09763e+011,-1.01648e+011
-1.07998e+011,-1.03521e+011
-1.06201e+011,-1.05364e+011
-1.04373e+011,-1.07175e+011
-1.02514e+011,-1.08955e+011
-1.00624e+011,-1.10702e+011
-9.87048e+010,-1.12417e+011
-9.67563e+010,-1.14098e+011
-9.47792e+010,-1.15746e+011
-9.27739e+010,-1.17359e+011
-9.07413e+010,-1.18938e+011
-8.86818e+010,-1.20481e+011
-8.6596e+010,-1.21989e+011
-8.44846e+010,-1.23461e+011
-8.23482e+010,-1.24896e+011
-8.01874e+010,-1.26294e+011
-7.80029e+010,-1.27655e+011
-7.57953e+010,-1.28978e+011
-7.35653e+010,-1.30262e+011
-7.13135e+010,-1.31509e+011
-6.90406e+010,-1.32716e+011
-6.67473e+010,-1.33884e+011
-6.44342e+010,-1.35013e+011
-6.2102e+010,-1.36101e+011
-5.97515e+010,-1.37149e+011
-5.73832e+010,-1.38157e+011
-5.4998e+010,-1.39124e+011
-5.25965e+010,-1.40049e+011
-5.01795e+010,-1.40933e+011
-4.77476e+010,-1.41776e+011
-4.53015e+010,-1.42576e+011
-4.28421e+010,-1.43334e+011
-4.037e+010,-1.4405e+011
-3.78859e+010,-1.44723e+011
-3.53906e+010,-1.45354e+011
-3.28848e+010,-1.45941e+011
-3.03693e+010,-1.46485e+011
-2.78449e+010,-1.46986e+011
-2.53121e+010,-1.47443e+011
-2.27719e+010,-1.47857e+011
-2.0225e+010,-1.48227e+011
-1.7672e+010,-1.48553e+011
-1.51139e+010,-1.48835e+011
-1.25512e+010,-1.49073e+011
-9.98485e+009,-1.49266e+011
-7.41553e+009,-1.49416e+011
-4.84403e+009,-1.49522e+011
-2.27108e+009,-1.49583e+011
3.02534e+008,-1.496e+011
2.87606e+009,-1.49572e+011
5.44873e+009,-1.49501e+011
8.0198e+009,-1.49385e+011
1.05885e+010,-1.49225e+011
1.3154e+010,-1.49021e+011
1.57157e+010,-1.48772e+011
1.82727e+010,-1.4848e+011
2.08243e+010,-1.48144e+011
2.33698e+010,-1.47763e+011
2.59083e+010,-1.47339e+011
2.84391e+010,-1.46872e+011
3.09616e+010,-1.46361e+011
3.34748e+010,-1.45807e+011
3.59782e+010,-1.45209e+011
3.84709e+010,-1.44569e+011
4.09523e+010,-1.43886e+011
4.34215e+010,-1.4316e+011
4.58778e+010,-1.42392e+011
4.83206e+010,-1.41581e+011
5.07491e+010,-1.40729e+011
5.31625e+010,-1.39835e+011
5.55603e+010,-1.389e+011
5.79416e+010,-1.37924e+011
6.03057e+010,-1.36906e+011
6.2652e+010,-1.35849e+011
6.49797e+010,-1.34751e+011
6.72882e+010,-1.33613e+011
6.95768e+010,-1.32436e+011
7.18448e+010,-1.31219e+011
7.40916e+010,-1.29964e+011
7.63164e+010,-1.2867e+011
7.85186e+010,-1.27338e+011
8.06976e+010,-1.25968e+011
8.28527e+010,-1.24562e+011
8.49833e+010,-1.23118e+011
8.70887e+010,-1.21638e+011
8.91683e+010,-1.20121e+011
9.12216e+010,-1.1857e+011
9.32479e+010,-1.16983e+011
9.52465e+010,-1.15361e+011
9.7217e+010,-1.13706e+011
9.91587e+010,-1.12017e+011
1.01071e+011,-1.10294e+011
1.02953e+011,-1.08539e+011
1.04805e+011,-1.06752e+011
1.06626e+011,-1.04933e+011
1.08416e+011,-1.03083e+011
1.10173e+011,-1.01203e+011
1.11898e+011,-9.92927e+010
1.13589e+011,-9.7353e+010
1.15247e+011,-9.53845e+010
1.16871e+011,-9.33878e+010
1.1846e+011,-9.13635e+010
1.20015e+011,-8.93121e+010
1.21533e+011,-8.72342e+010
1.23016e+011,-8.51306e+010
1.24462e+011,-8.30017e+010
1.25872e+011,-8.08483e+010
1.27244e+011,-7.8671e+010
1.28579e+011,-7.64703e+010
1.29875e+011,-7.42471e+010
1.31133e+011,-7.20019e+010
1.32352e+011,-6.97353e+010
1.33532e+011,-6.74481e+010
1.34673e+011,-6.5141e+010
1.35774e+011,-6.28146e+010
1.36834e+011,-6.04695e+010
1.37854e+011,-5.81066e+010
1.38833e+011,-5.57265e+010
1.39772e+011,-5.33299e+010
1.40668e+011,-5.09175e+010
1.41523e+011,-4.84901e+010
1.42337e+011,-4.60482e+010
1.43108e+011,-4.35928e+010
1.43836e+011,-4.11245e+010
1.44523e+011,-3.8644e+010
1.45166e+011,-3.6152e+010
1.45767e+011,-3.36494e+010
1.46324e+011,-3.11368e+010
1.46838e+011,-2.86149e+010
1.47308e+011,-2.60846e+010
1.47735e+011,-2.35466e+010
1.48119e+011,-2.10016e+010
1.48458e+011,-1.84504e+010
1.48753e+011,-1.58938e+010
1.49005e+011,-1.33324e+010
1.49212e+011,-1.07671e+010
1.49375e+011,-8.19862e+009
1.49494e+011,-5.62769e+009
1.49569e+011,-3.05511e+009
1.49599e+011,-4.81616e+008
1.49585e+011,2.09202e+009
