86400,-2.64881e+033
172800,-2.64724e+033
259200,-2.64567e+033
345600,-2.64411e+033
432000,-2.64254e+033
518400,-2.64098e+033
604800,-2.63941e+033
691200,-2.63785e+033
777600,-2.63629e+033
864000,-2.63473e+033
950400,-2.63318e+033
1.0368e+006,-2.63162e+033
1.1232e+006,-2.63006e+033
1.2096e+006,-2.62851e+033
1.296e+006,-2.62696e+033
1.3824e+006,-2.62541e+033
1.4688e+006,-2.62386e+033
1.5552e+006,-2.62231e+033
1.6416e+006,-2.62076e+033
1.728e+006,-2.61921e+033
1.8144e+006,-2.61767e+033
1.9008e+006,-2.61613e+033
1.9872e+006,-2.61458e+033
2.0736e+006,-2.61304e+033
2.16e+006,-2.6115e+033
2.2464e+006,-2.60997e+033
2.3328e+006,-2.60843e+033
2.4192e+006,-2.6069e+033
2.5056e+006,-2.60536e+033
2.592e+006,-2.60383e+033
2.6784e+006,-2.6023e+033
2.7648e+006,-2.60077e+033
2.8512e+006,-2.59924e+033
2.9376e+006,-2.59772e+033
3.024e+006,-2.59619e+033
3.1104e+006,-2.59467e+033
3.1968e+006,-2.59315e+033
3.2832e+006,-2.59163e+033
3.3696e+006,-2.59011e+033
3.456e+006,-2.58859e+033
3.5424e+006,-2.58708e+033
3.6288e+006,-2.58557e+033
3.7152e+006,-2.58405e+033
3.8016e+006,-2.58254e+033
3.888e+006,-2.58104e+033
3.9744e+006,-2.57953e+033
4.0608e+006,-2.57803e+033
4.1472e+006,-2.57652e+033
4.2336e+006,-2.57502e+033
4.32e+006,-2.57352e+033
4.4064e+006,-2.57203e+033
4.4928e+006,-2.57053e+033
4.5792e+006,-2.56904e+033
4.6656e+006,-2.56755e+033
4.752e+006,-2.56606e+033
4.8384e+006,-2.56457e+033
4.9248e+006,-2.56308e+033
5.0112e+006,-2.5616e+033
5.0976e+006,-2.56012e+033
5.184e+006,-2.55864e+033
5.2704e+006,-2.55716e+033
5.3568e+006,-2.55569e+033
5.4432e+006,-2.55421e+033
5.5296e+006,-2.55274e+033
5.616e+006,-2.55128e+033
5.7024e+006,-2.54981e+033
5.7888e+006,-2.54835e+033
5.8752e+006,-2.54689e+033
5.9616e+006,-2.54543e+033
6.048e+006,-2.54397e+033
6.1344e+006,-2.54252e+033
6.2208e+006,-2.54106e+033
6.3072e+006,-2.53961e+033
6.3936e+006,-2.53817e+033
6.48e+006,-2.53672e+033
6.5664e+006,-2.53528e+033
6.6528e+006,-2.53384e+033
6.7392e+006,-2.53241e+033
6.8256e+006,-2.53097e+033
6.912e+006,-2.52954e+033
6.9984e+006,-2.52811e+033
7.0848e+006,-2.52669e+033
7.1712e+006,-2.52526e+033
7.2576e+006,-2.52384e+033
7.344e+006,-2.52242e+033
7.4304e+006,-2.52101e+033
7.5168e+006,-2.5196e+033
7.6032e+006,-2.51819e+033
7.6896e+006,-2.51678e+033
7.776e+006,-2.51538e+033
7.8624e+006,-2.51398e+033
7.9488e+006,-2.51258e+033
8.0352e+006,-2.51119e+033
8.1216e+006,-2.50979e+033
8.208e+006,-2.50841e+033
8.2944e+006,-2.50702e+033
8.3808e+006,-2.50564e+033
8.4672e+006,-2.50426e+033
8.5536e+006,-2.50288e+033
8.64e+006,-2.50151e+033
8.7264e+006,-2.50014e+033
8.8128e+006,-2.49877e+033
8.8992e+006,-2.49741e+033
8.9856e+006,-2.49605e+033
9.072e+006,-2.49469e+033
9.1584e+006,-2.49334e+033
9.2448e+006,-2.49199e+033
9.3312e+006,-2.49064e+033
9.4176e+006,-2.4893e+033
9.504e+006,-2.48796e+033
9.5904e+006,-2.48662e+033
9.6768e+006,-2.48529e+033
9.7632e+006,-2.48396e+033
9.8496e+006,-2.48263e+033
9.936e+006,-2.48131e+033
1.00224e+007,-2.47999e+033
1.01088e+007,-2.47867e+033
1.01952e+007,-2.47736e+033
1.02816e+007,-2.47605e+033
1.0368e+007,-2.47474e+033
1.04544e+007,-2.47344e+033
1.05408e+007,-2.47214e+033
1.06272e+007,-2.47085e+033
1.07136e+007,-2.46955e+033
1.08e+007,-2.46827e+033
1.08864e+007,-2.46698e+033
1.09728e+007,-2.4657e+033
1.10592e+007,-2.46442e+033
1.11456e+007,-2.46315e+033
1.1232e+007,-2.46188e+033
1.13184e+007,-2.46061e+033
1.14048e+007,-2.45935e+033
1.14912e+007,-2.45809e+033
1.15776e+007,-2.45683e+033
1.1664e+007,-2.45558e+033
1.17504e+007,-2.45433e+033
1.18368e+007,-2.45309e+033
1.19232e+007,-2.45185e+033
1.20096e+007,-2.45061e+033
1.2096e+007,-2.44938e+033
1.21824e+007,-2.44815e+033
1.22688e+007,-2.44692e+033
1.23552e+007,-2.4457e+033
1.24416e+007,-2.44448e+033
1.2528e+007,-2.44326e+033
1.26144e+007,-2.44205e+033
1.27008e+007,-2.44084e+033
1.27872e+007,-2.43964e+033
1.28736e+007,-2.43844e+033
1.296e+007,-2.43724e+033
1.30464e+007,-2.43605e+033
1.31328e+007,-2.43486e+033
1.32192e+007,-2.43367e+033
1.33056e+007,-2.43249e+033
1.3392e+007,-2.43131e+033
1.34784e+007,-2.43013e+033
1.35648e+007,-2.42896e+033
1.36512e+007,-2.42779e+033
1.37376e+007,-2.42663e+033
1.3824e+007,-2.42547e+033
1.39104e+007,-2.42431e+033
1.39968e+007,-2.42316e+033
1.40832e+007,-2.42201e+033
1.41696e+007,-2.42086e+033
1.4256e+007,-2.41972e+033
1.43424e+007,-2.41858e+033
1.44288e+007,-2.41745e+033
1.45152e+007,-2.41632e+033
1.46016e+007,-2.41519e+033
1.4688e+007,-2.41406e+033
1.47744e+007,-2.41294e+033
1.48608e+007,-2.41182e+033
1.49472e+007,-2.41071e+033
1.50336e+007,-2.4096e+033
1.512e+007,-2.40849e+033
1.52064e+007,-2.40739e+033
1.52928e+007,-2.40629e+033
1.53792e+007,-2.40519e+033
1.54656e+007,-2.4041e+033
1.5552e+007,-2.40301e+033
1.56384e+007,-2.40192e+033
1.57248e+007,-2.40084e+033
1.58112e+007,-2.39976e+033
1.58976e+007,-2.39869e+033
1.5984e+007,-2.39761e+033
1.60704e+007,-2.39654e+033
1.61568e+007,-2.39548e+033
1.62432e+007,-2.39441e+033
1.63296e+007,-2.39336e+033
1.6416e+007,-2.3923e+033
1.65024e+007,-2.39125e+033
1.65888e+007,-2.3902e+033
1.66752e+007,-2.38915e+033
1.67616e+007,-2.38811e+033
1.6848e+007,-2.38707e+033
1.69344e+007,-2.38603e+033
1.70208e+007,-2.385e+033
1.71072e+007,-2.38397e+033
1.71936e+007,-2.38294e+033
1.728e+007,-2.38192e+033
1.73664e+007,-2.3809e+033
1.74528e+007,-2.37988e+033
1.75392e+007,-2.37886e+033
1.76256e+007,-2.37785e+033
1.7712e+007,-2.37684e+033
1.77984e+007,-2.37584e+033
1.78848e+007,-2.37484e+033
1.79712e+007,-2.37384e+033
1.80576e+007,-2.37284e+033
1.8144e+007,-2.37185e+033
1.82304e+007,-2.37086e+033
1.83168e+007,-2.36987e+033
1.84032e+007,-2.36888e+033
1.84896e+007,-2.3679e+033
1.8576e+007,-2.36692e+033
1.86624e+007,-2.36595e+033
1.87488e+007,-2.36497e+033
1.88352e+007,-2.364e+033
1.89216e+007,-2.36303e+033
1.9008e+007,-2.36207e+033
1.90944e+007,-2.36111e+033
1.91808e+007,-2.36015e+033
1.92672e+007,-2.35919e+033
1.93536e+007,-2.35824e+033
1.944e+007,-2.35729e+033
1.95264e+007,-2.35634e+033
1.96128e+007,-2.35539e+033
1.96992e+007,-2.35445e+033
1.97856e+007,-2.35351e+033
1.9872e+007,-2.35257e+033
1.99584e+007,-2.35163e+033
2.00448e+007,-2.3507e+033
2.01312e+007,-2.34977e+033
2.02176e+007,-2.34884e+033
2.0304e+007,-2.34791e+033
2.03904e+007,-2.34699e+033
2.04768e+007,-2.34607e+033
2.05632e+007,-2.34515e+033
2.06496e+007,-2.34423e+033
2.0736e+007,-2.34332e+033
2.08224e+007,-2.34241e+033
2.09088e+007,-2.3415e+033
2.09952e+007,-2.34059e+033
2.10816e+007,-2.33969e+033
2.1168e+007,-2.33878e+033
2.12544e+007,-2.33788e+033
2.13408e+007,-2.33699e+033
2.14272e+007,-2.33609e+033
2.15136e+007,-2.3352e+033
2.16e+007,-2.33431e+033
2.16864e+007,-2.33342e+033
2.17728e+007,-2.33253e+033
2.18592e+007,-2.33165e+033
2.19456e+007,-2.33076e+033
2.2032e+007,-2.32988e+033
2.21184e+007,-2.329e+033
2.22048e+007,-2.32813e+033
2.22912e+007,-2.32725e+033
2.23776e+007,-2.32638e+033
2.2464e+007,-2.32551e+033
2.25504e+007,-2.32464e+033
2.26368e+007,-2.32377e+033
2.27232e+007,-2.32291e+033
2.28096e+007,-2.32205e+033
2.2896e+007,-2.32118e+033
2.29824e+007,-2.32033e+033
2.30688e+007,-2.31947e+033
2.31552e+007,-2.31861e+033
2.32416e+007,-2.31776e+033
2.3328e+007,-2.31691e+033
2.34144e+007,-2.31606e+033
2.35008e+007,-2.31521e+033
2.35872e+007,-2.31436e+033
2.36736e+007,-2.31352e+033
2.376e+007,-2.31267e+033
2.38464e+007,-2.31183e+033
2.39328e+007,-2.31099e+033
2.40192e+007,-2.31015e+033
2.41056e+007,-2.30932e+033
2.4192e+007,-2.30848e+033
2.42784e+007,-2.30765e+033
2.43648e+007,-2.30682e+033
2.44512e+007,-2.30599e+033
2.45376e+007,-2.30516e+033
2.4624e+007,-2.30433e+033
2.47104e+007,-2.3035e+033
2.47968e+007,-2.30268e+033
2.48832e+007,-2.30186e+033
2.49696e+007,-2.30104e+033
2.5056e+007,-2.30022e+033
2.51424e+007,-2.2994e+033
2.52288e+007,-2.29858e+033
2.53152e+007,-2.29777e+033
2.54016e+007,-2.29695e+033
2.5488e+007,-2.29614e+033
2.55744e+007,-2.29533e+033
2.56608e+007,-2.29452e+033
2.57472e+007,-2.29371e+033
2.58336e+007,-2.2929e+033
2.592e+007,-2.29209e+033
2.60064e+007,-2.29129e+033
2.60928e+007,-2.29048e+033
2.61792e+007,-2.28968e+033
2.62656e+007,-2.28888e+033
2.6352e+007,-2.28808e+033
2.64384e+007,-2.28728e+033
2.65248e+007,-2.28648e+033
2.66112e+007,-2.28568e+033
2.66976e+007,-2.28489e+033
2.6784e+007,-2.28409e+033
2.68704e+007,-2.2833e+033
2.69568e+007,-2.28251e+033
2.70432e+007,-2.28172e+033
2.71296e+007,-2.28093e+033
2.7216e+007,-2.28014e+033
2.73024e+007,-2.27935e+033
2.73888e+007,-2.27856e+033
2.74752e+007,-2.27777e+033
2.75616e+007,-2.27699e+033
2.7648e+007,-2.2762e+033
2.77344e+007,-2.27542e+033
2.78208e+007,-2.27464e+033
2.79072e+007,-2.27386e+033
2.79936e+007,-2.27308e+033
2.808e+007,-2.2723e+033
2.81664e+007,-2.27152e+033
2.82528e+007,-2.27074e+033
2.83392e+007,-2.26996e+033
2.84256e+007,-2.26919e+033
2.8512e+007,-2.26841e+033
2.85984e+007,-2.26764e+033
2.86848e+007,-2.26686e+033
2.87712e+007,-2.26609e+033
2.88576e+007,-2.26532e+033
2.8944e+007,-2.26454e+033
2.90304e+007,-2.26377e+033
2.91168e+007,-2.263e+033
2.92032e+007,-2.26223e+033
2.92896e+007,-2.26147e+033
2.9376e+007,-2.2607e+033
2.94624e+007,-2.25993e+033
2.95488e+007,-2.25916e+033
2.96352e+007,-2.2584e+033
2.97216e+007,-2.25763e+033
2.9808e+007,-2.25687e+033
2.98944e+007,-2.2561e+033
2.99808e+007,-2.25534e+033
3.00672e+007,-2.25458e+033
3.01536e+007,-2.25382e+033
3.024e+007,-2.25305e+033
3.03264e+007,-2.25229e+033
3.04128e+007,-2.25153e+033
3.04992e+007,-2.25077e+033
3.05856e+007,-2.25001e+033
3.0672e+007,-2.24925e+033
3.07584e+007,-2.2485e+033
3.08448e+007,-2.24774e+033
3.09312e+007,-2.24698e+033
3.10176e+007,-2.24622e+033
3.1104e+007,-2.24547e+033
3.11904e+007,-2.24471e+033
3.12768e+007,-2.24396e+033
3.13632e+007,-2.2432e+033
3.14496e+007,-2.24245e+033
3.1536e+007,-2.24169e+033
3.16224e+007,-2.24094e+033
3.17088e+007,-2.24019e+033
3.17952e+007,-2.23943e+033
3.18816e+007,-2.23868e+033
3.1968e+007,-2.23793e+033
3.20544e+007,-2.23718e+033
3.21408e+007,-2.23643e+033
3.22272e+007,-2.23568e+033
3.23136e+007,-2.23493e+033
3.24e+007,-2.23418e+033
3.24864e+007,-2.23343e+033
3.25728e+007,-2.23268e+033
3.26592e+007,-2.23193e+033
3.27456e+007,-2.23118e+033
3.2832e+007,-2.23043e+033
3.29184e+007,-2.22968e+033
3.30048e+007,-2.22893e+033
3.30912e+007,-2.22819e+033
3.31776e+007,-2.22744e+033
3.3264e+007,-2.22669e+033
3.33504e+007,-2.22595e+033
3.34368e+007,-2.2252e+033
3.35232e+007,-2.22445e+033
3.36096e+007,-2.22371e+033
3.3696e+007,-2.22296e+033
3.37824e+007,-2.22222e+033
3.38688e+007,-2.22147e+033
3.39552e+007,-2.22073e+033
3.40416e+007,-2.21998e+033
3.4128e+007,-2.21924e+033
3.42144e+007,-2.21849e+033
3.43008e+007,-2.21775e+033
3.43872e+007,-2.21701e+033
3.44736e+007,-2.21626e+033
3.456e+007,-2.21552e+033
3.46464e+007,-2.21478e+033
3.47328e+007,-2.21403e+033
3.48192e+007,-2.21329e+033
3.49056e+007,-2.21255e+033
3.4992e+007,-2.2118e+033
3.50784e+007,-2.21106e+033
3.51648e+007,-2.21032e+033
3.52512e+007,-2.20958e+033
3.53376e+007,-2.20884e+033
3.5424e+007,-2.20809e+033
3.55104e+007,-2.20735e+033
3.55968e+007,-2.20661e+033
3.56832e+007,-2.20587e+033
3.57696e+007,-2.20513e+033
3.5856e+007,-2.20439e+033
3.59424e+007,-2.20365e+033
3.60288e+007,-2.20291e+033
3.61152e+007,-2.20217e+033
3.62016e+007,-2.20143e+033
3.6288e+007,-2.20069e+033
3.63744e+007,-2.19995e+033
3.64608e+007,-2.19921e+033
3.65472e+007,-2.19847e+033
3.66336e+007,-2.19773e+033
3.672e+007,-2.19699e+033
3.68064e+007,-2.19625e+033
3.68928e+007,-2.19551e+033
3.69792e+007,-2.19477e+033
3.70656e+007,-2.19403e+033
3.7152e+007,-2.19329e+033
3.72384e+007,-2.19255e+033
3.73248e+007,-2.19181e+033
3.74112e+007,-2.19108e+033
3.74976e+007,-2.19034e+033
3.7584e+007,-2.1896e+033
3.76704e+007,-2.18886e+033
3.77568e+007,-2.18812e+033
3.78432e+007,-2.18738e+033
3.79296e+007,-2.18665e+033
3.8016e+007,-2.18591e+033
3.81024e+007,-2.18517e+033
3.81888e+007,-2.18443e+033
3.82752e+007,-2.1837e+033
3.83616e+007,-2.18296e+033
3.8448e+007,-2.18222e+033
3.85344e+007,-2.18149e+033
3.86208e+007,-2.18075e+033
3.87072e+007,-2.18001e+033
3.87936e+007,-2.17928e+033
3.888e+007,-2.17854e+033
3.89664e+007,-2.1778e+033
3.90528e+007,-2.17707e+033
3.91392e+007,-2.17633e+033
3.92256e+007,-2.1756e+033
3.9312e+007,-2.17486e+033
3.93984e+007,-2.17413e+033
3.94848e+007,-2.17339e+033
3.95712e+007,-2.17266e+033
3.96576e+007,-2.17192e+033
3.9744e+007,-2.17119e+033
3.98304e+007,-2.17045e+033
3.99168e+007,-2.16972e+033
4.00032e+007,-2.16899e+033
4.00896e+007,-2.16825e+033
4.0176e+007,-2.16752e+033
4.02624e+007,-2.16678e+033
4.03488e+007,-2.16605e+033
4.04352e+007,-2.16532e+033
4.05216e+007,-2.16459e+033
4.0608e+007,-2.16385e+033
4.06944e+007,-2.16312e+033
4.07808e+007,-2.16239e+033
4.08672e+007,-2.16166e+033
4.09536e+007,-2.16093e+033
4.104e+007,-2.1602e+033
4.11264e+007,-2.15946e+033
4.12128e+007,-2.15873e+033
4.12992e+007,-2.158e+033
4.13856e+007,-2.15727e+033
4.1472e+007,-2.15654e+033
4.15584e+007,-2.15581e+033
4.16448e+007,-2.15508e+033
4.17312e+007,-2.15436e+033
4.18176e+007,-2.15363e+033
4.1904e+007,-2.1529e+033
4.19904e+007,-2.15217e+033
4.20768e+007,-2.15144e+033
4.21632e+007,-2.15072e+033
4.22496e+007,-2.14999e+033
4.2336e+007,-2.14926e+033
4.24224e+007,-2.14854e+033
4.25088e+007,-2.14781e+033
4.25952e+007,-2.14709e+033
4.26816e+007,-2.14636e+033
4.2768e+007,-2.14564e+033
4.28544e+007,-2.14491e+033
4.29408e+007,-2.14419e+033
4.30272e+007,-2.14347e+033
4.31136e+007,-2.14274e+033
4.32e+007,-2.14202e+033
4.32864e+007,-2.1413e+033
4.33728e+007,-2.14058e+033
4.34592e+007,-2.13986e+033
4.35456e+007,-2.13913e+033
4.3632e+007,-2.13841e+033
4.37184e+007,-2.1377e+033
4.38048e+007,-2.13698e+033
4.38912e+007,-2.13626e+033
4.39776e+007,-2.13554e+033
4.4064e+007,-2.13482e+033
4.41504e+007,-2.1341e+033
4.42368e+007,-2.13339e+033
4.43232e+007,-2.13267e+033
4.44096e+007,-2.13196e+033
4.4496e+007,-2.13124e+033
4.45824e+007,-2.13053e+033
4.46688e+007,-2.12981e+033
4.47552e+007,-2.1291e+033
4.48416e+007,-2.12839e+033
4.4928e+007,-2.12768e+033
4.50144e+007,-2.12697e+033
4.51008e+007,-2.12625e+033
4.51872e+007,-2.12554e+033
4.52736e+007,-2.12484e+033
4.536e+007,-2.12413e+033
4.54464e+007,-2.12342e+033
4.55328e+007,-2.12271e+033
4.56192e+007,-2.122e+033
4.57056e+007,-2.1213e+033
4.5792e+007,-2.12059e+033
4.58784e+007,-2.11989e+033
4.59648e+007,-2.11918e+033
4.60512e+007,-2.11848e+033
4.61376e+007,-2.11778e+033
4.6224e+007,-2.11708e+033
4.63104e+007,-2.11638e+033
4.63968e+007,-2.11568e+033
4.64832e+007,-2.11498e+033
4.65696e+007,-2.11428e+033
4.6656e+007,-2.11358e+033
4.67424e+007,-2.11288e+033
4.68288e+007,-2.11219e+033
4.69152e+007,-2.11149e+033
4.70016e+007,-2.1108e+033
4.7088e+007,-2.11011e+033
4.71744e+007,-2.10941e+033
4.72608e+007,-2.10872e+033
4.73472e+007,-2.10803e+033
4.74336e+007,-2.10734e+033
4.752e+007,-2.10665e+033
4.76064e+007,-2.10596e+033
4.76928e+007,-2.10527e+033
4.77792e+007,-2.10459e+033
4.78656e+007,-2.1039e+033
4.7952e+007,-2.10322e+033
4.80384e+007,-2.10253e+033
4.81248e+007,-2.10185e+033
4.82112e+007,-2.10117e+033
4.82976e+007,-2.10049e+033
4.8384e+007,-2.09981e+033
4.84704e+007,-2.09913e+033
4.85568e+007,-2.09845e+033
4.86432e+007,-2.09777e+033
4.87296e+007,-2.0971e+033
4.8816e+007,-2.09642e+033
4.89024e+007,-2.09575e+033
4.89888e+007,-2.09507e+033
4.90752e+007,-2.0944e+033
4.91616e+007,-2.09373e+033
4.9248e+007,-2.09306e+033
4.93344e+007,-2.09239e+033
4.94208e+007,-2.09172e+033
4.95072e+007,-2.09106e+033
4.95936e+007,-2.09039e+033
4.968e+007,-2.08973e+033
4.97664e+007,-2.08906e+033
4.98528e+007,-2.0884e+033
4.99392e+007,-2.08774e+033
5.00256e+007,-2.08708e+033
5.0112e+007,-2.08642e+033
5.01984e+007,-2.08576e+033
5.02848e+007,-2.0851e+033
5.03712e+007,-2.08445e+033
5.04576e+007,-2.08379e+033
5.0544e+007,-2.08314e+033
5.06304e+007,-2.08249e+033
5.07168e+007,-2.08183e+033
5.08032e+007,-2.08118e+033
5.08896e+007,-2.08054e+033
5.0976e+007,-2.07989e+033
5.10624e+007,-2.07924e+033
5.11488e+007,-2.07859e+033
5.12352e+007,-2.07795e+033
5.13216e+007,-2.07731e+033
5.1408e+007,-2.07666e+033
5.14944e+007,-2.07602e+033
5.15808e+007,-2.07538e+033
5.16672e+007,-2.07474e+033
5.17536e+007,-2.07411e+033
5.184e+007,-2.07347e+033
5.19264e+007,-2.07284e+033
5.20128e+007,-2.0722e+033
5.20992e+007,-2.07157e+033
5.21856e+007,-2.07094e+033
5.2272e+007,-2.07031e+033
5.23584e+007,-2.06968e+033
5.24448e+007,-2.06905e+033
5.25312e+007,-2.06842e+033
5.26176e+007,-2.0678e+033
5.2704e+007,-2.06717e+033
5.27904e+007,-2.06655e+033
5.28768e+007,-2.06593e+033
5.29632e+007,-2.06531e+033
5.30496e+007,-2.06469e+033
5.3136e+007,-2.06407e+033
5.32224e+007,-2.06345e+033
5.33088e+007,-2.06284e+033
5.33952e+007,-2.06222e+033
5.34816e+007,-2.06161e+033
5.3568e+007,-2.061e+033
5.36544e+007,-2.06039e+033
5.37408e+007,-2.05978e+033
5.38272e+007,-2.05917e+033
5.39136e+007,-2.05856e+033
5.4e+007,-2.05796e+033
5.40864e+007,-2.05735e+033
5.41728e+007,-2.05675e+033
5.42592e+007,-2.05615e+033
5.43456e+007,-2.05555e+033
5.4432e+007,-2.05495e+033
5.45184e+007,-2.05435e+033
5.46048e+007,-2.05375e+033
5.46912e+007,-2.05316e+033
5.47776e+007,-2.05256e+033
5.4864e+007,-2.05197e+033
5.49504e+007,-2.05138e+033
5.50368e+007,-2.05079e+033
5.51232e+007,-2.0502e+033
5.52096e+007,-2.04961e+033
5.5296e+007,-2.04902e+033
5.53824e+007,-2.04844e+033
5.54688e+007,-2.04785e+033
5.55552e+007,-2.04727e+033
5.56416e+007,-2.04669e+033
5.5728e+007,-2.04611e+033
5.58144e+007,-2.04553e+033
5.59008e+007,-2.04495e+033
5.59872e+007,-2.04437e+033
5.60736e+007,-2.04379e+033
5.616e+007,-2.04322e+033
5.62464e+007,-2.04265e+033
5.63328e+007,-2.04207e+033
5.64192e+007,-2.0415e+033
5.65056e+007,-2.04093e+033
5.6592e+007,-2.04036e+033
5.66784e+007,-2.0398e+033
5.67648e+007,-2.03923e+033
5.68512e+007,-2.03867e+033
5.69376e+007,-2.0381e+033
5.7024e+007,-2.03754e+033
5.71104e+007,-2.03698e+033
5.71968e+007,-2.03642e+033
5.72832e+007,-2.03586e+033
5.73696e+007,-2.0353e+033
5.7456e+007,-2.03475e+033
5.75424e+007,-2.03419e+033
5.76288e+007,-2.03364e+033
5.77152e+007,-2.03308e+033
5.78016e+007,-2.03253e+033
5.7888e+007,-2.03198e+033
5.79744e+007,-2.03143e+033
5.80608e+007,-2.03088e+033
5.81472e+007,-2.03034e+033
5.82336e+007,-2.02979e+033
5.832e+007,-2.02925e+033
5.84064e+007,-2.0287e+033
5.84928e+007,-2.02816e+033
5.85792e+007,-2.02762e+033
5.86656e+007,-2.02708e+033
5.8752e+007,-2.02654e+033
5.88384e+007,-2.026e+033
5.89248e+007,-2.02547e+033
5.90112e+007,-2.02493e+033
5.90976e+007,-2.0244e+033
5.9184e+007,-2.02386e+033
5.92704e+007,-2.02333e+033
5.93568e+007,-2.0228e+033
5.94432e+007,-2.02227e+033
5.95296e+007,-2.02174e+033
5.9616e+007,-2.02121e+033
5.97024e+007,-2.02069e+033
5.97888e+007,-2.02016e+033
5.98752e+007,-2.01964e+033
5.99616e+007,-2.01911e+033
6.0048e+007,-2.01859e+033
6.01344e+007,-2.01807e+033
6.02208e+007,-2.01755e+033
6.03072e+007,-2.01703e+033
6.03936e+007,-2.01651e+033
6.048e+007,-2.01599e+033
6.05664e+007,-2.01548e+033
6.06528e+007,-2.01496e+033
6.07392e+007,-2.01445e+033
6.08256e+007,-2.01394e+033
6.0912e+007,-2.01343e+033
6.09984e+007,-2.01291e+033
6.10848e+007,-2.0124e+033
6.11712e+007,-2.0119e+033
6.12576e+007,-2.01139e+033
6.1344e+007,-2.01088e+033
6.14304e+007,-2.01038e+033
6.15168e+007,-2.00987e+033
6.16032e+007,-2.00937e+033
6.16896e+007,-2.00886e+033
6.1776e+007,-2.00836e+033
6.18624e+007,-2.00786e+033
6.19488e+007,-2.00736e+033
6.20352e+007,-2.00686e+033
6.21216e+007,-2.00636e+033
6.2208e+007,-2.00587e+033
6.22944e+007,-2.00537e+033
6.23808e+007,-2.00488e+033
6.24672e+007,-2.00438e+033
6.25536e+007,-2.00389e+033
6.264e+007,-2.0034e+033
6.27264e+007,-2.0029e+033
6.28128e+007,-2.00241e+033
6.28992e+007,-2.00192e+033
6.29856e+007,-2.00144e+033
6.3072e+007,-2.00095e+033
6.31584e+007,-2.00046e+033
6.32448e+007,-1.99997e+033
6.33312e+007,-1.99949e+033
6.34176e+007,-1.999e+033
6.3504e+007,-1.99852e+033
6.35904e+007,-1.99804e+033
6.36768e+007,-1.99756e+033
6.37632e+007,-1.99708e+033
6.38496e+007,-1.9966e+033
6.3936e+007,-1.99612e+033
6.40224e+007,-1.99564e+033
6.41088e+007,-1.99516e+033
6.41952e+007,-1.99468e+033
6.42816e+007,-1.99421e+033
6.4368e+007,-1.99373e+033
6.44544e+007,-1.99326e+033
6.45408e+007,-1.99278e+033
6.46272e+007,-1.99231e+033
6.47136e+007,-1.99184e+033
6.48e+007,-1.99137e+033
6.48864e+007,-1.9909e+033
6.49728e+007,-1.99043e+033
6.50592e+007,-1.98996e+033
6.51456e+007,-1.98949e+033
6.5232e+007,-1.98902e+033
6.53184e+007,-1.98856e+033
6.54048e+007,-1.98809e+033
6.54912e+007,-1.98763e+033
6.55776e+007,-1.98716e+033
6.5664e+007,-1.9867e+033
6.57504e+007,-1.98623e+033
6.58368e+007,-1.98577e+033
6.59232e+007,-1.98531e+033
6.60096e+007,-1.98485e+033
6.6096e+007,-1.98439e+033
6.61824e+007,-1.98393e+033
6.62688e+007,-1.98347e+033
6.63552e+007,-1.98301e+033
6.64416e+007,-1.98256e+033
6.6528e+007,-1.9821e+033
6.66144e+007,-1.98164e+033
6.67008e+007,-1.98119e+033
6.67872e+007,-1.98073e+033
6.68736e+007,-1.98028e+033
6.696e+007,-1.97982e+033
6.70464e+007,-1.97937e+033
6.71328e+007,-1.97892e+033
6.72192e+007,-1.97847e+033
6.73056e+007,-1.97802e+033
6.7392e+007,-1.97757e+033
6.74784e+007,-1.97712e+033
6.75648e+007,-1.97667e+033
6.76512e+007,-1.97622e+033
6.77376e+007,-1.97577e+033
6.7824e+007,-1.97532e+033
6.79104e+007,-1.97488e+033
6.79968e+007,-1.97443e+033
6.80832e+007,-1.97398e+033
6.81696e+007,-1.97354e+033
6.8256e+007,-1.97309e+033
6.83424e+007,-1.97265e+033
6.84288e+007,-1.97221e+033
6.85152e+007,-1.97176e+033
6.86016e+007,-1.97132e+033
6.8688e+007,-1.97088e+033
6.87744e+007,-1.97044e+033
6.88608e+007,-1.97e+033
6.89472e+007,-1.96956e+033
6.90336e+007,-1.96912e+033
6.912e+007,-1.96868e+033
6.92064e+007,-1.96824e+033
6.92928e+007,-1.9678e+033
6.93792e+007,-1.96736e+033
6.94656e+007,-1.96692e+033
6.9552e+007,-1.96649e+033
6.96384e+007,-1.96605e+033
6.97248e+007,-1.96562e+033
6.98112e+007,-1.96518e+033
6.98976e+007,-1.96474e+033
6.9984e+007,-1.96431e+033
7.00704e+007,-1.96388e+033
7.01568e+007,-1.96344e+033
7.02432e+007,-1.96301e+033
7.03296e+007,-1.96258e+033
7.0416e+007,-1.96214e+033
7.05024e+007,-1.96171e+033
7.05888e+007,-1.96128e+033
7.06752e+007,-1.96085e+033
7.07616e+007,-1.96042e+033
7.0848e+007,-1.95999e+033
7.09344e+007,-1.95956e+033
7.10208e+007,-1.95913e+033
7.11072e+007,-1.9587e+033
7.11936e+007,-1.95827e+033
7.128e+007,-1.95784e+033
7.13664e+007,-1.95741e+033
7.14528e+007,-1.95699e+033
7.15392e+007,-1.95656e+033
7.16256e+007,-1.95613e+033
7.1712e+007,-1.9557e+033
7.17984e+007,-1.95528e+033
7.18848e+007,-1.95485e+033
7.19712e+007,-1.95443e+033
7.20576e+007,-1.954e+033
7.2144e+007,-1.95358e+033
7.22304e+007,-1.95315e+033
7.23168e+007,-1.95273e+033
7.24032e+007,-1.9523e+033
7.24896e+007,-1.95188e+033
7.2576e+007,-1.95146e+033
7.26624e+007,-1.95103e+033
7.27488e+007,-1.95061e+033
7.28352e+007,-1.95019e+033
7.29216e+007,-1.94977e+033
7.3008e+007,-1.94934e+033
7.30944e+007,-1.94892e+033
7.31808e+007,-1.9485e+033
7.32672e+007,-1.94808e+033
7.33536e+007,-1.94766e+033
7.344e+007,-1.94724e+033
7.35264e+007,-1.94682e+033
7.36128e+007,-1.9464e+033
7.36992e+007,-1.94598e+033
7.37856e+007,-1.94556e+033
7.3872e+007,-1.94514e+033
7.39584e+007,-1.94472e+033
7.40448e+007,-1.9443e+033
7.41312e+007,-1.94388e+033
7.42176e+007,-1.94347e+033
7.4304e+007,-1.94305e+033
7.43904e+007,-1.94263e+033
7.44768e+007,-1.94221e+033
7.45632e+007,-1.94179e+033
7.46496e+007,-1.94138e+033
7.4736e+007,-1.94096e+033
7.48224e+007,-1.94054e+033
7.49088e+007,-1.94013e+033
7.49952e+007,-1.93971e+033
7.50816e+007,-1.93929e+033
7.5168e+007,-1.93888e+033
7.52544e+007,-1.93846e+033
7.53408e+007,-1.93805e+033
7.54272e+007,-1.93763e+033
7.55136e+007,-1.93721e+033
7.56e+007,-1.9368e+033
7.56864e+007,-1.93638e+033
7.57728e+007,-1.93597e+033
7.58592e+007,-1.93556e+033
7.59456e+007,-1.93514e+033
7.6032e+007,-1.93473e+033
7.61184e+007,-1.93431e+033
7.62048e+007,-1.9339e+033
7.62912e+007,-1.93348e+033
7.63776e+007,-1.93307e+033
7.6464e+007,-1.93266e+033
7.65504e+007,-1.93224e+033
7.66368e+007,-1.93183e+033
7.67232e+007,-1.93142e+033
7.68096e+007,-1.931e+033
7.6896e+007,-1.93059e+033
7.69824e+007,-1.93018e+033
7.70688e+007,-1.92976e+033
7.71552e+007,-1.92935e+033
7.72416e+007,-1.92894e+033
7.7328e+007,-1.92852e+033
7.74144e+007,-1.92811e+033
7.75008e+007,-1.9277e+033
7.75872e+007,-1.92729e+033
7.76736e+007,-1.92688e+033
7.776e+007,-1.92646e+033
7.78464e+007,-1.92605e+033
7.79328e+007,-1.92564e+033
7.80192e+007,-1.92523e+033
7.81056e+007,-1.92482e+033
7.8192e+007,-1.9244e+033
7.82784e+007,-1.92399e+033
7.83648e+007,-1.92358e+033
7.84512e+007,-1.92317e+033
7.85376e+007,-1.92276e+033
7.8624e+007,-1.92235e+033
7.87104e+007,-1.92193e+033
7.87968e+007,-1.92152e+033
7.88832e+007,-1.92111e+033
7.89696e+007,-1.9207e+033
7.9056e+007,-1.92029e+033
7.91424e+007,-1.91988e+033
7.92288e+007,-1.91947e+033
7.93152e+007,-1.91906e+033
7.94016e+007,-1.91864e+033
7.9488e+007,-1.91823e+033
7.95744e+007,-1.91782e+033
7.96608e+007,-1.91741e+033
7.97472e+007,-1.917e+033
7.98336e+007,-1.91659e+033
7.992e+007,-1.91618e+033
8.00064e+007,-1.91577e+033
8.00928e+007,-1.91536e+033
8.01792e+007,-1.91495e+033
8.02656e+007,-1.91454e+033
8.0352e+007,-1.91412e+033
8.04384e+007,-1.91371e+033
8.05248e+007,-1.9133e+033
8.06112e+007,-1.91289e+033
8.06976e+007,-1.91248e+033
8.0784e+007,-1.91207e+033
8.08704e+007,-1.91166e+033
8.09568e+007,-1.91125e+033
8.10432e+007,-1.91084e+033
8.11296e+007,-1.91043e+033
8.1216e+007,-1.91002e+033
8.13024e+007,-1.90961e+033
8.13888e+007,-1.9092e+033
8.14752e+007,-1.90878e+033
8.15616e+007,-1.90837e+033
8.1648e+007,-1.90796e+033
8.17344e+007,-1.90755e+033
8.18208e+007,-1.90714e+033
8.19072e+007,-1.90673e+033
8.19936e+007,-1.90632e+033
8.208e+007,-1.90591e+033
8.21664e+007,-1.9055e+033
8.22528e+007,-1.90509e+033
8.23392e+007,-1.90468e+033
8.24256e+007,-1.90426e+033
8.2512e+007,-1.90385e+033
8.25984e+007,-1.90344e+033
8.26848e+007,-1.90303e+033
8.27712e+007,-1.90262e+033
8.28576e+007,-1.90221e+033
8.2944e+007,-1.9018e+033
8.30304e+007,-1.90139e+033
8.31168e+007,-1.90098e+033
8.32032e+007,-1.90057e+033
8.32896e+007,-1.90015e+033
8.3376e+007,-1.89974e+033
8.34624e+007,-1.89933e+033
8.35488e+007,-1.89892e+033
8.36352e+007,-1.89851e+033
8.37216e+007,-1.8981e+033
8.3808e+007,-1.89769e+033
8.38944e+007,-1.89727e+033
8.39808e+007,-1.89686e+033
8.40672e+007,-1.89645e+033
8.41536e+007,-1.89604e+033
8.424e+007,-1.89563e+033
8.43264e+007,-1.89522e+033
8.44128e+007,-1.89481e+033
8.44992e+007,-1.89439e+033
8.45856e+007,-1.89398e+033
8.4672e+007,-1.89357e+033
8.47584e+007,-1.89316e+033
8.48448e+007,-1.89275e+033
8.49312e+007,-1.89234e+033
8.50176e+007,-1.89192e+033
8.5104e+007,-1.89151e+033
8.51904e+007,-1.8911e+033
8.52768e+007,-1.89069e+033
8.53632e+007,-1.89028e+033
8.54496e+007,-1.88986e+033
8.5536e+007,-1.88945e+033
8.56224e+007,-1.88904e+033
8.57088e+007,-1.88863e+033
8.57952e+007,-1.88822e+033
8.58816e+007,-1.8878e+033
8.5968e+007,-1.88739e+033
8.60544e+007,-1.88698e+033
8.61408e+007,-1.88657e+033
8.62272e+007,-1.88615e+033
8.63136e+007,-1.88574e+033
8.64e+007,-1.88533e+033
8.64864e+007,-1.88492e+033
8.65728e+007,-1.88451e+033
8.66592e+007,-1.88409e+033
8.67456e+007,-1.88368e+033
8.6832e+007,-1.88327e+033
8.69184e+007,-1.88286e+033
8.70048e+007,-1.88244e+033
8.70912e+007,-1.88203e+033
8.71776e+007,-1.88162e+033
8.7264e+007,-1.88121e+033
8.73504e+007,-1.88079e+033
8.74368e+007,-1.88038e+033
8.75232e+007,-1.87997e+033
8.76096e+007,-1.87956e+033
8.7696e+007,-1.87915e+033
8.77824e+007,-1.87873e+033
8.78688e+007,-1.87832e+033
8.79552e+007,-1.87791e+033
8.80416e+007,-1.8775e+033
8.8128e+007,-1.87708e+033
8.82144e+007,-1.87667e+033
8.83008e+007,-1.87626e+033
8.83872e+007,-1.87585e+033
8.84736e+007,-1.87543e+033
8.856e+007,-1.87502e+033
8.86464e+007,-1.87461e+033
8.87328e+007,-1.8742e+033
8.88192e+007,-1.87378e+033
8.89056e+007,-1.87337e+033
8.8992e+007,-1.87296e+033
8.90784e+007,-1.87255e+033
8.91648e+007,-1.87214e+033
8.92512e+007,-1.87172e+033
8.93376e+007,-1.87131e+033
8.9424e+007,-1.8709e+033
8.95104e+007,-1.87049e+033
8.95968e+007,-1.87008e+033
8.96832e+007,-1.86966e+033
8.97696e+007,-1.86925e+033
8.9856e+007,-1.86884e+033
8.99424e+007,-1.86843e+033
9.00288e+007,-1.86802e+033
9.01152e+007,-1.86761e+033
9.02016e+007,-1.86719e+033
9.0288e+007,-1.86678e+033
9.03744e+007,-1.86637e+033
9.04608e+007,-1.86596e+033
9.05472e+007,-1.86555e+033
9.06336e+007,-1.86514e+033
9.072e+007,-1.86473e+033
9.08064e+007,-1.86431e+033
9.08928e+007,-1.8639e+033
9.09792e+007,-1.86349e+033
9.10656e+007,-1.86308e+033
9.1152e+007,-1.86267e+033
9.12384e+007,-1.86226e+033
9.13248e+007,-1.86185e+033
9.14112e+007,-1.86144e+033
9.14976e+007,-1.86103e+033
9.1584e+007,-1.86062e+033
9.16704e+007,-1.86021e+033
9.17568e+007,-1.8598e+033
9.18432e+007,-1.85939e+033
9.19296e+007,-1.85898e+033
9.2016e+007,-1.85857e+033
9.21024e+007,-1.85816e+033
9.21888e+007,-1.85775e+033
9.22752e+007,-1.85734e+033
9.23616e+007,-1.85693e+033
9.2448e+007,-1.85652e+033
9.25344e+007,-1.85612e+033
9.26208e+007,-1.85571e+033
9.27072e+007,-1.8553e+033
9.27936e+007,-1.85489e+033
9.288e+007,-1.85448e+033
9.29664e+007,-1.85407e+033
9.30528e+007,-1.85367e+033
9.31392e+007,-1.85326e+033
9.32256e+007,-1.85285e+033
9.3312e+007,-1.85244e+033
9.33984e+007,-1.85204e+033
9.34848e+007,-1.85163e+033
9.35712e+007,-1.85122e+033
9.36576e+007,-1.85082e+033
9.3744e+007,-1.85041e+033
9.38304e+007,-1.85e+033
9.39168e+007,-1.8496e+033
9.40032e+007,-1.84919e+033
9.40896e+007,-1.84879e+033
9.4176e+007,-1.84838e+033
9.42624e+007,-1.84797e+033
9.43488e+007,-1.84757e+033
9.44352e+007,-1.84716e+033
9.45216e+007,-1.84676e+033
9.4608e+007,-1.84636e+033
9.46944e+007,-1.84595e+033
9.47808e+007,-1.84555e+033
9.48672e+007,-1.84514e+033
9.49536e+007,-1.84474e+033
9.504e+007,-1.84434e+033
9.51264e+007,-1.84393e+033
9.52128e+007,-1.84353e+033
9.52992e+007,-1.84313e+033
9.53856e+007,-1.84273e+033
9.5472e+007,-1.84233e+033
9.55584e+007,-1.84192e+033
9.56448e+007,-1.84152e+033
9.57312e+007,-1.84112e+033
9.58176e+007,-1.84072e+033
9.5904e+007,-1.84032e+033
9.59904e+007,-1.83992e+033
9.60768e+007,-1.83952e+033
9.61632e+007,-1.83912e+033
9.62496e+007,-1.83872e+033
9.6336e+007,-1.83832e+033
9.64224e+007,-1.83792e+033
9.65088e+007,-1.83753e+033
9.65952e+007,-1.83713e+033
9.66816e+007,-1.83673e+033
9.6768e+007,-1.83633e+033
9.68544e+007,-1.83593e+033
9.69408e+007,-1.83554e+033
9.70272e+007,-1.83514e+033
9.71136e+007,-1.83475e+033
9.72e+007,-1.83435e+033
9.72864e+007,-1.83395e+033
9.73728e+007,-1.83356e+033
9.74592e+007,-1.83316e+033
9.75456e+007,-1.83277e+033
9.7632e+007,-1.83238e+033
9.77184e+007,-1.83198e+033
9.78048e+007,-1.83159e+033
9.78912e+007,-1.83119e+033
9.79776e+007,-1.8308e+033
9.8064e+007,-1.83041e+033
9.81504e+007,-1.83002e+033
9.82368e+007,-1.82963e+033
9.83232e+007,-1.82924e+033
9.84096e+007,-1.82884e+033
9.8496e+007,-1.82845e+033
9.85824e+007,-1.82806e+033
9.86688e+007,-1.82767e+033
9.87552e+007,-1.82728e+033
9.88416e+007,-1.8269e+033
9.8928e+007,-1.82651e+033
9.90144e+007,-1.82612e+033
9.91008e+007,-1.82573e+033
9.91872e+007,-1.82534e+033
9.92736e+007,-1.82496e+033
9.936e+007,-1.82457e+033
9.94464e+007,-1.82419e+033
9.95328e+007,-1.8238e+033
9.96192e+007,-1.82341e+033
9.97056e+007,-1.82303e+033
9.9792e+007,-1.82265e+033
9.98784e+007,-1.82226e+033
9.99648e+007,-1.82188e+033
1.00051e+008,-1.8215e+033
1.00138e+008,-1.82111e+033
1.00224e+008,-1.82073e+033
1.0031e+008,-1.82035e+033
1.00397e+008,-1.81997e+033
1.00483e+008,-1.81959e+033
1.0057e+008,-1.81921e+033
1.00656e+008,-1.81883e+033
1.00742e+008,-1.81845e+033
1.00829e+008,-1.81807e+033
1.00915e+008,-1.81769e+033
1.01002e+008,-1.81731e+033
1.01088e+008,-1.81693e+033
1.01174e+008,-1.81656e+033
1.01261e+008,-1.81618e+033
1.01347e+008,-1.8158e+033
1.01434e+008,-1.81543e+033
1.0152e+008,-1.81505e+033
1.01606e+008,-1.81468e+033
1.01693e+008,-1.8143e+033
1.01779e+008,-1.81393e+033
1.01866e+008,-1.81356e+033
1.01952e+008,-1.81318e+033
1.02038e+008,-1.81281e+033
1.02125e+008,-1.81244e+033
1.02211e+008,-1.81207e+033
1.02298e+008,-1.8117e+033
1.02384e+008,-1.81133e+033
1.0247e+008,-1.81096e+033
1.02557e+008,-1.81059e+033
1.02643e+008,-1.81022e+033
1.0273e+008,-1.80985e+033
1.02816e+008,-1.80948e+033
1.02902e+008,-1.80912e+033
1.02989e+008,-1.80875e+033
1.03075e+008,-1.80838e+033
1.03162e+008,-1.80802e+033
1.03248e+008,-1.80765e+033
1.03334e+008,-1.80729e+033
1.03421e+008,-1.80692e+033
1.03507e+008,-1.80656e+033
1.03594e+008,-1.80619e+033
1.0368e+008,-1.80583e+033
1.03766e+008,-1.80547e+033
1.03853e+008,-1.80511e+033
1.03939e+008,-1.80475e+033
1.04026e+008,-1.80439e+033
1.04112e+008,-1.80403e+033
1.04198e+008,-1.80367e+033
1.04285e+008,-1.80331e+033
1.04371e+008,-1.80295e+033
1.04458e+008,-1.80259e+033
1.04544e+008,-1.80223e+033
1.0463e+008,-1.80188e+033
1.04717e+008,-1.80152e+033
1.04803e+008,-1.80116e+033
1.0489e+008,-1.80081e+033
1.04976e+008,-1.80045e+033
1.05062e+008,-1.8001e+033
1.05149e+008,-1.79975e+033
1.05235e+008,-1.79939e+033
1.05322e+008,-1.79904e+033
1.05408e+008,-1.79869e+033
1.05494e+008,-1.79834e+033
1.05581e+008,-1.79799e+033
1.05667e+008,-1.79763e+033
1.05754e+008,-1.79728e+033
1.0584e+008,-1.79693e+033
1.05926e+008,-1.79659e+033
1.06013e+008,-1.79624e+033
1.06099e+008,-1.79589e+033
1.06186e+008,-1.79554e+033
1.06272e+008,-1.7952e+033
1.06358e+008,-1.79485e+033
1.06445e+008,-1.7945e+033
1.06531e+008,-1.79416e+033
1.06618e+008,-1.79381e+033
1.06704e+008,-1.79347e+033
1.0679e+008,-1.79313e+033
1.06877e+008,-1.79278e+033
1.06963e+008,-1.79244e+033
1.0705e+008,-1.7921e+033
1.07136e+008,-1.79176e+033
1.07222e+008,-1.79142e+033
1.07309e+008,-1.79108e+033
1.07395e+008,-1.79074e+033
1.07482e+008,-1.7904e+033
1.07568e+008,-1.79006e+033
1.07654e+008,-1.78972e+033
1.07741e+008,-1.78938e+033
1.07827e+008,-1.78904e+033
1.07914e+008,-1.78871e+033
1.08e+008,-1.78837e+033
1.08086e+008,-1.78804e+033
1.08173e+008,-1.7877e+033
1.08259e+008,-1.78737e+033
1.08346e+008,-1.78703e+033
1.08432e+008,-1.7867e+033
1.08518e+008,-1.78637e+033
1.08605e+008,-1.78603e+033
1.08691e+008,-1.7857e+033
1.08778e+008,-1.78537e+033
1.08864e+008,-1.78504e+033
1.0895e+008,-1.78471e+033
1.09037e+008,-1.78438e+033
1.09123e+008,-1.78405e+033
1.0921e+008,-1.78372e+033
1.09296e+008,-1.78339e+033
1.09382e+008,-1.78307e+033
1.09469e+008,-1.78274e+033
1.09555e+008,-1.78241e+033
1.09642e+008,-1.78209e+033
1.09728e+008,-1.78176e+033
1.09814e+008,-1.78144e+033
1.09901e+008,-1.78111e+033
1.09987e+008,-1.78079e+033
1.10074e+008,-1.78047e+033
1.1016e+008,-1.78014e+033
1.10246e+008,-1.77982e+033
1.10333e+008,-1.7795e+033
1.10419e+008,-1.77918e+033
1.10506e+008,-1.77886e+033
1.10592e+008,-1.77854e+033
1.10678e+008,-1.77822e+033
1.10765e+008,-1.7779e+033
1.10851e+008,-1.77758e+033
1.10938e+008,-1.77726e+033
1.11024e+008,-1.77694e+033
1.1111e+008,-1.77662e+033
1.11197e+008,-1.77631e+033
1.11283e+008,-1.77599e+033
1.1137e+008,-1.77567e+033
1.11456e+008,-1.77536e+033
1.11542e+008,-1.77504e+033
1.11629e+008,-1.77473e+033
1.11715e+008,-1.77442e+033
1.11802e+008,-1.7741e+033
1.11888e+008,-1.77379e+033
1.11974e+008,-1.77348e+033
1.12061e+008,-1.77316e+033
1.12147e+008,-1.77285e+033
1.12234e+008,-1.77254e+033
1.1232e+008,-1.77223e+033
1.12406e+008,-1.77192e+033
1.12493e+008,-1.77161e+033
1.12579e+008,-1.7713e+033
1.12666e+008,-1.77099e+033
1.12752e+008,-1.77069e+033
1.12838e+008,-1.77038e+033
1.12925e+008,-1.77007e+033
1.13011e+008,-1.76976e+033
1.13098e+008,-1.76946e+033
1.13184e+008,-1.76915e+033
1.1327e+008,-1.76885e+033
1.13357e+008,-1.76854e+033
1.13443e+008,-1.76824e+033
1.1353e+008,-1.76793e+033
1.13616e+008,-1.76763e+033
1.13702e+008,-1.76733e+033
1.13789e+008,-1.76702e+033
1.13875e+008,-1.76672e+033
1.13962e+008,-1.76642e+033
1.14048e+008,-1.76612e+033
1.14134e+008,-1.76582e+033
1.14221e+008,-1.76552e+033
1.14307e+008,-1.76522e+033
1.14394e+008,-1.76492e+033
1.1448e+008,-1.76462e+033
1.14566e+008,-1.76432e+033
1.14653e+008,-1.76402e+033
1.14739e+008,-1.76373e+033
1.14826e+008,-1.76343e+033
1.14912e+008,-1.76313e+033
1.14998e+008,-1.76283e+033
1.15085e+008,-1.76254e+033
1.15171e+008,-1.76224e+033
1.15258e+008,-1.76195e+033
1.15344e+008,-1.76165e+033
1.1543e+008,-1.76136e+033
1.15517e+008,-1.76106e+033
1.15603e+008,-1.76077e+033
1.1569e+008,-1.76048e+033
1.15776e+008,-1.76018e+033
1.15862e+008,-1.75989e+033
1.15949e+008,-1.7596e+033
1.16035e+008,-1.75931e+033
1.16122e+008,-1.75902e+033
1.16208e+008,-1.75873e+033
1.16294e+008,-1.75844e+033
1.16381e+008,-1.75815e+033
1.16467e+008,-1.75786e+033
1.16554e+008,-1.75757e+033
1.1664e+008,-1.75728e+033
1.16726e+008,-1.75699e+033
1.16813e+008,-1.7567e+033
1.16899e+008,-1.75641e+033
1.16986e+008,-1.75613e+033
1.17072e+008,-1.75584e+033
1.17158e+008,-1.75555e+033
1.17245e+008,-1.75527e+033
1.17331e+008,-1.75498e+033
1.17418e+008,-1.7547e+033
1.17504e+008,-1.75441e+033
1.1759e+008,-1.75413e+033
1.17677e+008,-1.75384e+033
1.17763e+008,-1.75356e+033
1.1785e+008,-1.75327e+033
1.17936e+008,-1.75299e+033
1.18022e+008,-1.75271e+033
1.18109e+008,-1.75242e+033
1.18195e+008,-1.75214e+033
1.18282e+008,-1.75186e+033
1.18368e+008,-1.75158e+033
1.18454e+008,-1.7513e+033
1.18541e+008,-1.75102e+033
1.18627e+008,-1.75074e+033
1.18714e+008,-1.75046e+033
1.188e+008,-1.75018e+033
1.18886e+008,-1.7499e+033
1.18973e+008,-1.74962e+033
1.19059e+008,-1.74934e+033
1.19146e+008,-1.74906e+033
1.19232e+008,-1.74878e+033
1.19318e+008,-1.7485e+033
1.19405e+008,-1.74823e+033
1.19491e+008,-1.74795e+033
1.19578e+008,-1.74767e+033
1.19664e+008,-1.74739e+033
1.1975e+008,-1.74712e+033
1.19837e+008,-1.74684e+033
1.19923e+008,-1.74657e+033
1.2001e+008,-1.74629e+033
1.20096e+008,-1.74602e+033
1.20182e+008,-1.74574e+033
1.20269e+008,-1.74547e+033
1.20355e+008,-1.74519e+033
1.20442e+008,-1.74492e+033
1.20528e+008,-1.74464e+033
1.20614e+008,-1.74437e+033
1.20701e+008,-1.7441e+033
1.20787e+008,-1.74382e+033
1.20874e+008,-1.74355e+033
1.2096e+008,-1.74328e+033
1.21046e+008,-1.74301e+033
1.21133e+008,-1.74274e+033
1.21219e+008,-1.74246e+033
1.21306e+008,-1.74219e+033
1.21392e+008,-1.74192e+033
1.21478e+008,-1.74165e+033
1.21565e+008,-1.74138e+033
1.21651e+008,-1.74111e+033
1.21738e+008,-1.74084e+033
1.21824e+008,-1.74057e+033
1.2191e+008,-1.7403e+033
1.21997e+008,-1.74003e+033
1.22083e+008,-1.73976e+033
1.2217e+008,-1.7395e+033
1.22256e+008,-1.73923e+033
1.22342e+008,-1.73896e+033
1.22429e+008,-1.73869e+033
1.22515e+008,-1.73842e+033
1.22602e+008,-1.73816e+033
1.22688e+008,-1.73789e+033
1.22774e+008,-1.73762e+033
1.22861e+008,-1.73736e+033
1.22947e+008,-1.73709e+033
1.23034e+008,-1.73682e+033
1.2312e+008,-1.73656e+033
1.23206e+008,-1.73629e+033
1.23293e+008,-1.73603e+033
1.23379e+008,-1.73576e+033
1.23466e+008,-1.73549e+033
1.23552e+008,-1.73523e+033
1.23638e+008,-1.73496e+033
1.23725e+008,-1.7347e+033
1.23811e+008,-1.73444e+033
1.23898e+008,-1.73417e+033
1.23984e+008,-1.73391e+033
1.2407e+008,-1.73364e+033
1.24157e+008,-1.73338e+033
1.24243e+008,-1.73312e+033
1.2433e+008,-1.73285e+033
1.24416e+008,-1.73259e+033
1.24502e+008,-1.73233e+033
1.24589e+008,-1.73207e+033
1.24675e+008,-1.7318e+033
1.24762e+008,-1.73154e+033
1.24848e+008,-1.73128e+033
1.24934e+008,-1.73102e+033
1.25021e+008,-1.73076e+033
1.25107e+008,-1.73049e+033
1.25194e+008,-1.73023e+033
1.2528e+008,-1.72997e+033
1.25366e+008,-1.72971e+033
1.25453e+008,-1.72945e+033
1.25539e+008,-1.72919e+033
1.25626e+008,-1.72893e+033
1.25712e+008,-1.72867e+033
1.25798e+008,-1.72841e+033
1.25885e+008,-1.72815e+033
1.25971e+008,-1.72789e+033
1.26058e+008,-1.72763e+033
1.26144e+008,-1.72737e+033
1.2623e+008,-1.72711e+033
1.26317e+008,-1.72685e+033
1.26403e+008,-1.72659e+033
1.2649e+008,-1.72633e+033
1.26576e+008,-1.72608e+033
1.26662e+008,-1.72582e+033
1.26749e+008,-1.72556e+033
1.26835e+008,-1.7253e+033
1.26922e+008,-1.72504e+033
1.27008e+008,-1.72478e+033
1.27094e+008,-1.72453e+033
1.27181e+008,-1.72427e+033
1.27267e+008,-1.72401e+033
1.27354e+008,-1.72375e+033
1.2744e+008,-1.7235e+033
1.27526e+008,-1.72324e+033
1.27613e+008,-1.72298e+033
1.27699e+008,-1.72273e+033
1.27786e+008,-1.72247e+033
1.27872e+008,-1.72221e+033
1.27958e+008,-1.72195e+033
1.28045e+008,-1.7217e+033
1.28131e+008,-1.72144e+033
1.28218e+008,-1.72119e+033
1.28304e+008,-1.72093e+033
1.2839e+008,-1.72067e+033
1.28477e+008,-1.72042e+033
1.28563e+008,-1.72016e+033
1.2865e+008,-1.71991e+033
1.28736e+008,-1.71965e+033
1.28822e+008,-1.71939e+033
1.28909e+008,-1.71914e+033
1.28995e+008,-1.71888e+033
1.29082e+008,-1.71863e+033
1.29168e+008,-1.71837e+033
1.29254e+008,-1.71812e+033
1.29341e+008,-1.71786e+033
1.29427e+008,-1.71761e+033
1.29514e+008,-1.71735e+033
1.296e+008,-1.7171e+033
1.29686e+008,-1.71684e+033
1.29773e+008,-1.71659e+033
1.29859e+008,-1.71634e+033
1.29946e+008,-1.71608e+033
1.30032e+008,-1.71583e+033
1.30118e+008,-1.71557e+033
1.30205e+008,-1.71532e+033
1.30291e+008,-1.71506e+033
1.30378e+008,-1.71481e+033
1.30464e+008,-1.71456e+033
1.3055e+008,-1.7143e+033
1.30637e+008,-1.71405e+033
1.30723e+008,-1.71379e+033
1.3081e+008,-1.71354e+033
1.30896e+008,-1.71329e+033
1.30982e+008,-1.71303e+033
1.31069e+008,-1.71278e+033
1.31155e+008,-1.71253e+033
1.31242e+008,-1.71227e+033
1.31328e+008,-1.71202e+033
1.31414e+008,-1.71177e+033
1.31501e+008,-1.71151e+033
1.31587e+008,-1.71126e+033
1.31674e+008,-1.71101e+033
1.3176e+008,-1.71075e+033
1.31846e+008,-1.7105e+033
1.31933e+008,-1.71025e+033
1.32019e+008,-1.70999e+033
1.32106e+008,-1.70974e+033
1.32192e+008,-1.70949e+033
1.32278e+008,-1.70924e+033
1.32365e+008,-1.70898e+033
1.32451e+008,-1.70873e+033
1.32538e+008,-1.70848e+033
1.32624e+008,-1.70822e+033
1.3271e+008,-1.70797e+033
1.32797e+008,-1.70772e+033
1.32883e+008,-1.70747e+033
1.3297e+008,-1.70721e+033
1.33056e+008,-1.70696e+033
1.33142e+008,-1.70671e+033
1.33229e+008,-1.70646e+033
1.33315e+008,-1.7062e+033
1.33402e+008,-1.70595e+033
1.33488e+008,-1.7057e+033
1.33574e+008,-1.70544e+033
1.33661e+008,-1.70519e+033
1.33747e+008,-1.70494e+033
1.33834e+008,-1.70469e+033
1.3392e+008,-1.70443e+033
1.34006e+008,-1.70418e+033
1.34093e+008,-1.70393e+033
1.34179e+008,-1.70368e+033
1.34266e+008,-1.70343e+033
1.34352e+008,-1.70317e+033
1.34438e+008,-1.70292e+033
1.34525e+008,-1.70267e+033
1.34611e+008,-1.70242e+033
1.34698e+008,-1.70216e+033
1.34784e+008,-1.70191e+033
1.3487e+008,-1.70166e+033
1.34957e+008,-1.70141e+033
1.35043e+008,-1.70115e+033
1.3513e+008,-1.7009e+033
1.35216e+008,-1.70065e+033
1.35302e+008,-1.7004e+033
1.35389e+008,-1.70014e+033
1.35475e+008,-1.69989e+033
1.35562e+008,-1.69964e+033
1.35648e+008,-1.69939e+033
1.35734e+008,-1.69913e+033
1.35821e+008,-1.69888e+033
1.35907e+008,-1.69863e+033
1.35994e+008,-1.69838e+033
1.3608e+008,-1.69812e+033
1.36166e+008,-1.69787e+033
1.36253e+008,-1.69762e+033
1.36339e+008,-1.69737e+033
1.36426e+008,-1.69711e+033
1.36512e+008,-1.69686e+033
1.36598e+008,-1.69661e+033
1.36685e+008,-1.69636e+033
1.36771e+008,-1.6961e+033
1.36858e+008,-1.69585e+033
1.36944e+008,-1.6956e+033
1.3703e+008,-1.69534e+033
1.37117e+008,-1.69509e+033
1.37203e+008,-1.69484e+033
1.3729e+008,-1.69459e+033
1.37376e+008,-1.69433e+033
1.37462e+008,-1.69408e+033
1.37549e+008,-1.69383e+033
1.37635e+008,-1.69357e+033
1.37722e+008,-1.69332e+033
1.37808e+008,-1.69307e+033
1.37894e+008,-1.69282e+033
1.37981e+008,-1.69256e+033
1.38067e+008,-1.69231e+033
1.38154e+008,-1.69206e+033
1.3824e+008,-1.6918e+033
1.38326e+008,-1.69155e+033
1.38413e+008,-1.6913e+033
1.38499e+008,-1.69104e+033
1.38586e+008,-1.69079e+033
1.38672e+008,-1.69054e+033
1.38758e+008,-1.69028e+033
1.38845e+008,-1.69003e+033
1.38931e+008,-1.68978e+033
1.39018e+008,-1.68952e+033
1.39104e+008,-1.68927e+033
1.3919e+008,-1.68902e+033
1.39277e+008,-1.68876e+033
1.39363e+008,-1.68851e+033
1.3945e+008,-1.68826e+033
1.39536e+008,-1.688e+033
1.39622e+008,-1.68775e+033
1.39709e+008,-1.68749e+033
1.39795e+008,-1.68724e+033
1.39882e+008,-1.68699e+033
1.39968e+008,-1.68673e+033
1.40054e+008,-1.68648e+033
1.40141e+008,-1.68622e+033
1.40227e+008,-1.68597e+033
1.40314e+008,-1.68572e+033
1.404e+008,-1.68546e+033
1.40486e+008,-1.68521e+033
1.40573e+008,-1.68495e+033
1.40659e+008,-1.6847e+033
1.40746e+008,-1.68444e+033
1.40832e+008,-1.68419e+033
1.40918e+008,-1.68394e+033
1.41005e+008,-1.68368e+033
1.41091e+008,-1.68343e+033
1.41178e+008,-1.68317e+033
1.41264e+008,-1.68292e+033
1.4135e+008,-1.68266e+033
1.41437e+008,-1.68241e+033
1.41523e+008,-1.68215e+033
1.4161e+008,-1.6819e+033
1.41696e+008,-1.68164e+033
1.41782e+008,-1.68139e+033
1.41869e+008,-1.68113e+033
1.41955e+008,-1.68088e+033
1.42042e+008,-1.68062e+033
1.42128e+008,-1.68037e+033
1.42214e+008,-1.68011e+033
1.42301e+008,-1.67986e+033
1.42387e+008,-1.6796e+033
1.42474e+008,-1.67935e+033
1.4256e+008,-1.67909e+033
1.42646e+008,-1.67884e+033
1.42733e+008,-1.67858e+033
1.42819e+008,-1.67833e+033
1.42906e+008,-1.67807e+033
1.42992e+008,-1.67782e+033
1.43078e+008,-1.67756e+033
1.43165e+008,-1.6773e+033
1.43251e+008,-1.67705e+033
1.43338e+008,-1.67679e+033
1.43424e+008,-1.67654e+033
1.4351e+008,-1.67628e+033
1.43597e+008,-1.67603e+033
1.43683e+008,-1.67577e+033
1.4377e+008,-1.67551e+033
1.43856e+008,-1.67526e+033
1.43942e+008,-1.675e+033
1.44029e+008,-1.67475e+033
1.44115e+008,-1.67449e+033
1.44202e+008,-1.67423e+033
1.44288e+008,-1.67398e+033
1.44374e+008,-1.67372e+033
1.44461e+008,-1.67346e+033
1.44547e+008,-1.67321e+033
1.44634e+008,-1.67295e+033
1.4472e+008,-1.6727e+033
1.44806e+008,-1.67244e+033
1.44893e+008,-1.67218e+033
1.44979e+008,-1.67193e+033
1.45066e+008,-1.67167e+033
1.45152e+008,-1.67141e+033
1.45238e+008,-1.67116e+033
1.45325e+008,-1.6709e+033
1.45411e+008,-1.67064e+033
1.45498e+008,-1.67039e+033
1.45584e+008,-1.67013e+033
1.4567e+008,-1.66987e+033
1.45757e+008,-1.66962e+033
1.45843e+008,-1.66936e+033
1.4593e+008,-1.6691e+033
1.46016e+008,-1.66885e+033
1.46102e+008,-1.66859e+033
1.46189e+008,-1.66833e+033
1.46275e+008,-1.66807e+033
1.46362e+008,-1.66782e+033
1.46448e+008,-1.66756e+033
1.46534e+008,-1.6673e+033
1.46621e+008,-1.66705e+033
1.46707e+008,-1.66679e+033
1.46794e+008,-1.66653e+033
1.4688e+008,-1.66627e+033
1.46966e+008,-1.66602e+033
1.47053e+008,-1.66576e+033
1.47139e+008,-1.6655e+033
1.47226e+008,-1.66525e+033
1.47312e+008,-1.66499e+033
1.47398e+008,-1.66473e+033
1.47485e+008,-1.66447e+033
1.47571e+008,-1.66422e+033
1.47658e+008,-1.66396e+033
1.47744e+008,-1.6637e+033
1.4783e+008,-1.66345e+033
1.47917e+008,-1.66319e+033
1.48003e+008,-1.66293e+033
1.4809e+008,-1.66267e+033
1.48176e+008,-1.66242e+033
1.48262e+008,-1.66216e+033
1.48349e+008,-1.6619e+033
1.48435e+008,-1.66164e+033
1.48522e+008,-1.66139e+033
1.48608e+008,-1.66113e+033
1.48694e+008,-1.66087e+033
1.48781e+008,-1.66061e+033
1.48867e+008,-1.66036e+033
1.48954e+008,-1.6601e+033
1.4904e+008,-1.65984e+033
1.49126e+008,-1.65958e+033
1.49213e+008,-1.65933e+033
1.49299e+008,-1.65907e+033
1.49386e+008,-1.65881e+033
1.49472e+008,-1.65856e+033
1.49558e+008,-1.6583e+033
1.49645e+008,-1.65804e+033
1.49731e+008,-1.65778e+033
1.49818e+008,-1.65753e+033
1.49904e+008,-1.65727e+033
1.4999e+008,-1.65701e+033
1.50077e+008,-1.65675e+033
1.50163e+008,-1.6565e+033
1.5025e+008,-1.65624e+033
1.50336e+008,-1.65598e+033
1.50422e+008,-1.65573e+033
1.50509e+008,-1.65547e+033
1.50595e+008,-1.65521e+033
1.50682e+008,-1.65496e+033
1.50768e+008,-1.6547e+033
1.50854e+008,-1.65444e+033
1.50941e+008,-1.65418e+033
1.51027e+008,-1.65393e+033
1.51114e+008,-1.65367e+033
1.512e+008,-1.65341e+033
1.51286e+008,-1.65316e+033
1.51373e+008,-1.6529e+033
1.51459e+008,-1.65264e+033
1.51546e+008,-1.65239e+033
1.51632e+008,-1.65213e+033
1.51718e+008,-1.65187e+033
1.51805e+008,-1.65162e+033
1.51891e+008,-1.65136e+033
1.51978e+008,-1.6511e+033
1.52064e+008,-1.65085e+033
1.5215e+008,-1.65059e+033
1.52237e+008,-1.65034e+033
1.52323e+008,-1.65008e+033
1.5241e+008,-1.64982e+033
1.52496e+008,-1.64957e+033
1.52582e+008,-1.64931e+033
1.52669e+008,-1.64906e+033
1.52755e+008,-1.6488e+033
1.52842e+008,-1.64854e+033
1.52928e+008,-1.64829e+033
1.53014e+008,-1.64803e+033
1.53101e+008,-1.64778e+033
1.53187e+008,-1.64752e+033
1.53274e+008,-1.64727e+033
1.5336e+008,-1.64701e+033
1.53446e+008,-1.64676e+033
1.53533e+008,-1.6465e+033
1.53619e+008,-1.64625e+033
1.53706e+008,-1.64599e+033
1.53792e+008,-1.64574e+033
1.53878e+008,-1.64548e+033
1.53965e+008,-1.64523e+033
1.54051e+008,-1.64497e+033
1.54138e+008,-1.64472e+033
1.54224e+008,-1.64446e+033
1.5431e+008,-1.64421e+033
1.54397e+008,-1.64395e+033
1.54483e+008,-1.6437e+033
1.5457e+008,-1.64345e+033
1.54656e+008,-1.64319e+033
1.54742e+008,-1.64294e+033
1.54829e+008,-1.64268e+033
1.54915e+008,-1.64243e+033
1.55002e+008,-1.64218e+033
1.55088e+008,-1.64192e+033
1.55174e+008,-1.64167e+033
1.55261e+008,-1.64142e+033
1.55347e+008,-1.64116e+033
1.55434e+008,-1.64091e+033
1.5552e+008,-1.64066e+033
1.55606e+008,-1.64041e+033
1.55693e+008,-1.64015e+033
1.55779e+008,-1.6399e+033
1.55866e+008,-1.63965e+033
1.55952e+008,-1.6394e+033
1.56038e+008,-1.63914e+033
1.56125e+008,-1.63889e+033
1.56211e+008,-1.63864e+033
1.56298e+008,-1.63839e+033
1.56384e+008,-1.63814e+033
1.5647e+008,-1.63789e+033
1.56557e+008,-1.63763e+033
1.56643e+008,-1.63738e+033
1.5673e+008,-1.63713e+033
1.56816e+008,-1.63688e+033
1.56902e+008,-1.63663e+033
1.56989e+008,-1.63638e+033
1.57075e+008,-1.63613e+033
1.57162e+008,-1.63588e+033
1.57248e+008,-1.63563e+033
1.57334e+008,-1.63538e+033
1.57421e+008,-1.63513e+033
1.57507e+008,-1.63488e+033
1.57594e+008,-1.63463e+033
1.5768e+008,-1.63438e+033
1.57766e+008,-1.63413e+033
1.57853e+008,-1.63388e+033
1.57939e+008,-1.63363e+033
1.58026e+008,-1.63339e+033
1.58112e+008,-1.63314e+033
1.58198e+008,-1.63289e+033
1.58285e+008,-1.63264e+033
1.58371e+008,-1.63239e+033
1.58458e+008,-1.63215e+033
1.58544e+008,-1.6319e+033
1.5863e+008,-1.63165e+033
1.58717e+008,-1.6314e+033
1.58803e+008,-1.63116e+033
1.5889e+008,-1.63091e+033
1.58976e+008,-1.63066e+033
1.59062e+008,-1.63042e+033
1.59149e+008,-1.63017e+033
1.59235e+008,-1.62992e+033
1.59322e+008,-1.62968e+033
1.59408e+008,-1.62943e+033
1.59494e+008,-1.62919e+033
1.59581e+008,-1.62894e+033
1.59667e+008,-1.6287e+033
1.59754e+008,-1.62845e+033
1.5984e+008,-1.62821e+033
1.59926e+008,-1.62796e+033
1.60013e+008,-1.62772e+033
1.60099e+008,-1.62747e+033
1.60186e+008,-1.62723e+033
1.60272e+008,-1.62698e+033
1.60358e+008,-1.62674e+033
1.60445e+008,-1.6265e+033
1.60531e+008,-1.62625e+033
1.60618e+008,-1.62601e+033
1.60704e+008,-1.62577e+033
1.6079e+008,-1.62553e+033
1.60877e+008,-1.62528e+033
1.60963e+008,-1.62504e+033
1.6105e+008,-1.6248e+033
1.61136e+008,-1.62456e+033
1.61222e+008,-1.62432e+033
1.61309e+008,-1.62407e+033
1.61395e+008,-1.62383e+033
1.61482e+008,-1.62359e+033
1.61568e+008,-1.62335e+033
1.61654e+008,-1.62311e+033
1.61741e+008,-1.62287e+033
1.61827e+008,-1.62263e+033
1.61914e+008,-1.62239e+033
1.62e+008,-1.62215e+033
1.62086e+008,-1.62191e+033
1.62173e+008,-1.62167e+033
1.62259e+008,-1.62144e+033
1.62346e+008,-1.6212e+033
1.62432e+008,-1.62096e+033
1.62518e+008,-1.62072e+033
1.62605e+008,-1.62048e+033
1.62691e+008,-1.62025e+033
1.62778e+008,-1.62001e+033
1.62864e+008,-1.61977e+033
1.6295e+008,-1.61953e+033
1.63037e+008,-1.6193e+033
1.63123e+008,-1.61906e+033
1.6321e+008,-1.61882e+033
1.63296e+008,-1.61859e+033
1.63382e+008,-1.61835e+033
1.63469e+008,-1.61812e+033
1.63555e+008,-1.61788e+033
1.63642e+008,-1.61765e+033
1.63728e+008,-1.61741e+033
1.63814e+008,-1.61718e+033
1.63901e+008,-1.61694e+033
1.63987e+008,-1.61671e+033
1.64074e+008,-1.61648e+033
1.6416e+008,-1.61624e+033
1.64246e+008,-1.61601e+033
1.64333e+008,-1.61578e+033
1.64419e+008,-1.61554e+033
1.64506e+008,-1.61531e+033
1.64592e+008,-1.61508e+033
1.64678e+008,-1.61485e+033
1.64765e+008,-1.61462e+033
1.64851e+008,-1.61438e+033
1.64938e+008,-1.61415e+033
1.65024e+008,-1.61392e+033
1.6511e+008,-1.61369e+033
1.65197e+008,-1.61346e+033
1.65283e+008,-1.61323e+033
1.6537e+008,-1.613e+033
1.65456e+008,-1.61277e+033
1.65542e+008,-1.61254e+033
1.65629e+008,-1.61231e+033
1.65715e+008,-1.61208e+033
1.65802e+008,-1.61186e+033
1.65888e+008,-1.61163e+033
1.65974e+008,-1.6114e+033
1.66061e+008,-1.61117e+033
1.66147e+008,-1.61094e+033
1.66234e+008,-1.61072e+033
1.6632e+008,-1.61049e+033
1.66406e+008,-1.61026e+033
1.66493e+008,-1.61004e+033
1.66579e+008,-1.60981e+033
1.66666e+008,-1.60958e+033
1.66752e+008,-1.60936e+033
1.66838e+008,-1.60913e+033
1.66925e+008,-1.60891e+033
1.67011e+008,-1.60868e+033
1.67098e+008,-1.60846e+033
1.67184e+008,-1.60823e+033
1.6727e+008,-1.60801e+033
1.67357e+008,-1.60779e+033
1.67443e+008,-1.60756e+033
1.6753e+008,-1.60734e+033
1.67616e+008,-1.60712e+033
1.67702e+008,-1.60689e+033
1.67789e+008,-1.60667e+033
1.67875e+008,-1.60645e+033
1.67962e+008,-1.60623e+033
1.68048e+008,-1.606e+033
1.68134e+008,-1.60578e+033
1.68221e+008,-1.60556e+033
1.68307e+008,-1.60534e+033
1.68394e+008,-1.60512e+033
1.6848e+008,-1.6049e+033
1.68566e+008,-1.60468e+033
1.68653e+008,-1.60446e+033
1.68739e+008,-1.60424e+033
1.68826e+008,-1.60402e+033
1.68912e+008,-1.6038e+033
1.68998e+008,-1.60358e+033
1.69085e+008,-1.60337e+033
1.69171e+008,-1.60315e+033
1.69258e+008,-1.60293e+033
1.69344e+008,-1.60271e+033
1.6943e+008,-1.6025e+033
1.69517e+008,-1.60228e+033
1.69603e+008,-1.60206e+033
1.6969e+008,-1.60184e+033
1.69776e+008,-1.60163e+033
1.69862e+008,-1.60141e+033
1.69949e+008,-1.6012e+033
1.70035e+008,-1.60098e+033
1.70122e+008,-1.60077e+033
1.70208e+008,-1.60055e+033
1.70294e+008,-1.60034e+033
1.70381e+008,-1.60012e+033
1.70467e+008,-1.59991e+033
1.70554e+008,-1.59969e+033
1.7064e+008,-1.59948e+033
1.70726e+008,-1.59927e+033
1.70813e+008,-1.59905e+033
1.70899e+008,-1.59884e+033
1.70986e+008,-1.59863e+033
1.71072e+008,-1.59842e+033
1.71158e+008,-1.5982e+033
1.71245e+008,-1.59799e+033
1.71331e+008,-1.59778e+033
1.71418e+008,-1.59757e+033
1.71504e+008,-1.59736e+033
1.7159e+008,-1.59715e+033
1.71677e+008,-1.59694e+033
1.71763e+008,-1.59673e+033
1.7185e+008,-1.59652e+033
1.71936e+008,-1.59631e+033
1.72022e+008,-1.5961e+033
1.72109e+008,-1.59589e+033
1.72195e+008,-1.59568e+033
1.72282e+008,-1.59547e+033
1.72368e+008,-1.59527e+033
1.72454e+008,-1.59506e+033
1.72541e+008,-1.59485e+033
1.72627e+008,-1.59464e+033
1.72714e+008,-1.59443e+033
1.728e+008,-1.59423e+033
1.72886e+008,-1.59402e+033
1.72973e+008,-1.59381e+033
1.73059e+008,-1.59361e+033
1.73146e+008,-1.5934e+033
1.73232e+008,-1.5932e+033
1.73318e+008,-1.59299e+033
1.73405e+008,-1.59279e+033
1.73491e+008,-1.59258e+033
1.73578e+008,-1.59238e+033
1.73664e+008,-1.59217e+033
1.7375e+008,-1.59197e+033
1.73837e+008,-1.59176e+033
1.73923e+008,-1.59156e+033
1.7401e+008,-1.59136e+033
1.74096e+008,-1.59115e+033
1.74182e+008,-1.59095e+033
1.74269e+008,-1.59075e+033
1.74355e+008,-1.59055e+033
1.74442e+008,-1.59034e+033
1.74528e+008,-1.59014e+033
1.74614e+008,-1.58994e+033
1.74701e+008,-1.58974e+033
1.74787e+008,-1.58954e+033
1.74874e+008,-1.58934e+033
1.7496e+008,-1.58914e+033
1.75046e+008,-1.58894e+033
1.75133e+008,-1.58874e+033
1.75219e+008,-1.58854e+033
1.75306e+008,-1.58834e+033
1.75392e+008,-1.58814e+033
1.75478e+008,-1.58794e+033
1.75565e+008,-1.58774e+033
1.75651e+008,-1.58754e+033
1.75738e+008,-1.58734e+033
1.75824e+008,-1.58714e+033
1.7591e+008,-1.58695e+033
1.75997e+008,-1.58675e+033
1.76083e+008,-1.58655e+033
1.7617e+008,-1.58635e+033
1.76256e+008,-1.58616e+033
1.76342e+008,-1.58596e+033
1.76429e+008,-1.58576e+033
1.76515e+008,-1.58557e+033
1.76602e+008,-1.58537e+033
1.76688e+008,-1.58517e+033
1.76774e+008,-1.58498e+033
1.76861e+008,-1.58478e+033
1.76947e+008,-1.58459e+033
1.77034e+008,-1.58439e+033
1.7712e+008,-1.5842e+033
1.77206e+008,-1.584e+033
1.77293e+008,-1.58381e+033
1.77379e+008,-1.58361e+033
1.77466e+008,-1.58342e+033
1.77552e+008,-1.58323e+033
1.77638e+008,-1.58303e+033
1.77725e+008,-1.58284e+033
1.77811e+008,-1.58265e+033
1.77898e+008,-1.58245e+033
1.77984e+008,-1.58226e+033
1.7807e+008,-1.58207e+033
1.78157e+008,-1.58188e+033
1.78243e+008,-1.58169e+033
1.7833e+008,-1.58149e+033
1.78416e+008,-1.5813e+033
1.78502e+008,-1.58111e+033
1.78589e+008,-1.58092e+033
1.78675e+008,-1.58073e+033
1.78762e+008,-1.58054e+033
1.78848e+008,-1.58035e+033
1.78934e+008,-1.58016e+033
1.79021e+008,-1.57997e+033
1.79107e+008,-1.57978e+033
1.79194e+008,-1.57959e+033
1.7928e+008,-1.5794e+033
1.79366e+008,-1.57921e+033
1.79453e+008,-1.57902e+033
1.79539e+008,-1.57883e+033
1.79626e+008,-1.57864e+033
1.79712e+008,-1.57846e+033
1.79798e+008,-1.57827e+033
1.79885e+008,-1.57808e+033
1.79971e+008,-1.57789e+033
1.80058e+008,-1.5777e+033
1.80144e+008,-1.57752e+033
1.8023e+008,-1.57733e+033
1.80317e+008,-1.57714e+033
1.80403e+008,-1.57696e+033
1.8049e+008,-1.57677e+033
1.80576e+008,-1.57658e+033
1.80662e+008,-1.5764e+033
1.80749e+008,-1.57621e+033
1.80835e+008,-1.57602e+033
1.80922e+008,-1.57584e+033
1.81008e+008,-1.57565e+033
1.81094e+008,-1.57547e+033
1.81181e+008,-1.57528e+033
1.81267e+008,-1.5751e+033
1.81354e+008,-1.57491e+033
1.8144e+008,-1.57473e+033
1.81526e+008,-1.57454e+033
1.81613e+008,-1.57436e+033
1.81699e+008,-1.57418e+033
1.81786e+008,-1.57399e+033
1.81872e+008,-1.57381e+033
1.81958e+008,-1.57362e+033
1.82045e+008,-1.57344e+033
1.82131e+008,-1.57326e+033
1.82218e+008,-1.57308e+033
1.82304e+008,-1.57289e+033
1.8239e+008,-1.57271e+033
1.82477e+008,-1.57253e+033
1.82563e+008,-1.57235e+033
1.8265e+008,-1.57216e+033
1.82736e+008,-1.57198e+033
1.82822e+008,-1.5718e+033
1.82909e+008,-1.57162e+033
1.82995e+008,-1.57144e+033
1.83082e+008,-1.57126e+033
1.83168e+008,-1.57107e+033
1.83254e+008,-1.57089e+033
1.83341e+008,-1.57071e+033
1.83427e+008,-1.57053e+033
1.83514e+008,-1.57035e+033
1.836e+008,-1.57017e+033
1.83686e+008,-1.56999e+033
1.83773e+008,-1.56981e+033
1.83859e+008,-1.56963e+033
1.83946e+008,-1.56945e+033
1.84032e+008,-1.56927e+033
1.84118e+008,-1.56909e+033
1.84205e+008,-1.56891e+033
1.84291e+008,-1.56873e+033
1.84378e+008,-1.56855e+033
1.84464e+008,-1.56838e+033
1.8455e+008,-1.5682e+033
1.84637e+008,-1.56802e+033
1.84723e+008,-1.56784e+033
1.8481e+008,-1.56766e+033
1.84896e+008,-1.56748e+033
1.84982e+008,-1.56731e+033
1.85069e+008,-1.56713e+033
1.85155e+008,-1.56695e+033
1.85242e+008,-1.56677e+033
1.85328e+008,-1.5666e+033
1.85414e+008,-1.56642e+033
1.85501e+008,-1.56624e+033
1.85587e+008,-1.56606e+033
1.85674e+008,-1.56589e+033
1.8576e+008,-1.56571e+033
1.85846e+008,-1.56553e+033
1.85933e+008,-1.56536e+033
1.86019e+008,-1.56518e+033
1.86106e+008,-1.56501e+033
1.86192e+008,-1.56483e+033
1.86278e+008,-1.56465e+033
1.86365e+008,-1.56448e+033
1.86451e+008,-1.5643e+033
1.86538e+008,-1.56413e+033
1.86624e+008,-1.56395e+033
1.8671e+008,-1.56378e+033
1.86797e+008,-1.5636e+033
1.86883e+008,-1.56343e+033
1.8697e+008,-1.56325e+033
1.87056e+008,-1.56308e+033
1.87142e+008,-1.5629e+033
1.87229e+008,-1.56273e+033
1.87315e+008,-1.56255e+033
1.87402e+008,-1.56238e+033
1.87488e+008,-1.5622e+033
1.87574e+008,-1.56203e+033
1.87661e+008,-1.56186e+033
1.87747e+008,-1.56168e+033
1.87834e+008,-1.56151e+033
1.8792e+008,-1.56133e+033
1.88006e+008,-1.56116e+033
1.88093e+008,-1.56099e+033
1.88179e+008,-1.56081e+033
1.88266e+008,-1.56064e+033
1.88352e+008,-1.56047e+033
1.88438e+008,-1.56029e+033
1.88525e+008,-1.56012e+033
1.88611e+008,-1.55995e+033
1.88698e+008,-1.55978e+033
1.88784e+008,-1.5596e+033
1.8887e+008,-1.55943e+033
1.88957e+008,-1.55926e+033
1.89043e+008,-1.55909e+033
1.8913e+008,-1.55891e+033
1.89216e+008,-1.55874e+033
1.89302e+008,-1.55857e+033
1.89389e+008,-1.5584e+033
1.89475e+008,-1.55823e+033
1.89562e+008,-1.55805e+033
1.89648e+008,-1.55788e+033
1.89734e+008,-1.55771e+033
1.89821e+008,-1.55754e+033
1.89907e+008,-1.55737e+033
1.89994e+008,-1.5572e+033
1.9008e+008,-1.55702e+033
1.90166e+008,-1.55685e+033
1.90253e+008,-1.55668e+033
1.90339e+008,-1.55651e+033
1.90426e+008,-1.55634e+033
1.90512e+008,-1.55617e+033
1.90598e+008,-1.556e+033
1.90685e+008,-1.55583e+033
1.90771e+008,-1.55566e+033
1.90858e+008,-1.55549e+033
1.90944e+008,-1.55532e+033
1.9103e+008,-1.55515e+033
1.91117e+008,-1.55498e+033
1.91203e+008,-1.55481e+033
1.9129e+008,-1.55464e+033
1.91376e+008,-1.55447e+033
1.91462e+008,-1.5543e+033
1.91549e+008,-1.55413e+033
1.91635e+008,-1.55396e+033
1.91722e+008,-1.55379e+033
1.91808e+008,-1.55362e+033
1.91894e+008,-1.55345e+033
1.91981e+008,-1.55328e+033
1.92067e+008,-1.55311e+033
1.92154e+008,-1.55294e+033
1.9224e+008,-1.55277e+033
1.92326e+008,-1.5526e+033
1.92413e+008,-1.55243e+033
1.92499e+008,-1.55226e+033
1.92586e+008,-1.55209e+033
1.92672e+008,-1.55192e+033
1.92758e+008,-1.55175e+033
1.92845e+008,-1.55158e+033
1.92931e+008,-1.55142e+033
1.93018e+008,-1.55125e+033
1.93104e+008,-1.55108e+033
1.9319e+008,-1.55091e+033
1.93277e+008,-1.55074e+033
1.93363e+008,-1.55057e+033
1.9345e+008,-1.5504e+033
1.93536e+008,-1.55023e+033
1.93622e+008,-1.55007e+033
1.93709e+008,-1.5499e+033
1.93795e+008,-1.54973e+033
1.93882e+008,-1.54956e+033
1.93968e+008,-1.54939e+033
1.94054e+008,-1.54922e+033
1.94141e+008,-1.54906e+033
1.94227e+008,-1.54889e+033
1.94314e+008,-1.54872e+033
1.944e+008,-1.54855e+033
1.94486e+008,-1.54838e+033
1.94573e+008,-1.54822e+033
1.94659e+008,-1.54805e+033
1.94746e+008,-1.54788e+033
1.94832e+008,-1.54771e+033
1.94918e+008,-1.54754e+033
1.95005e+008,-1.54738e+033
1.95091e+008,-1.54721e+033
1.95178e+008,-1.54704e+033
1.95264e+008,-1.54687e+033
1.9535e+008,-1.5467e+033
1.95437e+008,-1.54654e+033
1.95523e+008,-1.54637e+033
1.9561e+008,-1.5462e+033
1.95696e+008,-1.54603e+033
1.95782e+008,-1.54587e+033
1.95869e+008,-1.5457e+033
1.95955e+008,-1.54553e+033
1.96042e+008,-1.54536e+033
1.96128e+008,-1.5452e+033
1.96214e+008,-1.54503e+033
1.96301e+008,-1.54486e+033
1.96387e+008,-1.54469e+033
1.96474e+008,-1.54453e+033
1.9656e+008,-1.54436e+033
1.96646e+008,-1.54419e+033
1.96733e+008,-1.54403e+033
1.96819e+008,-1.54386e+033
1.96906e+008,-1.54369e+033
1.96992e+008,-1.54352e+033
1.97078e+008,-1.54336e+033
1.97165e+008,-1.54319e+033
1.97251e+008,-1.54302e+033
1.97338e+008,-1.54286e+033
1.97424e+008,-1.54269e+033
1.9751e+008,-1.54252e+033
1.97597e+008,-1.54235e+033
1.97683e+008,-1.54219e+033
1.9777e+008,-1.54202e+033
1.97856e+008,-1.54185e+033
1.97942e+008,-1.54169e+033
1.98029e+008,-1.54152e+033
1.98115e+008,-1.54135e+033
1.98202e+008,-1.54119e+033
1.98288e+008,-1.54102e+033
1.98374e+008,-1.54085e+033
1.98461e+008,-1.54068e+033
1.98547e+008,-1.54052e+033
1.98634e+008,-1.54035e+033
1.9872e+008,-1.54018e+033
1.98806e+008,-1.54002e+033
1.98893e+008,-1.53985e+033
1.98979e+008,-1.53968e+033
1.99066e+008,-1.53952e+033
1.99152e+008,-1.53935e+033
1.99238e+008,-1.53918e+033
1.99325e+008,-1.53901e+033
1.99411e+008,-1.53885e+033
1.99498e+008,-1.53868e+033
1.99584e+008,-1.53851e+033
1.9967e+008,-1.53835e+033
1.99757e+008,-1.53818e+033
1.99843e+008,-1.53801e+033
1.9993e+008,-1.53785e+033
2.00016e+008,-1.53768e+033
2.00102e+008,-1.53751e+033
2.00189e+008,-1.53735e+033
2.00275e+008,-1.53718e+033
2.00362e+008,-1.53701e+033
2.00448e+008,-1.53684e+033
2.00534e+008,-1.53668e+033
2.00621e+008,-1.53651e+033
2.00707e+008,-1.53634e+033
2.00794e+008,-1.53618e+033
2.0088e+008,-1.53601e+033
2.00966e+008,-1.53584e+033
2.01053e+008,-1.53568e+033
2.01139e+008,-1.53551e+033
2.01226e+008,-1.53534e+033
2.01312e+008,-1.53517e+033
2.01398e+008,-1.53501e+033
2.01485e+008,-1.53484e+033
2.01571e+008,-1.53467e+033
2.01658e+008,-1.53451e+033
2.01744e+008,-1.53434e+033
2.0183e+008,-1.53417e+033
2.01917e+008,-1.534e+033
2.02003e+008,-1.53384e+033
2.0209e+008,-1.53367e+033
2.02176e+008,-1.5335e+033
2.02262e+008,-1.53334e+033
2.02349e+008,-1.53317e+033
2.02435e+008,-1.533e+033
2.02522e+008,-1.53283e+033
2.02608e+008,-1.53267e+033
2.02694e+008,-1.5325e+033
2.02781e+008,-1.53233e+033
2.02867e+008,-1.53217e+033
2.02954e+008,-1.532e+033
2.0304e+008,-1.53183e+033
2.03126e+008,-1.53166e+033
2.03213e+008,-1.5315e+033
2.03299e+008,-1.53133e+033
2.03386e+008,-1.53116e+033
2.03472e+008,-1.53099e+033
2.03558e+008,-1.53083e+033
2.03645e+008,-1.53066e+033
2.03731e+008,-1.53049e+033
2.03818e+008,-1.53032e+033
2.03904e+008,-1.53016e+033
2.0399e+008,-1.52999e+033
2.04077e+008,-1.52982e+033
2.04163e+008,-1.52965e+033
2.0425e+008,-1.52948e+033
2.04336e+008,-1.52932e+033
2.04422e+008,-1.52915e+033
2.04509e+008,-1.52898e+033
2.04595e+008,-1.52881e+033
2.04682e+008,-1.52865e+033
2.04768e+008,-1.52848e+033
2.04854e+008,-1.52831e+033
2.04941e+008,-1.52814e+033
2.05027e+008,-1.52797e+033
2.05114e+008,-1.52781e+033
2.052e+008,-1.52764e+033
2.05286e+008,-1.52747e+033
2.05373e+008,-1.5273e+033
2.05459e+008,-1.52713e+033
2.05546e+008,-1.52696e+033
2.05632e+008,-1.5268e+033
2.05718e+008,-1.52663e+033
2.05805e+008,-1.52646e+033
2.05891e+008,-1.52629e+033
2.05978e+008,-1.52612e+033
2.06064e+008,-1.52595e+033
2.0615e+008,-1.52579e+033
2.06237e+008,-1.52562e+033
2.06323e+008,-1.52545e+033
2.0641e+008,-1.52528e+033
2.06496e+008,-1.52511e+033
2.06582e+008,-1.52494e+033
2.06669e+008,-1.52478e+033
2.06755e+008,-1.52461e+033
2.06842e+008,-1.52444e+033
2.06928e+008,-1.52427e+033
2.07014e+008,-1.5241e+033
2.07101e+008,-1.52393e+033
2.07187e+008,-1.52376e+033
2.07274e+008,-1.52359e+033
2.0736e+008,-1.52342e+033
2.07446e+008,-1.52326e+033
2.07533e+008,-1.52309e+033
2.07619e+008,-1.52292e+033
2.07706e+008,-1.52275e+033
2.07792e+008,-1.52258e+033
2.07878e+008,-1.52241e+033
2.07965e+008,-1.52224e+033
2.08051e+008,-1.52207e+033
2.08138e+008,-1.5219e+033
2.08224e+008,-1.52173e+033
2.0831e+008,-1.52156e+033
2.08397e+008,-1.52139e+033
2.08483e+008,-1.52123e+033
2.0857e+008,-1.52106e+033
2.08656e+008,-1.52089e+033
2.08742e+008,-1.52072e+033
2.08829e+008,-1.52055e+033
2.08915e+008,-1.52038e+033
2.09002e+008,-1.52021e+033
2.09088e+008,-1.52004e+033
2.09174e+008,-1.51987e+033
2.09261e+008,-1.5197e+033
2.09347e+008,-1.51953e+033
2.09434e+008,-1.51936e+033
2.0952e+008,-1.51919e+033
2.09606e+008,-1.51902e+033
2.09693e+008,-1.51885e+033
2.09779e+008,-1.51868e+033
2.09866e+008,-1.51851e+033
2.09952e+008,-1.51834e+033
2.10038e+008,-1.51817e+033
2.10125e+008,-1.518e+033
2.10211e+008,-1.51783e+033
2.10298e+008,-1.51766e+033
2.10384e+008,-1.51749e+033
2.1047e+008,-1.51732e+033
2.10557e+008,-1.51715e+033
2.10643e+008,-1.51698e+033
2.1073e+008,-1.51681e+033
2.10816e+008,-1.51664e+033
2.10902e+008,-1.51647e+033
2.10989e+008,-1.51629e+033
2.11075e+008,-1.51612e+033
2.11162e+008,-1.51595e+033
2.11248e+008,-1.51578e+033
2.11334e+008,-1.51561e+033
2.11421e+008,-1.51544e+033
2.11507e+008,-1.51527e+033
2.11594e+008,-1.5151e+033
2.1168e+008,-1.51493e+033
2.11766e+008,-1.51476e+033
2.11853e+008,-1.51459e+033
2.11939e+008,-1.51442e+033
2.12026e+008,-1.51425e+033
2.12112e+008,-1.51407e+033
2.12198e+008,-1.5139e+033
2.12285e+008,-1.51373e+033
2.12371e+008,-1.51356e+033
2.12458e+008,-1.51339e+033
2.12544e+008,-1.51322e+033
2.1263e+008,-1.51305e+033
2.12717e+008,-1.51288e+033
2.12803e+008,-1.5127e+033
2.1289e+008,-1.51253e+033
2.12976e+008,-1.51236e+033
2.13062e+008,-1.51219e+033
2.13149e+008,-1.51202e+033
2.13235e+008,-1.51185e+033
2.13322e+008,-1.51168e+033
2.13408e+008,-1.5115e+033
2.13494e+008,-1.51133e+033
2.13581e+008,-1.51116e+033
2.13667e+008,-1.51099e+033
2.13754e+008,-1.51082e+033
2.1384e+008,-1.51065e+033
2.13926e+008,-1.51047e+033
2.14013e+008,-1.5103e+033
2.14099e+008,-1.51013e+033
2.14186e+008,-1.50996e+033
2.14272e+008,-1.50979e+033
2.14358e+008,-1.50961e+033
2.14445e+008,-1.50944e+033
2.14531e+008,-1.50927e+033
2.14618e+008,-1.5091e+033
2.14704e+008,-1.50893e+033
2.1479e+008,-1.50875e+033
2.14877e+008,-1.50858e+033
2.14963e+008,-1.50841e+033
2.1505e+008,-1.50824e+033
2.15136e+008,-1.50807e+033
2.15222e+008,-1.50789e+033
2.15309e+008,-1.50772e+033
2.15395e+008,-1.50755e+033
2.15482e+008,-1.50738e+033
2.15568e+008,-1.5072e+033
2.15654e+008,-1.50703e+033
2.15741e+008,-1.50686e+033
2.15827e+008,-1.50669e+033
2.15914e+008,-1.50652e+033
2.16e+008,-1.50634e+033
2.16086e+008,-1.50617e+033
2.16173e+008,-1.506e+033
2.16259e+008,-1.50583e+033
2.16346e+008,-1.50565e+033
2.16432e+008,-1.50548e+033
2.16518e+008,-1.50531e+033
2.16605e+008,-1.50514e+033
2.16691e+008,-1.50496e+033
2.16778e+008,-1.50479e+033
2.16864e+008,-1.50462e+033
2.1695e+008,-1.50445e+033
2.17037e+008,-1.50427e+033
2.17123e+008,-1.5041e+033
2.1721e+008,-1.50393e+033
2.17296e+008,-1.50375e+033
2.17382e+008,-1.50358e+033
2.17469e+008,-1.50341e+033
2.17555e+008,-1.50324e+033
2.17642e+008,-1.50306e+033
2.17728e+008,-1.50289e+033
2.17814e+008,-1.50272e+033
2.17901e+008,-1.50255e+033
2.17987e+008,-1.50237e+033
2.18074e+008,-1.5022e+033
2.1816e+008,-1.50203e+033
2.18246e+008,-1.50185e+033
2.18333e+008,-1.50168e+033
2.18419e+008,-1.50151e+033
2.18506e+008,-1.50134e+033
2.18592e+008,-1.50116e+033
2.18678e+008,-1.50099e+033
2.18765e+008,-1.50082e+033
2.18851e+008,-1.50065e+033
2.18938e+008,-1.50047e+033
2.19024e+008,-1.5003e+033
2.1911e+008,-1.50013e+033
2.19197e+008,-1.49995e+033
2.19283e+008,-1.49978e+033
2.1937e+008,-1.49961e+033
2.19456e+008,-1.49944e+033
2.19542e+008,-1.49926e+033
2.19629e+008,-1.49909e+033
2.19715e+008,-1.49892e+033
2.19802e+008,-1.49874e+033
2.19888e+008,-1.49857e+033
2.19974e+008,-1.4984e+033
2.20061e+008,-1.49823e+033
2.20147e+008,-1.49805e+033
2.20234e+008,-1.49788e+033
2.2032e+008,-1.49771e+033
2.20406e+008,-1.49753e+033
2.20493e+008,-1.49736e+033
2.20579e+008,-1.49719e+033
2.20666e+008,-1.49702e+033
2.20752e+008,-1.49684e+033
2.20838e+008,-1.49667e+033
2.20925e+008,-1.4965e+033
2.21011e+008,-1.49633e+033
2.21098e+008,-1.49615e+033
2.21184e+008,-1.49598e+033
2.2127e+008,-1.49581e+033
2.21357e+008,-1.49564e+033
2.21443e+008,-1.49546e+033
2.2153e+008,-1.49529e+033
2.21616e+008,-1.49512e+033
2.21702e+008,-1.49495e+033
2.21789e+008,-1.49477e+033
2.21875e+008,-1.4946e+033
2.21962e+008,-1.49443e+033
2.22048e+008,-1.49426e+033
2.22134e+008,-1.49408e+033
2.22221e+008,-1.49391e+033
2.22307e+008,-1.49374e+033
2.22394e+008,-1.49357e+033
2.2248e+008,-1.49339e+033
2.22566e+008,-1.49322e+033
2.22653e+008,-1.49305e+033
2.22739e+008,-1.49288e+033
2.22826e+008,-1.49271e+033
2.22912e+008,-1.49253e+033
2.22998e+008,-1.49236e+033
2.23085e+008,-1.49219e+033
2.23171e+008,-1.49202e+033
2.23258e+008,-1.49184e+033
2.23344e+008,-1.49167e+033
2.2343e+008,-1.4915e+033
2.23517e+008,-1.49133e+033
2.23603e+008,-1.49116e+033
2.2369e+008,-1.49099e+033
2.23776e+008,-1.49081e+033
2.23862e+008,-1.49064e+033
2.23949e+008,-1.49047e+033
2.24035e+008,-1.4903e+033
2.24122e+008,-1.49013e+033
2.24208e+008,-1.48996e+033
2.24294e+008,-1.48978e+033
2.24381e+008,-1.48961e+033
2.24467e+008,-1.48944e+033
2.24554e+008,-1.48927e+033
2.2464e+008,-1.4891e+033
2.24726e+008,-1.48893e+033
2.24813e+008,-1.48876e+033
2.24899e+008,-1.48859e+033
2.24986e+008,-1.48841e+033
2.25072e+008,-1.48824e+033
2.25158e+008,-1.48807e+033
2.25245e+008,-1.4879e+033
2.25331e+008,-1.48773e+033
2.25418e+008,-1.48756e+033
2.25504e+008,-1.48739e+033
2.2559e+008,-1.48722e+033
2.25677e+008,-1.48705e+033
2.25763e+008,-1.48688e+033
2.2585e+008,-1.48671e+033
2.25936e+008,-1.48654e+033
2.26022e+008,-1.48637e+033
2.26109e+008,-1.4862e+033
2.26195e+008,-1.48603e+033
2.26282e+008,-1.48585e+033
2.26368e+008,-1.48568e+033
2.26454e+008,-1.48551e+033
2.26541e+008,-1.48534e+033
2.26627e+008,-1.48517e+033
2.26714e+008,-1.48501e+033
2.268e+008,-1.48484e+033
2.26886e+008,-1.48467e+033
2.26973e+008,-1.4845e+033
2.27059e+008,-1.48433e+033
2.27146e+008,-1.48416e+033
2.27232e+008,-1.48399e+033
2.27318e+008,-1.48382e+033
2.27405e+008,-1.48365e+033
2.27491e+008,-1.48348e+033
2.27578e+008,-1.48331e+033
2.27664e+008,-1.48314e+033
2.2775e+008,-1.48297e+033
2.27837e+008,-1.4828e+033
2.27923e+008,-1.48264e+033
2.2801e+008,-1.48247e+033
2.28096e+008,-1.4823e+033
2.28182e+008,-1.48213e+033
2.28269e+008,-1.48196e+033
2.28355e+008,-1.48179e+033
2.28442e+008,-1.48162e+033
2.28528e+008,-1.48146e+033
2.28614e+008,-1.48129e+033
2.28701e+008,-1.48112e+033
2.28787e+008,-1.48095e+033
2.28874e+008,-1.48078e+033
2.2896e+008,-1.48062e+033
2.29046e+008,-1.48045e+033
2.29133e+008,-1.48028e+033
2.29219e+008,-1.48011e+033
2.29306e+008,-1.47995e+033
2.29392e+008,-1.47978e+033
2.29478e+008,-1.47961e+033
2.29565e+008,-1.47945e+033
2.29651e+008,-1.47928e+033
2.29738e+008,-1.47911e+033
2.29824e+008,-1.47894e+033
2.2991e+008,-1.47878e+033
2.29997e+008,-1.47861e+033
2.30083e+008,-1.47844e+033
2.3017e+008,-1.47828e+033
2.30256e+008,-1.47811e+033
2.30342e+008,-1.47795e+033
2.30429e+008,-1.47778e+033
2.30515e+008,-1.47761e+033
2.30602e+008,-1.47745e+033
2.30688e+008,-1.47728e+033
2.30774e+008,-1.47712e+033
2.30861e+008,-1.47695e+033
2.30947e+008,-1.47679e+033
2.31034e+008,-1.47662e+033
2.3112e+008,-1.47646e+033
2.31206e+008,-1.47629e+033
2.31293e+008,-1.47613e+033
2.31379e+008,-1.47596e+033
2.31466e+008,-1.4758e+033
2.31552e+008,-1.47563e+033
2.31638e+008,-1.47547e+033
2.31725e+008,-1.4753e+033
2.31811e+008,-1.47514e+033
2.31898e+008,-1.47497e+033
2.31984e+008,-1.47481e+033
2.3207e+008,-1.47465e+033
2.32157e+008,-1.47448e+033
2.32243e+008,-1.47432e+033
2.3233e+008,-1.47415e+033
2.32416e+008,-1.47399e+033
2.32502e+008,-1.47383e+033
2.32589e+008,-1.47366e+033
2.32675e+008,-1.4735e+033
2.32762e+008,-1.47334e+033
2.32848e+008,-1.47318e+033
2.32934e+008,-1.47301e+033
2.33021e+008,-1.47285e+033
2.33107e+008,-1.47269e+033
2.33194e+008,-1.47252e+033
2.3328e+008,-1.47236e+033
2.33366e+008,-1.4722e+033
2.33453e+008,-1.47204e+033
2.33539e+008,-1.47188e+033
2.33626e+008,-1.47171e+033
2.33712e+008,-1.47155e+033
2.33798e+008,-1.47139e+033
2.33885e+008,-1.47123e+033
2.33971e+008,-1.47107e+033
2.34058e+008,-1.47091e+033
2.34144e+008,-1.47075e+033
2.3423e+008,-1.47059e+033
2.34317e+008,-1.47043e+033
2.34403e+008,-1.47026e+033
2.3449e+008,-1.4701e+033
2.34576e+008,-1.46994e+033
2.34662e+008,-1.46978e+033
2.34749e+008,-1.46962e+033
2.34835e+008,-1.46946e+033
2.34922e+008,-1.4693e+033
2.35008e+008,-1.46914e+033
2.35094e+008,-1.46898e+033
2.35181e+008,-1.46883e+033
2.35267e+008,-1.46867e+033
2.35354e+008,-1.46851e+033
2.3544e+008,-1.46835e+033
2.35526e+008,-1.46819e+033
2.35613e+008,-1.46803e+033
2.35699e+008,-1.46787e+033
2.35786e+008,-1.46771e+033
2.35872e+008,-1.46756e+033
2.35958e+008,-1.4674e+033
2.36045e+008,-1.46724e+033
2.36131e+008,-1.46708e+033
2.36218e+008,-1.46692e+033
2.36304e+008,-1.46677e+033
2.3639e+008,-1.46661e+033
2.36477e+008,-1.46645e+033
2.36563e+008,-1.46629e+033
2.3665e+008,-1.46614e+033
2.36736e+008,-1.46598e+033
2.36822e+008,-1.46582e+033
2.36909e+008,-1.46567e+033
2.36995e+008,-1.46551e+033
2.37082e+008,-1.46535e+033
2.37168e+008,-1.4652e+033
2.37254e+008,-1.46504e+033
2.37341e+008,-1.46489e+033
2.37427e+008,-1.46473e+033
2.37514e+008,-1.46457e+033
2.376e+008,-1.46442e+033
2.37686e+008,-1.46426e+033
2.37773e+008,-1.46411e+033
2.37859e+008,-1.46395e+033
2.37946e+008,-1.4638e+033
2.38032e+008,-1.46364e+033
2.38118e+008,-1.46349e+033
2.38205e+008,-1.46334e+033
2.38291e+008,-1.46318e+033
2.38378e+008,-1.46303e+033
2.38464e+008,-1.46287e+033
2.3855e+008,-1.46272e+033
2.38637e+008,-1.46257e+033
2.38723e+008,-1.46241e+033
2.3881e+008,-1.46226e+033
2.38896e+008,-1.46211e+033
2.38982e+008,-1.46195e+033
2.39069e+008,-1.4618e+033
2.39155e+008,-1.46165e+033
2.39242e+008,-1.46149e+033
2.39328e+008,-1.46134e+033
2.39414e+008,-1.46119e+033
2.39501e+008,-1.46104e+033
2.39587e+008,-1.46089e+033
2.39674e+008,-1.46073e+033
2.3976e+008,-1.46058e+033
2.39846e+008,-1.46043e+033
2.39933e+008,-1.46028e+033
2.40019e+008,-1.46013e+033
2.40106e+008,-1.45998e+033
2.40192e+008,-1.45983e+033
2.40278e+008,-1.45967e+033
2.40365e+008,-1.45952e+033
2.40451e+008,-1.45937e+033
2.40538e+008,-1.45922e+033
2.40624e+008,-1.45907e+033
2.4071e+008,-1.45892e+033
2.40797e+008,-1.45877e+033
2.40883e+008,-1.45862e+033
2.4097e+008,-1.45847e+033
2.41056e+008,-1.45832e+033
2.41142e+008,-1.45817e+033
2.41229e+008,-1.45803e+033
2.41315e+008,-1.45788e+033
2.41402e+008,-1.45773e+033
2.41488e+008,-1.45758e+033
2.41574e+008,-1.45743e+033
2.41661e+008,-1.45728e+033
2.41747e+008,-1.45713e+033
2.41834e+008,-1.45699e+033
2.4192e+008,-1.45684e+033
2.42006e+008,-1.45669e+033
2.42093e+008,-1.45654e+033
2.42179e+008,-1.45639e+033
2.42266e+008,-1.45625e+033
2.42352e+008,-1.4561e+033
2.42438e+008,-1.45595e+033
2.42525e+008,-1.45581e+033
2.42611e+008,-1.45566e+033
2.42698e+008,-1.45551e+033
2.42784e+008,-1.45537e+033
2.4287e+008,-1.45522e+033
2.42957e+008,-1.45507e+033
2.43043e+008,-1.45493e+033
2.4313e+008,-1.45478e+033
2.43216e+008,-1.45464e+033
2.43302e+008,-1.45449e+033
2.43389e+008,-1.45435e+033
2.43475e+008,-1.4542e+033
2.43562e+008,-1.45406e+033
2.43648e+008,-1.45391e+033
2.43734e+008,-1.45377e+033
2.43821e+008,-1.45362e+033
2.43907e+008,-1.45348e+033
2.43994e+008,-1.45333e+033
2.4408e+008,-1.45319e+033
2.44166e+008,-1.45304e+033
2.44253e+008,-1.4529e+033
2.44339e+008,-1.45276e+033
2.44426e+008,-1.45261e+033
2.44512e+008,-1.45247e+033
2.44598e+008,-1.45233e+033
2.44685e+008,-1.45218e+033
2.44771e+008,-1.45204e+033
2.44858e+008,-1.4519e+033
2.44944e+008,-1.45175e+033
2.4503e+008,-1.45161e+033
2.45117e+008,-1.45147e+033
2.45203e+008,-1.45133e+033
2.4529e+008,-1.45118e+033
2.45376e+008,-1.45104e+033
2.45462e+008,-1.4509e+033
2.45549e+008,-1.45076e+033
2.45635e+008,-1.45062e+033
2.45722e+008,-1.45048e+033
2.45808e+008,-1.45033e+033
2.45894e+008,-1.45019e+033
2.45981e+008,-1.45005e+033
2.46067e+008,-1.44991e+033
2.46154e+008,-1.44977e+033
2.4624e+008,-1.44963e+033
2.46326e+008,-1.44949e+033
2.46413e+008,-1.44935e+033
2.46499e+008,-1.44921e+033
2.46586e+008,-1.44907e+033
2.46672e+008,-1.44893e+033
2.46758e+008,-1.44879e+033
2.46845e+008,-1.44865e+033
2.46931e+008,-1.44851e+033
2.47018e+008,-1.44837e+033
2.47104e+008,-1.44823e+033
2.4719e+008,-1.44809e+033
2.47277e+008,-1.44795e+033
2.47363e+008,-1.44782e+033
2.4745e+008,-1.44768e+033
2.47536e+008,-1.44754e+033
2.47622e+008,-1.4474e+033
2.47709e+008,-1.44726e+033
2.47795e+008,-1.44712e+033
2.47882e+008,-1.44699e+033
2.47968e+008,-1.44685e+033
2.48054e+008,-1.44671e+033
2.48141e+008,-1.44657e+033
2.48227e+008,-1.44644e+033
2.48314e+008,-1.4463e+033
2.484e+008,-1.44616e+033
2.48486e+008,-1.44603e+033
2.48573e+008,-1.44589e+033
2.48659e+008,-1.44575e+033
2.48746e+008,-1.44562e+033
2.48832e+008,-1.44548e+033
2.48918e+008,-1.44534e+033
2.49005e+008,-1.44521e+033
2.49091e+008,-1.44507e+033
2.49178e+008,-1.44494e+033
2.49264e+008,-1.4448e+033
2.4935e+008,-1.44466e+033
2.49437e+008,-1.44453e+033
2.49523e+008,-1.44439e+033
2.4961e+008,-1.44426e+033
2.49696e+008,-1.44412e+033
2.49782e+008,-1.44399e+033
2.49869e+008,-1.44385e+033
2.49955e+008,-1.44372e+033
2.50042e+008,-1.44358e+033
2.50128e+008,-1.44345e+033
2.50214e+008,-1.44332e+033
2.50301e+008,-1.44318e+033
2.50387e+008,-1.44305e+033
2.50474e+008,-1.44291e+033
2.5056e+008,-1.44278e+033
2.50646e+008,-1.44265e+033
2.50733e+008,-1.44251e+033
2.50819e+008,-1.44238e+033
2.50906e+008,-1.44225e+033
2.50992e+008,-1.44211e+033
2.51078e+008,-1.44198e+033
2.51165e+008,-1.44185e+033
2.51251e+008,-1.44171e+033
2.51338e+008,-1.44158e+033
2.51424e+008,-1.44145e+033
2.5151e+008,-1.44132e+033
2.51597e+008,-1.44118e+033
2.51683e+008,-1.44105e+033
2.5177e+008,-1.44092e+033
2.51856e+008,-1.44079e+033
2.51942e+008,-1.44066e+033
2.52029e+008,-1.44052e+033
2.52115e+008,-1.44039e+033
2.52202e+008,-1.44026e+033
2.52288e+008,-1.44013e+033
2.52374e+008,-1.44e+033
2.52461e+008,-1.43987e+033
2.52547e+008,-1.43974e+033
2.52634e+008,-1.43961e+033
2.5272e+008,-1.43948e+033
2.52806e+008,-1.43934e+033
2.52893e+008,-1.43921e+033
2.52979e+008,-1.43908e+033
2.53066e+008,-1.43895e+033
2.53152e+008,-1.43882e+033
2.53238e+008,-1.43869e+033
2.53325e+008,-1.43856e+033
2.53411e+008,-1.43843e+033
2.53498e+008,-1.4383e+033
2.53584e+008,-1.43817e+033
2.5367e+008,-1.43805e+033
2.53757e+008,-1.43792e+033
2.53843e+008,-1.43779e+033
2.5393e+008,-1.43766e+033
2.54016e+008,-1.43753e+033
2.54102e+008,-1.4374e+033
2.54189e+008,-1.43727e+033
2.54275e+008,-1.43714e+033
2.54362e+008,-1.43701e+033
2.54448e+008,-1.43688e+033
2.54534e+008,-1.43676e+033
2.54621e+008,-1.43663e+033
2.54707e+008,-1.4365e+033
2.54794e+008,-1.43637e+033
2.5488e+008,-1.43624e+033
2.54966e+008,-1.43612e+033
2.55053e+008,-1.43599e+033
2.55139e+008,-1.43586e+033
2.55226e+008,-1.43573e+033
2.55312e+008,-1.43561e+033
2.55398e+008,-1.43548e+033
2.55485e+008,-1.43535e+033
2.55571e+008,-1.43522e+033
2.55658e+008,-1.4351e+033
2.55744e+008,-1.43497e+033
2.5583e+008,-1.43484e+033
2.55917e+008,-1.43472e+033
2.56003e+008,-1.43459e+033
2.5609e+008,-1.43446e+033
2.56176e+008,-1.43434e+033
2.56262e+008,-1.43421e+033
2.56349e+008,-1.43408e+033
2.56435e+008,-1.43396e+033
2.56522e+008,-1.43383e+033
2.56608e+008,-1.43371e+033
2.56694e+008,-1.43358e+033
2.56781e+008,-1.43345e+033
2.56867e+008,-1.43333e+033
2.56954e+008,-1.4332e+033
2.5704e+008,-1.43308e+033
2.57126e+008,-1.43295e+033
2.57213e+008,-1.43283e+033
2.57299e+008,-1.4327e+033
2.57386e+008,-1.43258e+033
2.57472e+008,-1.43245e+033
2.57558e+008,-1.43233e+033
2.57645e+008,-1.4322e+033
2.57731e+008,-1.43208e+033
2.57818e+008,-1.43195e+033
2.57904e+008,-1.43183e+033
2.5799e+008,-1.4317e+033
2.58077e+008,-1.43158e+033
2.58163e+008,-1.43145e+033
2.5825e+008,-1.43133e+033
2.58336e+008,-1.43121e+033
2.58422e+008,-1.43108e+033
2.58509e+008,-1.43096e+033
2.58595e+008,-1.43083e+033
2.58682e+008,-1.43071e+033
2.58768e+008,-1.43059e+033
2.58854e+008,-1.43046e+033
2.58941e+008,-1.43034e+033
2.59027e+008,-1.43022e+033
2.59114e+008,-1.43009e+033
2.592e+008,-1.42997e+033
2.59286e+008,-1.42985e+033
2.59373e+008,-1.42972e+033
2.59459e+008,-1.4296e+033
2.59546e+008,-1.42948e+033
2.59632e+008,-1.42935e+033
2.59718e+008,-1.42923e+033
2.59805e+008,-1.42911e+033
2.59891e+008,-1.42898e+033
2.59978e+008,-1.42886e+033
2.60064e+008,-1.42874e+033
2.6015e+008,-1.42862e+033
2.60237e+008,-1.42849e+033
2.60323e+008,-1.42837e+033
2.6041e+008,-1.42825e+033
2.60496e+008,-1.42813e+033
2.60582e+008,-1.42801e+033
2.60669e+008,-1.42788e+033
2.60755e+008,-1.42776e+033
2.60842e+008,-1.42764e+033
2.60928e+008,-1.42752e+033
2.61014e+008,-1.4274e+033
2.61101e+008,-1.42727e+033
2.61187e+008,-1.42715e+033
2.61274e+008,-1.42703e+033
2.6136e+008,-1.42691e+033
2.61446e+008,-1.42679e+033
2.61533e+008,-1.42667e+033
2.61619e+008,-1.42655e+033
2.61706e+008,-1.42642e+033
2.61792e+008,-1.4263e+033
2.61878e+008,-1.42618e+033
2.61965e+008,-1.42606e+033
2.62051e+008,-1.42594e+033
2.62138e+008,-1.42582e+033
2.62224e+008,-1.4257e+033
2.6231e+008,-1.42558e+033
2.62397e+008,-1.42546e+033
2.62483e+008,-1.42534e+033
2.6257e+008,-1.42522e+033
2.62656e+008,-1.4251e+033
2.62742e+008,-1.42497e+033
2.62829e+008,-1.42485e+033
2.62915e+008,-1.42473e+033
2.63002e+008,-1.42461e+033
2.63088e+008,-1.42449e+033
2.63174e+008,-1.42437e+033
2.63261e+008,-1.42425e+033
2.63347e+008,-1.42413e+033
2.63434e+008,-1.42401e+033
2.6352e+008,-1.42389e+033
2.63606e+008,-1.42377e+033
2.63693e+008,-1.42365e+033
2.63779e+008,-1.42353e+033
2.63866e+008,-1.42341e+033
2.63952e+008,-1.42329e+033
2.64038e+008,-1.42317e+033
2.64125e+008,-1.42306e+033
2.64211e+008,-1.42294e+033
2.64298e+008,-1.42282e+033
2.64384e+008,-1.4227e+033
2.6447e+008,-1.42258e+033
2.64557e+008,-1.42246e+033
2.64643e+008,-1.42234e+033
2.6473e+008,-1.42222e+033
2.64816e+008,-1.4221e+033
2.64902e+008,-1.42198e+033
2.64989e+008,-1.42186e+033
2.65075e+008,-1.42174e+033
2.65162e+008,-1.42162e+033
2.65248e+008,-1.42151e+033
2.65334e+008,-1.42139e+033
2.65421e+008,-1.42127e+033
2.65507e+008,-1.42115e+033
2.65594e+008,-1.42103e+033
2.6568e+008,-1.42091e+033
2.65766e+008,-1.42079e+033
2.65853e+008,-1.42067e+033
2.65939e+008,-1.42056e+033
2.66026e+008,-1.42044e+033
2.66112e+008,-1.42032e+033
2.66198e+008,-1.4202e+033
2.66285e+008,-1.42008e+033
2.66371e+008,-1.41996e+033
2.66458e+008,-1.41984e+033
2.66544e+008,-1.41973e+033
2.6663e+008,-1.41961e+033
2.66717e+008,-1.41949e+033
2.66803e+008,-1.41937e+033
2.6689e+008,-1.41925e+033
2.66976e+008,-1.41914e+033
2.67062e+008,-1.41902e+033
2.67149e+008,-1.4189e+033
2.67235e+008,-1.41878e+033
2.67322e+008,-1.41866e+033
2.67408e+008,-1.41854e+033
2.67494e+008,-1.41843e+033
2.67581e+008,-1.41831e+033
2.67667e+008,-1.41819e+033
2.67754e+008,-1.41807e+033
2.6784e+008,-1.41796e+033
2.67926e+008,-1.41784e+033
2.68013e+008,-1.41772e+033
2.68099e+008,-1.4176e+033
2.68186e+008,-1.41748e+033
2.68272e+008,-1.41737e+033
2.68358e+008,-1.41725e+033
2.68445e+008,-1.41713e+033
2.68531e+008,-1.41701e+033
2.68618e+008,-1.4169e+033
2.68704e+008,-1.41678e+033
2.6879e+008,-1.41666e+033
2.68877e+008,-1.41654e+033
2.68963e+008,-1.41643e+033
2.6905e+008,-1.41631e+033
2.69136e+008,-1.41619e+033
2.69222e+008,-1.41608e+033
2.69309e+008,-1.41596e+033
2.69395e+008,-1.41584e+033
2.69482e+008,-1.41572e+033
2.69568e+008,-1.41561e+033
2.69654e+008,-1.41549e+033
2.69741e+008,-1.41537e+033
2.69827e+008,-1.41525e+033
2.69914e+008,-1.41514e+033
2.7e+008,-1.41502e+033
2.70086e+008,-1.4149e+033
2.70173e+008,-1.41479e+033
2.70259e+008,-1.41467e+033
2.70346e+008,-1.41455e+033
2.70432e+008,-1.41443e+033
2.70518e+008,-1.41432e+033
2.70605e+008,-1.4142e+033
2.70691e+008,-1.41408e+033
2.70778e+008,-1.41397e+033
2.70864e+008,-1.41385e+033
2.7095e+008,-1.41373e+033
2.71037e+008,-1.41362e+033
2.71123e+008,-1.4135e+033
2.7121e+008,-1.41338e+033
2.71296e+008,-1.41327e+033
2.71382e+008,-1.41315e+033
2.71469e+008,-1.41303e+033
2.71555e+008,-1.41291e+033
2.71642e+008,-1.4128e+033
2.71728e+008,-1.41268e+033
2.71814e+008,-1.41256e+033
2.71901e+008,-1.41245e+033
2.71987e+008,-1.41233e+033
2.72074e+008,-1.41221e+033
2.7216e+008,-1.4121e+033
2.72246e+008,-1.41198e+033
2.72333e+008,-1.41186e+033
2.72419e+008,-1.41175e+033
2.72506e+008,-1.41163e+033
2.72592e+008,-1.41151e+033
2.72678e+008,-1.4114e+033
2.72765e+008,-1.41128e+033
2.72851e+008,-1.41116e+033
2.72938e+008,-1.41105e+033
2.73024e+008,-1.41093e+033
2.7311e+008,-1.41081e+033
2.73197e+008,-1.4107e+033
2.73283e+008,-1.41058e+033
2.7337e+008,-1.41046e+033
2.73456e+008,-1.41035e+033
2.73542e+008,-1.41023e+033
2.73629e+008,-1.41011e+033
2.73715e+008,-1.41e+033
2.73802e+008,-1.40988e+033
2.73888e+008,-1.40976e+033
2.73974e+008,-1.40965e+033
2.74061e+008,-1.40953e+033
2.74147e+008,-1.40941e+033
2.74234e+008,-1.4093e+033
2.7432e+008,-1.40918e+033
2.74406e+008,-1.40906e+033
2.74493e+008,-1.40895e+033
2.74579e+008,-1.40883e+033
2.74666e+008,-1.40872e+033
2.74752e+008,-1.4086e+033
2.74838e+008,-1.40848e+033
2.74925e+008,-1.40837e+033
2.75011e+008,-1.40825e+033
2.75098e+008,-1.40813e+033
2.75184e+008,-1.40802e+033
2.7527e+008,-1.4079e+033
2.75357e+008,-1.40778e+033
2.75443e+008,-1.40767e+033
2.7553e+008,-1.40755e+033
2.75616e+008,-1.40743e+033
2.75702e+008,-1.40732e+033
2.75789e+008,-1.4072e+033
2.75875e+008,-1.40708e+033
2.75962e+008,-1.40697e+033
2.76048e+008,-1.40685e+033
2.76134e+008,-1.40673e+033
2.76221e+008,-1.40662e+033
2.76307e+008,-1.4065e+033
2.76394e+008,-1.40638e+033
2.7648e+008,-1.40627e+033
2.76566e+008,-1.40615e+033
2.76653e+008,-1.40603e+033
2.76739e+008,-1.40592e+033
2.76826e+008,-1.4058e+033
2.76912e+008,-1.40568e+033
2.76998e+008,-1.40557e+033
2.77085e+008,-1.40545e+033
2.77171e+008,-1.40533e+033
2.77258e+008,-1.40522e+033
2.77344e+008,-1.4051e+033
2.7743e+008,-1.40498e+033
2.77517e+008,-1.40487e+033
2.77603e+008,-1.40475e+033
2.7769e+008,-1.40463e+033
2.77776e+008,-1.40451e+033
2.77862e+008,-1.4044e+033
2.77949e+008,-1.40428e+033
2.78035e+008,-1.40416e+033
2.78122e+008,-1.40405e+033
2.78208e+008,-1.40393e+033
2.78294e+008,-1.40381e+033
2.78381e+008,-1.4037e+033
2.78467e+008,-1.40358e+033
2.78554e+008,-1.40346e+033
2.7864e+008,-1.40335e+033
2.78726e+008,-1.40323e+033
2.78813e+008,-1.40311e+033
2.78899e+008,-1.40299e+033
2.78986e+008,-1.40288e+033
2.79072e+008,-1.40276e+033
2.79158e+008,-1.40264e+033
2.79245e+008,-1.40253e+033
2.79331e+008,-1.40241e+033
2.79418e+008,-1.40229e+033
2.79504e+008,-1.40218e+033
2.7959e+008,-1.40206e+033
2.79677e+008,-1.40194e+033
2.79763e+008,-1.40182e+033
2.7985e+008,-1.40171e+033
2.79936e+008,-1.40159e+033
2.80022e+008,-1.40147e+033
2.80109e+008,-1.40135e+033
2.80195e+008,-1.40124e+033
2.80282e+008,-1.40112e+033
2.80368e+008,-1.401e+033
2.80454e+008,-1.40089e+033
2.80541e+008,-1.40077e+033
2.80627e+008,-1.40065e+033
2.80714e+008,-1.40053e+033
2.808e+008,-1.40042e+033
2.80886e+008,-1.4003e+033
2.80973e+008,-1.40018e+033
2.81059e+008,-1.40006e+033
2.81146e+008,-1.39995e+033
2.81232e+008,-1.39983e+033
2.81318e+008,-1.39971e+033
2.81405e+008,-1.39959e+033
2.81491e+008,-1.39948e+033
2.81578e+008,-1.39936e+033
2.81664e+008,-1.39924e+033
2.8175e+008,-1.39912e+033
2.81837e+008,-1.39901e+033
2.81923e+008,-1.39889e+033
2.8201e+008,-1.39877e+033
2.82096e+008,-1.39865e+033
2.82182e+008,-1.39853e+033
2.82269e+008,-1.39842e+033
2.82355e+008,-1.3983e+033
2.82442e+008,-1.39818e+033
2.82528e+008,-1.39806e+033
2.82614e+008,-1.39795e+033
2.82701e+008,-1.39783e+033
2.82787e+008,-1.39771e+033
2.82874e+008,-1.39759e+033
2.8296e+008,-1.39747e+033
2.83046e+008,-1.39736e+033
2.83133e+008,-1.39724e+033
2.83219e+008,-1.39712e+033
2.83306e+008,-1.397e+033
2.83392e+008,-1.39688e+033
2.83478e+008,-1.39677e+033
2.83565e+008,-1.39665e+033
2.83651e+008,-1.39653e+033
2.83738e+008,-1.39641e+033
2.83824e+008,-1.39629e+033
2.8391e+008,-1.39617e+033
2.83997e+008,-1.39606e+033
2.84083e+008,-1.39594e+033
2.8417e+008,-1.39582e+033
2.84256e+008,-1.3957e+033
2.84342e+008,-1.39558e+033
2.84429e+008,-1.39546e+033
2.84515e+008,-1.39535e+033
2.84602e+008,-1.39523e+033
2.84688e+008,-1.39511e+033
2.84774e+008,-1.39499e+033
2.84861e+008,-1.39487e+033
2.84947e+008,-1.39475e+033
2.85034e+008,-1.39463e+033
2.8512e+008,-1.39451e+033
2.85206e+008,-1.3944e+033
2.85293e+008,-1.39428e+033
2.85379e+008,-1.39416e+033
2.85466e+008,-1.39404e+033
2.85552e+008,-1.39392e+033
2.85638e+008,-1.3938e+033
2.85725e+008,-1.39368e+033
2.85811e+008,-1.39356e+033
2.85898e+008,-1.39345e+033
2.85984e+008,-1.39333e+033
2.8607e+008,-1.39321e+033
2.86157e+008,-1.39309e+033
2.86243e+008,-1.39297e+033
2.8633e+008,-1.39285e+033
2.86416e+008,-1.39273e+033
2.86502e+008,-1.39261e+033
2.86589e+008,-1.39249e+033
2.86675e+008,-1.39237e+033
2.86762e+008,-1.39225e+033
2.86848e+008,-1.39214e+033
2.86934e+008,-1.39202e+033
2.87021e+008,-1.3919e+033
2.87107e+008,-1.39178e+033
2.87194e+008,-1.39166e+033
2.8728e+008,-1.39154e+033
2.87366e+008,-1.39142e+033
2.87453e+008,-1.3913e+033
2.87539e+008,-1.39118e+033
2.87626e+008,-1.39106e+033
2.87712e+008,-1.39094e+033
2.87798e+008,-1.39082e+033
2.87885e+008,-1.3907e+033
2.87971e+008,-1.39058e+033
2.88058e+008,-1.39046e+033
2.88144e+008,-1.39034e+033
2.8823e+008,-1.39022e+033
2.88317e+008,-1.3901e+033
2.88403e+008,-1.38998e+033
2.8849e+008,-1.38986e+033
2.88576e+008,-1.38974e+033
2.88662e+008,-1.38962e+033
2.88749e+008,-1.3895e+033
2.88835e+008,-1.38938e+033
2.88922e+008,-1.38926e+033
2.89008e+008,-1.38914e+033
2.89094e+008,-1.38902e+033
2.89181e+008,-1.3889e+033
2.89267e+008,-1.38878e+033
2.89354e+008,-1.38866e+033
2.8944e+008,-1.38854e+033
2.89526e+008,-1.38842e+033
2.89613e+008,-1.3883e+033
2.89699e+008,-1.38818e+033
2.89786e+008,-1.38806e+033
2.89872e+008,-1.38794e+033
2.89958e+008,-1.38782e+033
2.90045e+008,-1.3877e+033
2.90131e+008,-1.38758e+033
2.90218e+008,-1.38746e+033
2.90304e+008,-1.38734e+033
2.9039e+008,-1.38722e+033
2.90477e+008,-1.3871e+033
2.90563e+008,-1.38698e+033
2.9065e+008,-1.38686e+033
2.90736e+008,-1.38674e+033
2.90822e+008,-1.38662e+033
2.90909e+008,-1.3865e+033
2.90995e+008,-1.38638e+033
2.91082e+008,-1.38625e+033
2.91168e+008,-1.38613e+033
2.91254e+008,-1.38601e+033
2.91341e+008,-1.38589e+033
2.91427e+008,-1.38577e+033
2.91514e+008,-1.38565e+033
2.916e+008,-1.38553e+033
2.91686e+008,-1.38541e+033
2.91773e+008,-1.38529e+033
2.91859e+008,-1.38517e+033
2.91946e+008,-1.38505e+033
2.92032e+008,-1.38492e+033
2.92118e+008,-1.3848e+033
2.92205e+008,-1.38468e+033
2.92291e+008,-1.38456e+033
2.92378e+008,-1.38444e+033
2.92464e+008,-1.38432e+033
2.9255e+008,-1.3842e+033
2.92637e+008,-1.38408e+033
2.92723e+008,-1.38396e+033
2.9281e+008,-1.38383e+033
2.92896e+008,-1.38371e+033
2.92982e+008,-1.38359e+033
2.93069e+008,-1.38347e+033
2.93155e+008,-1.38335e+033
2.93242e+008,-1.38323e+033
2.93328e+008,-1.38311e+033
2.93414e+008,-1.38299e+033
2.93501e+008,-1.38286e+033
2.93587e+008,-1.38274e+033
2.93674e+008,-1.38262e+033
2.9376e+008,-1.3825e+033
2.93846e+008,-1.38238e+033
2.93933e+008,-1.38226e+033
2.94019e+008,-1.38214e+033
2.94106e+008,-1.38201e+033
2.94192e+008,-1.38189e+033
2.94278e+008,-1.38177e+033
2.94365e+008,-1.38165e+033
2.94451e+008,-1.38153e+033
2.94538e+008,-1.38141e+033
2.94624e+008,-1.38128e+033
2.9471e+008,-1.38116e+033
2.94797e+008,-1.38104e+033
2.94883e+008,-1.38092e+033
2.9497e+008,-1.3808e+033
2.95056e+008,-1.38067e+033
2.95142e+008,-1.38055e+033
2.95229e+008,-1.38043e+033
2.95315e+008,-1.38031e+033
2.95402e+008,-1.38019e+033
2.95488e+008,-1.38007e+033
2.95574e+008,-1.37994e+033
2.95661e+008,-1.37982e+033
2.95747e+008,-1.3797e+033
2.95834e+008,-1.37958e+033
2.9592e+008,-1.37946e+033
2.96006e+008,-1.37933e+033
2.96093e+008,-1.37921e+033
2.96179e+008,-1.37909e+033
2.96266e+008,-1.37897e+033
2.96352e+008,-1.37885e+033
2.96438e+008,-1.37872e+033
2.96525e+008,-1.3786e+033
2.96611e+008,-1.37848e+033
2.96698e+008,-1.37836e+033
2.96784e+008,-1.37824e+033
2.9687e+008,-1.37811e+033
2.96957e+008,-1.37799e+033
2.97043e+008,-1.37787e+033
2.9713e+008,-1.37775e+033
2.97216e+008,-1.37762e+033
2.97302e+008,-1.3775e+033
2.97389e+008,-1.37738e+033
2.97475e+008,-1.37726e+033
2.97562e+008,-1.37714e+033
2.97648e+008,-1.37701e+033
2.97734e+008,-1.37689e+033
2.97821e+008,-1.37677e+033
2.97907e+008,-1.37665e+033
2.97994e+008,-1.37652e+033
2.9808e+008,-1.3764e+033
2.98166e+008,-1.37628e+033
2.98253e+008,-1.37616e+033
2.98339e+008,-1.37604e+033
2.98426e+008,-1.37591e+033
2.98512e+008,-1.37579e+033
2.98598e+008,-1.37567e+033
2.98685e+008,-1.37555e+033
2.98771e+008,-1.37542e+033
2.98858e+008,-1.3753e+033
2.98944e+008,-1.37518e+033
2.9903e+008,-1.37506e+033
2.99117e+008,-1.37493e+033
2.99203e+008,-1.37481e+033
2.9929e+008,-1.37469e+033
2.99376e+008,-1.37457e+033
2.99462e+008,-1.37445e+033
2.99549e+008,-1.37432e+033
2.99635e+008,-1.3742e+033
2.99722e+008,-1.37408e+033
2.99808e+008,-1.37396e+033
2.99894e+008,-1.37383e+033
2.99981e+008,-1.37371e+033
3.00067e+008,-1.37359e+033
3.00154e+008,-1.37347e+033
3.0024e+008,-1.37334e+033
3.00326e+008,-1.37322e+033
3.00413e+008,-1.3731e+033
3.00499e+008,-1.37298e+033
3.00586e+008,-1.37285e+033
3.00672e+008,-1.37273e+033
3.00758e+008,-1.37261e+033
3.00845e+008,-1.37249e+033
3.00931e+008,-1.37237e+033
3.01018e+008,-1.37224e+033
3.01104e+008,-1.37212e+033
3.0119e+008,-1.372e+033
3.01277e+008,-1.37188e+033
3.01363e+008,-1.37175e+033
3.0145e+008,-1.37163e+033
3.01536e+008,-1.37151e+033
3.01622e+008,-1.37139e+033
3.01709e+008,-1.37127e+033
3.01795e+008,-1.37114e+033
3.01882e+008,-1.37102e+033
3.01968e+008,-1.3709e+033
3.02054e+008,-1.37078e+033
3.02141e+008,-1.37065e+033
3.02227e+008,-1.37053e+033
3.02314e+008,-1.37041e+033
3.024e+008,-1.37029e+033
3.02486e+008,-1.37017e+033
3.02573e+008,-1.37004e+033
3.02659e+008,-1.36992e+033
3.02746e+008,-1.3698e+033
3.02832e+008,-1.36968e+033
3.02918e+008,-1.36955e+033
3.03005e+008,-1.36943e+033
3.03091e+008,-1.36931e+033
3.03178e+008,-1.36919e+033
3.03264e+008,-1.36907e+033
3.0335e+008,-1.36894e+033
3.03437e+008,-1.36882e+033
3.03523e+008,-1.3687e+033
3.0361e+008,-1.36858e+033
3.03696e+008,-1.36846e+033
3.03782e+008,-1.36834e+033
3.03869e+008,-1.36821e+033
3.03955e+008,-1.36809e+033
3.04042e+008,-1.36797e+033
3.04128e+008,-1.36785e+033
3.04214e+008,-1.36773e+033
3.04301e+008,-1.3676e+033
3.04387e+008,-1.36748e+033
3.04474e+008,-1.36736e+033
3.0456e+008,-1.36724e+033
3.04646e+008,-1.36712e+033
3.04733e+008,-1.367e+033
3.04819e+008,-1.36687e+033
3.04906e+008,-1.36675e+033
3.04992e+008,-1.36663e+033
3.05078e+008,-1.36651e+033
3.05165e+008,-1.36639e+033
3.05251e+008,-1.36627e+033
3.05338e+008,-1.36615e+033
3.05424e+008,-1.36602e+033
3.0551e+008,-1.3659e+033
3.05597e+008,-1.36578e+033
3.05683e+008,-1.36566e+033
3.0577e+008,-1.36554e+033
3.05856e+008,-1.36542e+033
3.05942e+008,-1.3653e+033
3.06029e+008,-1.36518e+033
3.06115e+008,-1.36505e+033
3.06202e+008,-1.36493e+033
3.06288e+008,-1.36481e+033
3.06374e+008,-1.36469e+033
3.06461e+008,-1.36457e+033
3.06547e+008,-1.36445e+033
3.06634e+008,-1.36433e+033
3.0672e+008,-1.36421e+033
3.06806e+008,-1.36409e+033
3.06893e+008,-1.36397e+033
3.06979e+008,-1.36384e+033
3.07066e+008,-1.36372e+033
3.07152e+008,-1.3636e+033
3.07238e+008,-1.36348e+033
3.07325e+008,-1.36336e+033
3.07411e+008,-1.36324e+033
3.07498e+008,-1.36312e+033
3.07584e+008,-1.363e+033
3.0767e+008,-1.36288e+033
3.07757e+008,-1.36276e+033
3.07843e+008,-1.36264e+033
3.0793e+008,-1.36252e+033
3.08016e+008,-1.3624e+033
3.08102e+008,-1.36228e+033
3.08189e+008,-1.36216e+033
3.08275e+008,-1.36204e+033
3.08362e+008,-1.36192e+033
3.08448e+008,-1.3618e+033
3.08534e+008,-1.36168e+033
3.08621e+008,-1.36156e+033
3.08707e+008,-1.36144e+033
3.08794e+008,-1.36132e+033
3.0888e+008,-1.3612e+033
3.08966e+008,-1.36108e+033
3.09053e+008,-1.36096e+033
3.09139e+008,-1.36084e+033
3.09226e+008,-1.36072e+033
3.09312e+008,-1.3606e+033
3.09398e+008,-1.36048e+033
3.09485e+008,-1.36036e+033
3.09571e+008,-1.36024e+033
3.09658e+008,-1.36012e+033
3.09744e+008,-1.36e+033
3.0983e+008,-1.35988e+033
3.09917e+008,-1.35976e+033
3.10003e+008,-1.35964e+033
3.1009e+008,-1.35952e+033
3.10176e+008,-1.35941e+033
3.10262e+008,-1.35929e+033
3.10349e+008,-1.35917e+033
3.10435e+008,-1.35905e+033
3.10522e+008,-1.35893e+033
3.10608e+008,-1.35881e+033
3.10694e+008,-1.35869e+033
3.10781e+008,-1.35857e+033
3.10867e+008,-1.35845e+033
3.10954e+008,-1.35834e+033
3.1104e+008,-1.35822e+033
3.11126e+008,-1.3581e+033
3.11213e+008,-1.35798e+033
3.11299e+008,-1.35786e+033
3.11386e+008,-1.35774e+033
3.11472e+008,-1.35763e+033
3.11558e+008,-1.35751e+033
3.11645e+008,-1.35739e+033
3.11731e+008,-1.35727e+033
3.11818e+008,-1.35715e+033
3.11904e+008,-1.35704e+033
3.1199e+008,-1.35692e+033
3.12077e+008,-1.3568e+033
3.12163e+008,-1.35668e+033
3.1225e+008,-1.35656e+033
3.12336e+008,-1.35645e+033
3.12422e+008,-1.35633e+033
3.12509e+008,-1.35621e+033
3.12595e+008,-1.35609e+033
3.12682e+008,-1.35598e+033
3.12768e+008,-1.35586e+033
3.12854e+008,-1.35574e+033
3.12941e+008,-1.35563e+033
3.13027e+008,-1.35551e+033
3.13114e+008,-1.35539e+033
3.132e+008,-1.35527e+033
3.13286e+008,-1.35516e+033
3.13373e+008,-1.35504e+033
3.13459e+008,-1.35492e+033
3.13546e+008,-1.35481e+033
3.13632e+008,-1.35469e+033
3.13718e+008,-1.35457e+033
3.13805e+008,-1.35446e+033
3.13891e+008,-1.35434e+033
3.13978e+008,-1.35423e+033
3.14064e+008,-1.35411e+033
3.1415e+008,-1.35399e+033
3.14237e+008,-1.35388e+033
3.14323e+008,-1.35376e+033
3.1441e+008,-1.35365e+033
3.14496e+008,-1.35353e+033
3.14582e+008,-1.35341e+033
3.14669e+008,-1.3533e+033
3.14755e+008,-1.35318e+033
3.14842e+008,-1.35307e+033
3.14928e+008,-1.35295e+033
3.15014e+008,-1.35284e+033
3.15101e+008,-1.35272e+033
3.15187e+008,-1.35261e+033
3.15274e+008,-1.35249e+033
3.1536e+008,-1.35238e+033
3.15446e+008,-1.35226e+033
3.15533e+008,-1.35215e+033
3.15619e+008,-1.35203e+033
