0,2.66131e+040
86400,2.6621e+040
172800,2.66289e+040
259200,2.66368e+040
345600,2.66446e+040
432000,2.66525e+040
518400,2.66604e+040
604800,2.66683e+040
691200,2.66761e+040
777600,2.6684e+040
864000,2.66919e+040
950400,2.66998e+040
1.0368e+006,2.67076e+040
1.1232e+006,2.67155e+040
1.2096e+006,2.67234e+040
1.296e+006,2.67312e+040
1.3824e+006,2.67391e+040
1.4688e+006,2.67469e+040
1.5552e+006,2.67548e+040
1.6416e+006,2.67627e+040
1.728e+006,2.67705e+040
1.8144e+006,2.67784e+040
1.9008e+006,2.67862e+040
1.9872e+006,2.67941e+040
2.0736e+006,2.68019e+040
2.16e+006,2.68098e+040
2.2464e+006,2.68176e+040
2.3328e+006,2.68255e+040
2.4192e+006,2.68333e+040
2.5056e+006,2.68411e+040
2.592e+006,2.6849e+040
2.6784e+006,2.68568e+040
2.7648e+006,2.68646e+040
2.8512e+006,2.68725e+040
2.9376e+006,2.68803e+040
3.024e+006,2.68881e+040
3.1104e+006,2.68959e+040
3.1968e+006,2.69038e+040
3.2832e+006,2.69116e+040
3.3696e+006,2.69194e+040
3.456e+006,2.69272e+040
3.5424e+006,2.6935e+040
3.6288e+006,2.69428e+040
3.7152e+006,2.69506e+040
3.8016e+006,2.69584e+040
3.888e+006,2.69662e+040
3.9744e+006,2.6974e+040
4.0608e+006,2.69818e+040
4.1472e+006,2.69896e+040
4.2336e+006,2.69974e+040
4.32e+006,2.70051e+040
4.4064e+006,2.70129e+040
4.4928e+006,2.70207e+040
4.5792e+006,2.70284e+040
4.6656e+006,2.70362e+040
4.752e+006,2.70439e+040
4.8384e+006,2.70517e+040
4.9248e+006,2.70594e+040
5.0112e+006,2.70672e+040
5.0976e+006,2.70749e+040
5.184e+006,2.70826e+040
5.2704e+006,2.70904e+040
5.3568e+006,2.70981e+040
5.4432e+006,2.71058e+040
5.5296e+006,2.71135e+040
5.616e+006,2.71212e+040
5.7024e+006,2.71289e+040
5.7888e+006,2.71366e+040
5.8752e+006,2.71442e+040
5.9616e+006,2.71519e+040
6.048e+006,2.71596e+040
6.1344e+006,2.71672e+040
6.2208e+006,2.71749e+040
6.3072e+006,2.71825e+040
6.3936e+006,2.71902e+040
6.48e+006,2.71978e+040
6.5664e+006,2.72054e+040
6.6528e+006,2.72131e+040
6.7392e+006,2.72207e+040
6.8256e+006,2.72283e+040
6.912e+006,2.72359e+040
6.9984e+006,2.72434e+040
7.0848e+006,2.7251e+040
7.1712e+006,2.72586e+040
7.2576e+006,2.72662e+040
7.344e+006,2.72737e+040
7.4304e+006,2.72812e+040
7.5168e+006,2.72888e+040
7.6032e+006,2.72963e+040
7.6896e+006,2.73038e+040
7.776e+006,2.73113e+040
7.8624e+006,2.73188e+040
7.9488e+006,2.73263e+040
8.0352e+006,2.73338e+040
8.1216e+006,2.73412e+040
8.208e+006,2.73487e+040
8.2944e+006,2.73561e+040
8.3808e+006,2.73636e+040
8.4672e+006,2.7371e+040
8.5536e+006,2.73784e+040
8.64e+006,2.73858e+040
8.7264e+006,2.73932e+040
8.8128e+006,2.74006e+040
8.8992e+006,2.7408e+040
8.9856e+006,2.74153e+040
9.072e+006,2.74227e+040
9.1584e+006,2.743e+040
9.2448e+006,2.74373e+040
9.3312e+006,2.74447e+040
9.4176e+006,2.7452e+040
9.504e+006,2.74593e+040
9.5904e+006,2.74665e+040
9.6768e+006,2.74738e+040
9.7632e+006,2.74811e+040
9.8496e+006,2.74883e+040
9.936e+006,2.74955e+040
1.00224e+007,2.75027e+040
1.01088e+007,2.75099e+040
1.01952e+007,2.75171e+040
1.02816e+007,2.75243e+040
1.0368e+007,2.75315e+040
1.04544e+007,2.75386e+040
1.05408e+007,2.75458e+040
1.06272e+007,2.75529e+040
1.07136e+007,2.756e+040
1.08e+007,2.75671e+040
1.08864e+007,2.75742e+040
1.09728e+007,2.75813e+040
1.10592e+007,2.75883e+040
1.11456e+007,2.75954e+040
1.1232e+007,2.76024e+040
1.13184e+007,2.76094e+040
1.14048e+007,2.76165e+040
1.14912e+007,2.76234e+040
1.15776e+007,2.76304e+040
1.1664e+007,2.76374e+040
1.17504e+007,2.76443e+040
1.18368e+007,2.76513e+040
1.19232e+007,2.76582e+040
1.20096e+007,2.76651e+040
1.2096e+007,2.7672e+040
1.21824e+007,2.76789e+040
1.22688e+007,2.76858e+040
1.23552e+007,2.76926e+040
1.24416e+007,2.76994e+040
1.2528e+007,2.77063e+040
1.26144e+007,2.77131e+040
1.27008e+007,2.77199e+040
1.27872e+007,2.77267e+040
1.28736e+007,2.77334e+040
1.296e+007,2.77402e+040
1.30464e+007,2.77469e+040
1.31328e+007,2.77536e+040
1.32192e+007,2.77603e+040
1.33056e+007,2.7767e+040
1.3392e+007,2.77737e+040
1.34784e+007,2.77804e+040
1.35648e+007,2.7787e+040
1.36512e+007,2.77936e+040
1.37376e+007,2.78003e+040
1.3824e+007,2.78069e+040
1.39104e+007,2.78135e+040
1.39968e+007,2.782e+040
1.40832e+007,2.78266e+040
1.41696e+007,2.78331e+040
1.4256e+007,2.78397e+040
1.43424e+007,2.78462e+040
1.44288e+007,2.78527e+040
1.45152e+007,2.78592e+040
1.46016e+007,2.78657e+040
1.4688e+007,2.78721e+040
1.47744e+007,2.78786e+040
1.48608e+007,2.7885e+040
1.49472e+007,2.78914e+040
1.50336e+007,2.78978e+040
1.512e+007,2.79042e+040
1.52064e+007,2.79106e+040
1.52928e+007,2.79169e+040
1.53792e+007,2.79233e+040
1.54656e+007,2.79296e+040
1.5552e+007,2.79359e+040
1.56384e+007,2.79422e+040
1.57248e+007,2.79485e+040
1.58112e+007,2.79548e+040
1.58976e+007,2.7961e+040
1.5984e+007,2.79673e+040
1.60704e+007,2.79735e+040
1.61568e+007,2.79797e+040
1.62432e+007,2.79859e+040
1.63296e+007,2.79921e+040
1.6416e+007,2.79983e+040
1.65024e+007,2.80044e+040
1.65888e+007,2.80106e+040
1.66752e+007,2.80167e+040
1.67616e+007,2.80228e+040
1.6848e+007,2.80289e+040
1.69344e+007,2.8035e+040
1.70208e+007,2.80411e+040
1.71072e+007,2.80471e+040
1.71936e+007,2.80532e+040
1.728e+007,2.80592e+040
1.73664e+007,2.80652e+040
1.74528e+007,2.80712e+040
1.75392e+007,2.80772e+040
1.76256e+007,2.80832e+040
1.7712e+007,2.80892e+040
1.77984e+007,2.80951e+040
1.78848e+007,2.81011e+040
1.79712e+007,2.8107e+040
1.80576e+007,2.81129e+040
1.8144e+007,2.81188e+040
1.82304e+007,2.81247e+040
1.83168e+007,2.81306e+040
1.84032e+007,2.81365e+040
1.84896e+007,2.81423e+040
1.8576e+007,2.81482e+040
1.86624e+007,2.8154e+040
1.87488e+007,2.81598e+040
1.88352e+007,2.81656e+040
1.89216e+007,2.81714e+040
1.9008e+007,2.81772e+040
1.90944e+007,2.8183e+040
1.91808e+007,2.81887e+040
1.92672e+007,2.81945e+040
1.93536e+007,2.82002e+040
1.944e+007,2.82059e+040
1.95264e+007,2.82116e+040
1.96128e+007,2.82173e+040
1.96992e+007,2.8223e+040
1.97856e+007,2.82287e+040
1.9872e+007,2.82344e+040
1.99584e+007,2.824e+040
2.00448e+007,2.82457e+040
2.01312e+007,2.82513e+040
2.02176e+007,2.82569e+040
2.0304e+007,2.82625e+040
2.03904e+007,2.82681e+040
2.04768e+007,2.82737e+040
2.05632e+007,2.82793e+040
2.06496e+007,2.82848e+040
2.0736e+007,2.82904e+040
2.08224e+007,2.82959e+040
2.09088e+007,2.83015e+040
2.09952e+007,2.8307e+040
2.10816e+007,2.83125e+040
2.1168e+007,2.8318e+040
2.12544e+007,2.83235e+040
2.13408e+007,2.8329e+040
2.14272e+007,2.83345e+040
2.15136e+007,2.834e+040
2.16e+007,2.83454e+040
2.16864e+007,2.83509e+040
2.17728e+007,2.83563e+040
2.18592e+007,2.83617e+040
2.19456e+007,2.83671e+040
2.2032e+007,2.83726e+040
2.21184e+007,2.8378e+040
2.22048e+007,2.83834e+040
2.22912e+007,2.83887e+040
2.23776e+007,2.83941e+040
2.2464e+007,2.83995e+040
2.25504e+007,2.84048e+040
2.26368e+007,2.84102e+040
2.27232e+007,2.84155e+040
2.28096e+007,2.84209e+040
2.2896e+007,2.84262e+040
2.29824e+007,2.84315e+040
2.30688e+007,2.84368e+040
2.31552e+007,2.84421e+040
2.32416e+007,2.84474e+040
2.3328e+007,2.84527e+040
2.34144e+007,2.8458e+040
2.35008e+007,2.84632e+040
2.35872e+007,2.84685e+040
2.36736e+007,2.84737e+040
2.376e+007,2.8479e+040
2.38464e+007,2.84842e+040
2.39328e+007,2.84895e+040
2.40192e+007,2.84947e+040
2.41056e+007,2.84999e+040
2.4192e+007,2.85051e+040
2.42784e+007,2.85103e+040
2.43648e+007,2.85155e+040
2.44512e+007,2.85207e+040
2.45376e+007,2.85259e+040
2.4624e+007,2.85311e+040
2.47104e+007,2.85363e+040
2.47968e+007,2.85414e+040
2.48832e+007,2.85466e+040
2.49696e+007,2.85517e+040
2.5056e+007,2.85569e+040
2.51424e+007,2.8562e+040
2.52288e+007,2.85672e+040
2.53152e+007,2.85723e+040
2.54016e+007,2.85774e+040
2.5488e+007,2.85825e+040
2.55744e+007,2.85876e+040
2.56608e+007,2.85927e+040
2.57472e+007,2.85978e+040
2.58336e+007,2.86029e+040
2.592e+007,2.8608e+040
2.60064e+007,2.86131e+040
2.60928e+007,2.86182e+040
2.61792e+007,2.86233e+040
2.62656e+007,2.86284e+040
2.6352e+007,2.86334e+040
2.64384e+007,2.86385e+040
2.65248e+007,2.86435e+040
2.66112e+007,2.86486e+040
2.66976e+007,2.86536e+040
2.6784e+007,2.86587e+040
2.68704e+007,2.86637e+040
2.69568e+007,2.86688e+040
2.70432e+007,2.86738e+040
2.71296e+007,2.86788e+040
2.7216e+007,2.86838e+040
2.73024e+007,2.86889e+040
2.73888e+007,2.86939e+040
2.74752e+007,2.86989e+040
2.75616e+007,2.87039e+040
2.7648e+007,2.87089e+040
2.77344e+007,2.87139e+040
2.78208e+007,2.87189e+040
2.79072e+007,2.87239e+040
2.79936e+007,2.87289e+040
2.808e+007,2.87339e+040
2.81664e+007,2.87388e+040
2.82528e+007,2.87438e+040
2.83392e+007,2.87488e+040
2.84256e+007,2.87538e+040
2.8512e+007,2.87587e+040
2.85984e+007,2.87637e+040
2.86848e+007,2.87687e+040
2.87712e+007,2.87736e+040
2.88576e+007,2.87786e+040
2.8944e+007,2.87835e+040
2.90304e+007,2.87885e+040
2.91168e+007,2.87934e+040
2.92032e+007,2.87984e+040
2.92896e+007,2.88033e+040
2.9376e+007,2.88083e+040
2.94624e+007,2.88132e+040
2.95488e+007,2.88182e+040
2.96352e+007,2.88231e+040
2.97216e+007,2.8828e+040
2.9808e+007,2.8833e+040
2.98944e+007,2.88379e+040
2.99808e+007,2.88428e+040
3.00672e+007,2.88478e+040
3.01536e+007,2.88527e+040
3.024e+007,2.88576e+040
3.03264e+007,2.88625e+040
3.04128e+007,2.88675e+040
3.04992e+007,2.88724e+040
3.05856e+007,2.88773e+040
3.0672e+007,2.88822e+040
3.07584e+007,2.88871e+040
3.08448e+007,2.88921e+040
3.09312e+007,2.8897e+040
3.10176e+007,2.89019e+040
3.1104e+007,2.89068e+040
3.11904e+007,2.89117e+040
3.12768e+007,2.89166e+040
3.13632e+007,2.89215e+040
3.14496e+007,2.89264e+040
3.1536e+007,2.89313e+040
3.16224e+007,2.89362e+040
3.17088e+007,2.89411e+040
3.17952e+007,2.8946e+040
3.18816e+007,2.8951e+040
3.1968e+007,2.89559e+040
3.20544e+007,2.89608e+040
3.21408e+007,2.89657e+040
3.22272e+007,2.89706e+040
3.23136e+007,2.89755e+040
3.24e+007,2.89804e+040
3.24864e+007,2.89853e+040
3.25728e+007,2.89902e+040
3.26592e+007,2.89951e+040
3.27456e+007,2.9e+040
3.2832e+007,2.90049e+040
3.29184e+007,2.90098e+040
3.30048e+007,2.90147e+040
3.30912e+007,2.90196e+040
3.31776e+007,2.90245e+040
3.3264e+007,2.90294e+040
3.33504e+007,2.90342e+040
3.34368e+007,2.90391e+040
3.35232e+007,2.9044e+040
3.36096e+007,2.90489e+040
3.3696e+007,2.90538e+040
3.37824e+007,2.90587e+040
3.38688e+007,2.90636e+040
3.39552e+007,2.90685e+040
3.40416e+007,2.90734e+040
3.4128e+007,2.90783e+040
3.42144e+007,2.90832e+040
3.43008e+007,2.90881e+040
3.43872e+007,2.9093e+040
3.44736e+007,2.90979e+040
3.456e+007,2.91028e+040
3.46464e+007,2.91077e+040
3.47328e+007,2.91127e+040
3.48192e+007,2.91176e+040
3.49056e+007,2.91225e+040
3.4992e+007,2.91274e+040
3.50784e+007,2.91323e+040
3.51648e+007,2.91372e+040
3.52512e+007,2.91421e+040
3.53376e+007,2.9147e+040
3.5424e+007,2.91519e+040
3.55104e+007,2.91568e+040
3.55968e+007,2.91617e+040
3.56832e+007,2.91666e+040
3.57696e+007,2.91715e+040
3.5856e+007,2.91764e+040
3.59424e+007,2.91814e+040
3.60288e+007,2.91863e+040
3.61152e+007,2.91912e+040
3.62016e+007,2.91961e+040
3.6288e+007,2.9201e+040
3.63744e+007,2.92059e+040
3.64608e+007,2.92108e+040
3.65472e+007,2.92158e+040
3.66336e+007,2.92207e+040
3.672e+007,2.92256e+040
3.68064e+007,2.92305e+040
3.68928e+007,2.92354e+040
3.69792e+007,2.92404e+040
3.70656e+007,2.92453e+040
3.7152e+007,2.92502e+040
3.72384e+007,2.92551e+040
3.73248e+007,2.926e+040
3.74112e+007,2.9265e+040
3.74976e+007,2.92699e+040
3.7584e+007,2.92748e+040
3.76704e+007,2.92798e+040
3.77568e+007,2.92847e+040
3.78432e+007,2.92896e+040
3.79296e+007,2.92945e+040
3.8016e+007,2.92995e+040
3.81024e+007,2.93044e+040
3.81888e+007,2.93093e+040
3.82752e+007,2.93143e+040
3.83616e+007,2.93192e+040
3.8448e+007,2.93241e+040
3.85344e+007,2.93291e+040
3.86208e+007,2.9334e+040
3.87072e+007,2.93389e+040
3.87936e+007,2.93439e+040
3.888e+007,2.93488e+040
3.89664e+007,2.93538e+040
3.90528e+007,2.93587e+040
3.91392e+007,2.93636e+040
3.92256e+007,2.93686e+040
3.9312e+007,2.93735e+040
3.93984e+007,2.93785e+040
3.94848e+007,2.93834e+040
3.95712e+007,2.93883e+040
3.96576e+007,2.93933e+040
3.9744e+007,2.93982e+040
3.98304e+007,2.94032e+040
3.99168e+007,2.94081e+040
4.00032e+007,2.94131e+040
4.00896e+007,2.9418e+040
4.0176e+007,2.9423e+040
4.02624e+007,2.94279e+040
4.03488e+007,2.94328e+040
4.04352e+007,2.94378e+040
4.05216e+007,2.94427e+040
4.0608e+007,2.94477e+040
4.06944e+007,2.94526e+040
4.07808e+007,2.94576e+040
4.08672e+007,2.94625e+040
4.09536e+007,2.94675e+040
4.104e+007,2.94724e+040
4.11264e+007,2.94774e+040
4.12128e+007,2.94823e+040
4.12992e+007,2.94873e+040
4.13856e+007,2.94922e+040
4.1472e+007,2.94972e+040
4.15584e+007,2.95021e+040
4.16448e+007,2.9507e+040
4.17312e+007,2.9512e+040
4.18176e+007,2.95169e+040
4.1904e+007,2.95219e+040
4.19904e+007,2.95268e+040
4.20768e+007,2.95318e+040
4.21632e+007,2.95367e+040
4.22496e+007,2.95417e+040
4.2336e+007,2.95466e+040
4.24224e+007,2.95515e+040
4.25088e+007,2.95565e+040
4.25952e+007,2.95614e+040
4.26816e+007,2.95664e+040
4.2768e+007,2.95713e+040
4.28544e+007,2.95762e+040
4.29408e+007,2.95812e+040
4.30272e+007,2.95861e+040
4.31136e+007,2.9591e+040
4.32e+007,2.9596e+040
4.32864e+007,2.96009e+040
4.33728e+007,2.96058e+040
4.34592e+007,2.96108e+040
4.35456e+007,2.96157e+040
4.3632e+007,2.96206e+040
4.37184e+007,2.96256e+040
4.38048e+007,2.96305e+040
4.38912e+007,2.96354e+040
4.39776e+007,2.96403e+040
4.4064e+007,2.96453e+040
4.41504e+007,2.96502e+040
4.42368e+007,2.96551e+040
4.43232e+007,2.966e+040
4.44096e+007,2.96649e+040
4.4496e+007,2.96698e+040
4.45824e+007,2.96747e+040
4.46688e+007,2.96796e+040
4.47552e+007,2.96846e+040
4.48416e+007,2.96895e+040
4.4928e+007,2.96944e+040
4.50144e+007,2.96993e+040
4.51008e+007,2.97042e+040
4.51872e+007,2.9709e+040
4.52736e+007,2.97139e+040
4.536e+007,2.97188e+040
4.54464e+007,2.97237e+040
4.55328e+007,2.97286e+040
4.56192e+007,2.97335e+040
4.57056e+007,2.97384e+040
4.5792e+007,2.97432e+040
4.58784e+007,2.97481e+040
4.59648e+007,2.9753e+040
4.60512e+007,2.97579e+040
4.61376e+007,2.97627e+040
4.6224e+007,2.97676e+040
4.63104e+007,2.97725e+040
4.63968e+007,2.97773e+040
4.64832e+007,2.97822e+040
4.65696e+007,2.9787e+040
4.6656e+007,2.97919e+040
4.67424e+007,2.97967e+040
4.68288e+007,2.98015e+040
4.69152e+007,2.98064e+040
4.70016e+007,2.98112e+040
4.7088e+007,2.98161e+040
4.71744e+007,2.98209e+040
4.72608e+007,2.98257e+040
4.73472e+007,2.98305e+040
4.74336e+007,2.98353e+040
4.752e+007,2.98402e+040
4.76064e+007,2.9845e+040
4.76928e+007,2.98498e+040
4.77792e+007,2.98546e+040
4.78656e+007,2.98594e+040
4.7952e+007,2.98642e+040
4.80384e+007,2.98689e+040
4.81248e+007,2.98737e+040
4.82112e+007,2.98785e+040
4.82976e+007,2.98833e+040
4.8384e+007,2.98881e+040
4.84704e+007,2.98928e+040
4.85568e+007,2.98976e+040
4.86432e+007,2.99023e+040
4.87296e+007,2.99071e+040
4.8816e+007,2.99118e+040
4.89024e+007,2.99166e+040
4.89888e+007,2.99213e+040
4.90752e+007,2.99261e+040
4.91616e+007,2.99308e+040
4.9248e+007,2.99355e+040
4.93344e+007,2.99402e+040
4.94208e+007,2.9945e+040
4.95072e+007,2.99497e+040
4.95936e+007,2.99544e+040
4.968e+007,2.99591e+040
4.97664e+007,2.99638e+040
4.98528e+007,2.99685e+040
4.99392e+007,2.99732e+040
5.00256e+007,2.99778e+040
5.0112e+007,2.99825e+040
5.01984e+007,2.99872e+040
5.02848e+007,2.99919e+040
5.03712e+007,2.99965e+040
5.04576e+007,3.00012e+040
5.0544e+007,3.00058e+040
5.06304e+007,3.00105e+040
5.07168e+007,3.00151e+040
5.08032e+007,3.00197e+040
5.08896e+007,3.00244e+040
5.0976e+007,3.0029e+040
5.10624e+007,3.00336e+040
5.11488e+007,3.00382e+040
5.12352e+007,3.00428e+040
5.13216e+007,3.00474e+040
5.1408e+007,3.0052e+040
5.14944e+007,3.00566e+040
5.15808e+007,3.00612e+040
5.16672e+007,3.00657e+040
5.17536e+007,3.00703e+040
5.184e+007,3.00749e+040
5.19264e+007,3.00794e+040
5.20128e+007,3.0084e+040
5.20992e+007,3.00885e+040
5.21856e+007,3.00931e+040
5.2272e+007,3.00976e+040
5.23584e+007,3.01021e+040
5.24448e+007,3.01066e+040
5.25312e+007,3.01112e+040
5.26176e+007,3.01157e+040
5.2704e+007,3.01202e+040
5.27904e+007,3.01247e+040
5.28768e+007,3.01292e+040
5.29632e+007,3.01336e+040
5.30496e+007,3.01381e+040
5.3136e+007,3.01426e+040
5.32224e+007,3.01471e+040
5.33088e+007,3.01515e+040
5.33952e+007,3.0156e+040
5.34816e+007,3.01604e+040
5.3568e+007,3.01648e+040
5.36544e+007,3.01693e+040
5.37408e+007,3.01737e+040
5.38272e+007,3.01781e+040
5.39136e+007,3.01825e+040
5.4e+007,3.01869e+040
5.40864e+007,3.01913e+040
5.41728e+007,3.01957e+040
5.42592e+007,3.02001e+040
5.43456e+007,3.02045e+040
5.4432e+007,3.02089e+040
5.45184e+007,3.02132e+040
5.46048e+007,3.02176e+040
5.46912e+007,3.0222e+040
5.47776e+007,3.02263e+040
5.4864e+007,3.02306e+040
5.49504e+007,3.0235e+040
5.50368e+007,3.02393e+040
5.51232e+007,3.02436e+040
5.52096e+007,3.02479e+040
5.5296e+007,3.02523e+040
5.53824e+007,3.02566e+040
5.54688e+007,3.02608e+040
5.55552e+007,3.02651e+040
5.56416e+007,3.02694e+040
5.5728e+007,3.02737e+040
5.58144e+007,3.0278e+040
5.59008e+007,3.02822e+040
5.59872e+007,3.02865e+040
5.60736e+007,3.02907e+040
5.616e+007,3.0295e+040
5.62464e+007,3.02992e+040
5.63328e+007,3.03034e+040
5.64192e+007,3.03077e+040
5.65056e+007,3.03119e+040
5.6592e+007,3.03161e+040
5.66784e+007,3.03203e+040
5.67648e+007,3.03245e+040
5.68512e+007,3.03287e+040
5.69376e+007,3.03328e+040
5.7024e+007,3.0337e+040
5.71104e+007,3.03412e+040
5.71968e+007,3.03453e+040
5.72832e+007,3.03495e+040
5.73696e+007,3.03537e+040
5.7456e+007,3.03578e+040
5.75424e+007,3.03619e+040
5.76288e+007,3.03661e+040
5.77152e+007,3.03702e+040
5.78016e+007,3.03743e+040
5.7888e+007,3.03784e+040
5.79744e+007,3.03825e+040
5.80608e+007,3.03866e+040
5.81472e+007,3.03907e+040
5.82336e+007,3.03948e+040
5.832e+007,3.03989e+040
5.84064e+007,3.04029e+040
5.84928e+007,3.0407e+040
5.85792e+007,3.04111e+040
5.86656e+007,3.04151e+040
5.8752e+007,3.04192e+040
5.88384e+007,3.04232e+040
5.89248e+007,3.04272e+040
5.90112e+007,3.04313e+040
5.90976e+007,3.04353e+040
5.9184e+007,3.04393e+040
5.92704e+007,3.04433e+040
5.93568e+007,3.04473e+040
5.94432e+007,3.04513e+040
5.95296e+007,3.04553e+040
5.9616e+007,3.04593e+040
5.97024e+007,3.04632e+040
5.97888e+007,3.04672e+040
5.98752e+007,3.04712e+040
5.99616e+007,3.04751e+040
6.0048e+007,3.04791e+040
6.01344e+007,3.0483e+040
6.02208e+007,3.0487e+040
6.03072e+007,3.04909e+040
6.03936e+007,3.04949e+040
6.048e+007,3.04988e+040
6.05664e+007,3.05027e+040
6.06528e+007,3.05066e+040
6.07392e+007,3.05105e+040
6.08256e+007,3.05144e+040
6.0912e+007,3.05183e+040
6.09984e+007,3.05222e+040
6.10848e+007,3.05261e+040
6.11712e+007,3.053e+040
6.12576e+007,3.05338e+040
6.1344e+007,3.05377e+040
6.14304e+007,3.05415e+040
6.15168e+007,3.05454e+040
6.16032e+007,3.05492e+040
6.16896e+007,3.05531e+040
6.1776e+007,3.05569e+040
6.18624e+007,3.05608e+040
6.19488e+007,3.05646e+040
6.20352e+007,3.05684e+040
6.21216e+007,3.05722e+040
6.2208e+007,3.0576e+040
6.22944e+007,3.05798e+040
6.23808e+007,3.05836e+040
6.24672e+007,3.05874e+040
6.25536e+007,3.05912e+040
6.264e+007,3.0595e+040
6.27264e+007,3.05988e+040
6.28128e+007,3.06026e+040
6.28992e+007,3.06063e+040
6.29856e+007,3.06101e+040
6.3072e+007,3.06138e+040
6.31584e+007,3.06176e+040
6.32448e+007,3.06214e+040
6.33312e+007,3.06251e+040
6.34176e+007,3.06288e+040
6.3504e+007,3.06326e+040
6.35904e+007,3.06363e+040
6.36768e+007,3.064e+040
6.37632e+007,3.06437e+040
6.38496e+007,3.06474e+040
6.3936e+007,3.06512e+040
6.40224e+007,3.06549e+040
6.41088e+007,3.06586e+040
6.41952e+007,3.06623e+040
6.42816e+007,3.06659e+040
6.4368e+007,3.06696e+040
6.44544e+007,3.06733e+040
6.45408e+007,3.0677e+040
6.46272e+007,3.06807e+040
6.47136e+007,3.06843e+040
6.48e+007,3.0688e+040
6.48864e+007,3.06917e+040
6.49728e+007,3.06953e+040
6.50592e+007,3.0699e+040
6.51456e+007,3.07026e+040
6.5232e+007,3.07062e+040
6.53184e+007,3.07099e+040
6.54048e+007,3.07135e+040
6.54912e+007,3.07171e+040
6.55776e+007,3.07208e+040
6.5664e+007,3.07244e+040
6.57504e+007,3.0728e+040
6.58368e+007,3.07316e+040
6.59232e+007,3.07352e+040
6.60096e+007,3.07388e+040
6.6096e+007,3.07424e+040
6.61824e+007,3.0746e+040
6.62688e+007,3.07496e+040
6.63552e+007,3.07532e+040
6.64416e+007,3.07568e+040
6.6528e+007,3.07604e+040
6.66144e+007,3.0764e+040
6.67008e+007,3.07675e+040
6.67872e+007,3.07711e+040
6.68736e+007,3.07747e+040
6.696e+007,3.07782e+040
6.70464e+007,3.07818e+040
6.71328e+007,3.07853e+040
6.72192e+007,3.07889e+040
6.73056e+007,3.07924e+040
6.7392e+007,3.0796e+040
6.74784e+007,3.07995e+040
6.75648e+007,3.08031e+040
6.76512e+007,3.08066e+040
6.77376e+007,3.08101e+040
6.7824e+007,3.08137e+040
6.79104e+007,3.08172e+040
6.79968e+007,3.08207e+040
6.80832e+007,3.08242e+040
6.81696e+007,3.08278e+040
6.8256e+007,3.08313e+040
6.83424e+007,3.08348e+040
6.84288e+007,3.08383e+040
6.85152e+007,3.08418e+040
6.86016e+007,3.08453e+040
6.8688e+007,3.08488e+040
6.87744e+007,3.08523e+040
6.88608e+007,3.08558e+040
6.89472e+007,3.08593e+040
6.90336e+007,3.08628e+040
6.912e+007,3.08662e+040
6.92064e+007,3.08697e+040
6.92928e+007,3.08732e+040
6.93792e+007,3.08767e+040
6.94656e+007,3.08802e+040
6.9552e+007,3.08836e+040
6.96384e+007,3.08871e+040
6.97248e+007,3.08906e+040
6.98112e+007,3.0894e+040
6.98976e+007,3.08975e+040
6.9984e+007,3.0901e+040
7.00704e+007,3.09044e+040
7.01568e+007,3.09079e+040
7.02432e+007,3.09113e+040
7.03296e+007,3.09148e+040
7.0416e+007,3.09182e+040
7.05024e+007,3.09217e+040
7.05888e+007,3.09251e+040
7.06752e+007,3.09286e+040
7.07616e+007,3.0932e+040
7.0848e+007,3.09354e+040
7.09344e+007,3.09389e+040
7.10208e+007,3.09423e+040
7.11072e+007,3.09457e+040
7.11936e+007,3.09492e+040
7.128e+007,3.09526e+040
7.13664e+007,3.0956e+040
7.14528e+007,3.09594e+040
7.15392e+007,3.09629e+040
7.16256e+007,3.09663e+040
7.1712e+007,3.09697e+040
7.17984e+007,3.09731e+040
7.18848e+007,3.09765e+040
7.19712e+007,3.09799e+040
7.20576e+007,3.09834e+040
7.2144e+007,3.09868e+040
7.22304e+007,3.09902e+040
7.23168e+007,3.09936e+040
7.24032e+007,3.0997e+040
7.24896e+007,3.10004e+040
7.2576e+007,3.10038e+040
7.26624e+007,3.10072e+040
7.27488e+007,3.10106e+040
7.28352e+007,3.1014e+040
7.29216e+007,3.10174e+040
7.3008e+007,3.10208e+040
7.30944e+007,3.10242e+040
7.31808e+007,3.10276e+040
7.32672e+007,3.1031e+040
7.33536e+007,3.10344e+040
7.344e+007,3.10377e+040
7.35264e+007,3.10411e+040
7.36128e+007,3.10445e+040
7.36992e+007,3.10479e+040
7.37856e+007,3.10513e+040
7.3872e+007,3.10547e+040
7.39584e+007,3.10581e+040
7.40448e+007,3.10615e+040
7.41312e+007,3.10648e+040
7.42176e+007,3.10682e+040
7.4304e+007,3.10716e+040
7.43904e+007,3.1075e+040
7.44768e+007,3.10784e+040
7.45632e+007,3.10817e+040
7.46496e+007,3.10851e+040
7.4736e+007,3.10885e+040
7.48224e+007,3.10919e+040
7.49088e+007,3.10952e+040
7.49952e+007,3.10986e+040
7.50816e+007,3.1102e+040
7.5168e+007,3.11054e+040
7.52544e+007,3.11087e+040
7.53408e+007,3.11121e+040
7.54272e+007,3.11155e+040
7.55136e+007,3.11188e+040
7.56e+007,3.11222e+040
7.56864e+007,3.11256e+040
7.57728e+007,3.1129e+040
7.58592e+007,3.11323e+040
7.59456e+007,3.11357e+040
7.6032e+007,3.11391e+040
7.61184e+007,3.11424e+040
7.62048e+007,3.11458e+040
7.62912e+007,3.11492e+040
7.63776e+007,3.11525e+040
7.6464e+007,3.11559e+040
7.65504e+007,3.11593e+040
7.66368e+007,3.11626e+040
7.67232e+007,3.1166e+040
7.68096e+007,3.11694e+040
7.6896e+007,3.11727e+040
7.69824e+007,3.11761e+040
7.70688e+007,3.11795e+040
7.71552e+007,3.11828e+040
7.72416e+007,3.11862e+040
7.7328e+007,3.11896e+040
7.74144e+007,3.11929e+040
7.75008e+007,3.11963e+040
7.75872e+007,3.11997e+040
7.76736e+007,3.1203e+040
7.776e+007,3.12064e+040
7.78464e+007,3.12098e+040
7.79328e+007,3.12131e+040
7.80192e+007,3.12165e+040
7.81056e+007,3.12199e+040
7.8192e+007,3.12232e+040
7.82784e+007,3.12266e+040
7.83648e+007,3.123e+040
7.84512e+007,3.12333e+040
7.85376e+007,3.12367e+040
7.8624e+007,3.12401e+040
7.87104e+007,3.12434e+040
7.87968e+007,3.12468e+040
7.88832e+007,3.12502e+040
7.89696e+007,3.12536e+040
7.9056e+007,3.12569e+040
7.91424e+007,3.12603e+040
7.92288e+007,3.12637e+040
7.93152e+007,3.1267e+040
7.94016e+007,3.12704e+040
7.9488e+007,3.12738e+040
7.95744e+007,3.12772e+040
7.96608e+007,3.12805e+040
7.97472e+007,3.12839e+040
7.98336e+007,3.12873e+040
7.992e+007,3.12906e+040
8.00064e+007,3.1294e+040
8.00928e+007,3.12974e+040
8.01792e+007,3.13008e+040
8.02656e+007,3.13042e+040
8.0352e+007,3.13075e+040
8.04384e+007,3.13109e+040
8.05248e+007,3.13143e+040
8.06112e+007,3.13177e+040
8.06976e+007,3.1321e+040
8.0784e+007,3.13244e+040
8.08704e+007,3.13278e+040
8.09568e+007,3.13312e+040
8.10432e+007,3.13346e+040
8.11296e+007,3.1338e+040
8.1216e+007,3.13413e+040
8.13024e+007,3.13447e+040
8.13888e+007,3.13481e+040
8.14752e+007,3.13515e+040
8.15616e+007,3.13549e+040
8.1648e+007,3.13583e+040
8.17344e+007,3.13617e+040
8.18208e+007,3.13651e+040
8.19072e+007,3.13684e+040
8.19936e+007,3.13718e+040
8.208e+007,3.13752e+040
8.21664e+007,3.13786e+040
8.22528e+007,3.1382e+040
8.23392e+007,3.13854e+040
8.24256e+007,3.13888e+040
8.2512e+007,3.13922e+040
8.25984e+007,3.13956e+040
8.26848e+007,3.1399e+040
8.27712e+007,3.14024e+040
8.28576e+007,3.14058e+040
8.2944e+007,3.14092e+040
8.30304e+007,3.14126e+040
8.31168e+007,3.1416e+040
8.32032e+007,3.14194e+040
8.32896e+007,3.14228e+040
8.3376e+007,3.14262e+040
8.34624e+007,3.14296e+040
8.35488e+007,3.1433e+040
8.36352e+007,3.14364e+040
8.37216e+007,3.14398e+040
8.3808e+007,3.14433e+040
8.38944e+007,3.14467e+040
8.39808e+007,3.14501e+040
8.40672e+007,3.14535e+040
8.41536e+007,3.14569e+040
8.424e+007,3.14603e+040
8.43264e+007,3.14637e+040
8.44128e+007,3.14671e+040
8.44992e+007,3.14706e+040
8.45856e+007,3.1474e+040
8.4672e+007,3.14774e+040
8.47584e+007,3.14808e+040
8.48448e+007,3.14842e+040
8.49312e+007,3.14877e+040
8.50176e+007,3.14911e+040
8.5104e+007,3.14945e+040
8.51904e+007,3.14979e+040
8.52768e+007,3.15014e+040
8.53632e+007,3.15048e+040
8.54496e+007,3.15082e+040
8.5536e+007,3.15116e+040
8.56224e+007,3.15151e+040
8.57088e+007,3.15185e+040
8.57952e+007,3.15219e+040
8.58816e+007,3.15254e+040
8.5968e+007,3.15288e+040
8.60544e+007,3.15322e+040
8.61408e+007,3.15357e+040
8.62272e+007,3.15391e+040
8.63136e+007,3.15425e+040
8.64e+007,3.1546e+040
8.64864e+007,3.15494e+040
8.65728e+007,3.15528e+040
8.66592e+007,3.15563e+040
8.67456e+007,3.15597e+040
8.6832e+007,3.15632e+040
8.69184e+007,3.15666e+040
8.70048e+007,3.157e+040
8.70912e+007,3.15735e+040
8.71776e+007,3.15769e+040
8.7264e+007,3.15804e+040
8.73504e+007,3.15838e+040
8.74368e+007,3.15873e+040
8.75232e+007,3.15907e+040
8.76096e+007,3.15942e+040
8.7696e+007,3.15976e+040
8.77824e+007,3.16011e+040
8.78688e+007,3.16045e+040
8.79552e+007,3.1608e+040
8.80416e+007,3.16114e+040
8.8128e+007,3.16149e+040
8.82144e+007,3.16183e+040
8.83008e+007,3.16218e+040
8.83872e+007,3.16252e+040
8.84736e+007,3.16287e+040
8.856e+007,3.16321e+040
8.86464e+007,3.16356e+040
8.87328e+007,3.1639e+040
8.88192e+007,3.16425e+040
8.89056e+007,3.16459e+040
8.8992e+007,3.16494e+040
8.90784e+007,3.16528e+040
8.91648e+007,3.16563e+040
8.92512e+007,3.16598e+040
8.93376e+007,3.16632e+040
8.9424e+007,3.16667e+040
8.95104e+007,3.16701e+040
8.95968e+007,3.16736e+040
8.96832e+007,3.16771e+040
8.97696e+007,3.16805e+040
8.9856e+007,3.1684e+040
8.99424e+007,3.16874e+040
9.00288e+007,3.16909e+040
9.01152e+007,3.16944e+040
9.02016e+007,3.16978e+040
9.0288e+007,3.17013e+040
9.03744e+007,3.17047e+040
9.04608e+007,3.17082e+040
9.05472e+007,3.17117e+040
9.06336e+007,3.17151e+040
9.072e+007,3.17186e+040
9.08064e+007,3.17221e+040
9.08928e+007,3.17255e+040
9.09792e+007,3.1729e+040
9.10656e+007,3.17324e+040
9.1152e+007,3.17359e+040
9.12384e+007,3.17394e+040
9.13248e+007,3.17428e+040
9.14112e+007,3.17463e+040
9.14976e+007,3.17498e+040
9.1584e+007,3.17532e+040
9.16704e+007,3.17567e+040
9.17568e+007,3.17601e+040
9.18432e+007,3.17636e+040
9.19296e+007,3.17671e+040
9.2016e+007,3.17705e+040
9.21024e+007,3.1774e+040
9.21888e+007,3.17775e+040
9.22752e+007,3.17809e+040
9.23616e+007,3.17844e+040
9.2448e+007,3.17878e+040
9.25344e+007,3.17913e+040
9.26208e+007,3.17948e+040
9.27072e+007,3.17982e+040
9.27936e+007,3.18017e+040
9.288e+007,3.18051e+040
9.29664e+007,3.18086e+040
9.30528e+007,3.1812e+040
9.31392e+007,3.18155e+040
9.32256e+007,3.1819e+040
9.3312e+007,3.18224e+040
9.33984e+007,3.18259e+040
9.34848e+007,3.18293e+040
9.35712e+007,3.18328e+040
9.36576e+007,3.18362e+040
9.3744e+007,3.18397e+040
9.38304e+007,3.18431e+040
9.39168e+007,3.18466e+040
9.40032e+007,3.185e+040
9.40896e+007,3.18535e+040
9.4176e+007,3.18569e+040
9.42624e+007,3.18604e+040
9.43488e+007,3.18638e+040
9.44352e+007,3.18673e+040
9.45216e+007,3.18707e+040
9.4608e+007,3.18742e+040
9.46944e+007,3.18776e+040
9.47808e+007,3.18811e+040
9.48672e+007,3.18845e+040
9.49536e+007,3.18879e+040
9.504e+007,3.18914e+040
9.51264e+007,3.18948e+040
9.52128e+007,3.18982e+040
9.52992e+007,3.19017e+040
9.53856e+007,3.19051e+040
9.5472e+007,3.19085e+040
9.55584e+007,3.1912e+040
9.56448e+007,3.19154e+040
9.57312e+007,3.19188e+040
9.58176e+007,3.19223e+040
9.5904e+007,3.19257e+040
9.59904e+007,3.19291e+040
9.60768e+007,3.19325e+040
9.61632e+007,3.1936e+040
9.62496e+007,3.19394e+040
9.6336e+007,3.19428e+040
9.64224e+007,3.19462e+040
9.65088e+007,3.19496e+040
9.65952e+007,3.1953e+040
9.66816e+007,3.19565e+040
9.6768e+007,3.19599e+040
9.68544e+007,3.19633e+040
9.69408e+007,3.19667e+040
9.70272e+007,3.19701e+040
9.71136e+007,3.19735e+040
9.72e+007,3.19769e+040
9.72864e+007,3.19803e+040
9.73728e+007,3.19837e+040
9.74592e+007,3.19871e+040
9.75456e+007,3.19905e+040
9.7632e+007,3.19939e+040
9.77184e+007,3.19973e+040
9.78048e+007,3.20007e+040
9.78912e+007,3.20041e+040
9.79776e+007,3.20074e+040
9.8064e+007,3.20108e+040
9.81504e+007,3.20142e+040
9.82368e+007,3.20176e+040
9.83232e+007,3.2021e+040
9.84096e+007,3.20243e+040
9.8496e+007,3.20277e+040
9.85824e+007,3.20311e+040
9.86688e+007,3.20344e+040
9.87552e+007,3.20378e+040
9.88416e+007,3.20412e+040
9.8928e+007,3.20445e+040
9.90144e+007,3.20479e+040
9.91008e+007,3.20513e+040
9.91872e+007,3.20546e+040
9.92736e+007,3.2058e+040
9.936e+007,3.20613e+040
9.94464e+007,3.20647e+040
9.95328e+007,3.2068e+040
9.96192e+007,3.20714e+040
9.97056e+007,3.20747e+040
9.9792e+007,3.2078e+040
9.98784e+007,3.20814e+040
9.99648e+007,3.20847e+040
1.00051e+008,3.2088e+040
1.00138e+008,3.20914e+040
1.00224e+008,3.20947e+040
1.0031e+008,3.2098e+040
1.00397e+008,3.21013e+040
1.00483e+008,3.21046e+040
1.0057e+008,3.2108e+040
1.00656e+008,3.21113e+040
1.00742e+008,3.21146e+040
1.00829e+008,3.21179e+040
1.00915e+008,3.21212e+040
1.01002e+008,3.21245e+040
1.01088e+008,3.21278e+040
1.01174e+008,3.21311e+040
1.01261e+008,3.21344e+040
1.01347e+008,3.21377e+040
1.01434e+008,3.21409e+040
1.0152e+008,3.21442e+040
1.01606e+008,3.21475e+040
1.01693e+008,3.21508e+040
1.01779e+008,3.21541e+040
1.01866e+008,3.21573e+040
1.01952e+008,3.21606e+040
1.02038e+008,3.21639e+040
1.02125e+008,3.21671e+040
1.02211e+008,3.21704e+040
1.02298e+008,3.21736e+040
1.02384e+008,3.21769e+040
1.0247e+008,3.21801e+040
1.02557e+008,3.21834e+040
1.02643e+008,3.21866e+040
1.0273e+008,3.21899e+040
1.02816e+008,3.21931e+040
1.02902e+008,3.21964e+040
1.02989e+008,3.21996e+040
1.03075e+008,3.22028e+040
1.03162e+008,3.2206e+040
1.03248e+008,3.22093e+040
1.03334e+008,3.22125e+040
1.03421e+008,3.22157e+040
1.03507e+008,3.22189e+040
1.03594e+008,3.22221e+040
1.0368e+008,3.22253e+040
1.03766e+008,3.22285e+040
1.03853e+008,3.22317e+040
1.03939e+008,3.22349e+040
1.04026e+008,3.22381e+040
1.04112e+008,3.22413e+040
1.04198e+008,3.22445e+040
1.04285e+008,3.22477e+040
1.04371e+008,3.22508e+040
1.04458e+008,3.2254e+040
1.04544e+008,3.22572e+040
1.0463e+008,3.22604e+040
1.04717e+008,3.22635e+040
1.04803e+008,3.22667e+040
1.0489e+008,3.22698e+040
1.04976e+008,3.2273e+040
1.05062e+008,3.22762e+040
1.05149e+008,3.22793e+040
1.05235e+008,3.22824e+040
1.05322e+008,3.22856e+040
1.05408e+008,3.22887e+040
1.05494e+008,3.22919e+040
1.05581e+008,3.2295e+040
1.05667e+008,3.22981e+040
1.05754e+008,3.23012e+040
1.0584e+008,3.23044e+040
1.05926e+008,3.23075e+040
1.06013e+008,3.23106e+040
1.06099e+008,3.23137e+040
1.06186e+008,3.23168e+040
1.06272e+008,3.23199e+040
1.06358e+008,3.2323e+040
1.06445e+008,3.23261e+040
1.06531e+008,3.23292e+040
1.06618e+008,3.23323e+040
1.06704e+008,3.23354e+040
1.0679e+008,3.23384e+040
1.06877e+008,3.23415e+040
1.06963e+008,3.23446e+040
1.0705e+008,3.23477e+040
1.07136e+008,3.23507e+040
1.07222e+008,3.23538e+040
1.07309e+008,3.23569e+040
1.07395e+008,3.23599e+040
1.07482e+008,3.2363e+040
1.07568e+008,3.2366e+040
1.07654e+008,3.23691e+040
1.07741e+008,3.23721e+040
1.07827e+008,3.23751e+040
1.07914e+008,3.23782e+040
1.08e+008,3.23812e+040
1.08086e+008,3.23842e+040
1.08173e+008,3.23873e+040
1.08259e+008,3.23903e+040
1.08346e+008,3.23933e+040
1.08432e+008,3.23963e+040
1.08518e+008,3.23993e+040
1.08605e+008,3.24023e+040
1.08691e+008,3.24053e+040
1.08778e+008,3.24083e+040
1.08864e+008,3.24113e+040
1.0895e+008,3.24143e+040
1.09037e+008,3.24173e+040
1.09123e+008,3.24203e+040
1.0921e+008,3.24233e+040
1.09296e+008,3.24262e+040
1.09382e+008,3.24292e+040
1.09469e+008,3.24322e+040
1.09555e+008,3.24352e+040
1.09642e+008,3.24381e+040
1.09728e+008,3.24411e+040
1.09814e+008,3.2444e+040
1.09901e+008,3.2447e+040
1.09987e+008,3.24499e+040
1.10074e+008,3.24529e+040
1.1016e+008,3.24558e+040
1.10246e+008,3.24588e+040
1.10333e+008,3.24617e+040
1.10419e+008,3.24646e+040
1.10506e+008,3.24676e+040
1.10592e+008,3.24705e+040
1.10678e+008,3.24734e+040
1.10765e+008,3.24763e+040
1.10851e+008,3.24792e+040
1.10938e+008,3.24822e+040
1.11024e+008,3.24851e+040
1.1111e+008,3.2488e+040
1.11197e+008,3.24909e+040
1.11283e+008,3.24938e+040
1.1137e+008,3.24967e+040
1.11456e+008,3.24995e+040
1.11542e+008,3.25024e+040
1.11629e+008,3.25053e+040
1.11715e+008,3.25082e+040
1.11802e+008,3.25111e+040
1.11888e+008,3.25139e+040
1.11974e+008,3.25168e+040
1.12061e+008,3.25197e+040
1.12147e+008,3.25225e+040
1.12234e+008,3.25254e+040
1.1232e+008,3.25283e+040
1.12406e+008,3.25311e+040
1.12493e+008,3.2534e+040
1.12579e+008,3.25368e+040
1.12666e+008,3.25397e+040
1.12752e+008,3.25425e+040
1.12838e+008,3.25453e+040
1.12925e+008,3.25482e+040
1.13011e+008,3.2551e+040
1.13098e+008,3.25538e+040
1.13184e+008,3.25567e+040
1.1327e+008,3.25595e+040
1.13357e+008,3.25623e+040
1.13443e+008,3.25651e+040
1.1353e+008,3.25679e+040
1.13616e+008,3.25707e+040
1.13702e+008,3.25735e+040
1.13789e+008,3.25763e+040
1.13875e+008,3.25791e+040
1.13962e+008,3.25819e+040
1.14048e+008,3.25847e+040
1.14134e+008,3.25875e+040
1.14221e+008,3.25903e+040
1.14307e+008,3.25931e+040
1.14394e+008,3.25959e+040
1.1448e+008,3.25986e+040
1.14566e+008,3.26014e+040
1.14653e+008,3.26042e+040
1.14739e+008,3.26069e+040
1.14826e+008,3.26097e+040
1.14912e+008,3.26125e+040
1.14998e+008,3.26152e+040
1.15085e+008,3.2618e+040
1.15171e+008,3.26207e+040
1.15258e+008,3.26235e+040
1.15344e+008,3.26262e+040
1.1543e+008,3.2629e+040
1.15517e+008,3.26317e+040
1.15603e+008,3.26345e+040
1.1569e+008,3.26372e+040
1.15776e+008,3.26399e+040
1.15862e+008,3.26427e+040
1.15949e+008,3.26454e+040
1.16035e+008,3.26481e+040
1.16122e+008,3.26508e+040
1.16208e+008,3.26536e+040
1.16294e+008,3.26563e+040
1.16381e+008,3.2659e+040
1.16467e+008,3.26617e+040
1.16554e+008,3.26644e+040
1.1664e+008,3.26671e+040
1.16726e+008,3.26698e+040
1.16813e+008,3.26725e+040
1.16899e+008,3.26752e+040
1.16986e+008,3.26779e+040
1.17072e+008,3.26806e+040
1.17158e+008,3.26833e+040
1.17245e+008,3.2686e+040
1.17331e+008,3.26887e+040
1.17418e+008,3.26913e+040
1.17504e+008,3.2694e+040
1.1759e+008,3.26967e+040
1.17677e+008,3.26994e+040
1.17763e+008,3.2702e+040
1.1785e+008,3.27047e+040
1.17936e+008,3.27074e+040
1.18022e+008,3.271e+040
1.18109e+008,3.27127e+040
1.18195e+008,3.27154e+040
1.18282e+008,3.2718e+040
1.18368e+008,3.27207e+040
1.18454e+008,3.27233e+040
1.18541e+008,3.2726e+040
1.18627e+008,3.27286e+040
1.18714e+008,3.27313e+040
1.188e+008,3.27339e+040
1.18886e+008,3.27365e+040
1.18973e+008,3.27392e+040
1.19059e+008,3.27418e+040
1.19146e+008,3.27445e+040
1.19232e+008,3.27471e+040
1.19318e+008,3.27497e+040
1.19405e+008,3.27523e+040
1.19491e+008,3.2755e+040
1.19578e+008,3.27576e+040
1.19664e+008,3.27602e+040
1.1975e+008,3.27628e+040
1.19837e+008,3.27654e+040
1.19923e+008,3.27681e+040
1.2001e+008,3.27707e+040
1.20096e+008,3.27733e+040
1.20182e+008,3.27759e+040
1.20269e+008,3.27785e+040
1.20355e+008,3.27811e+040
1.20442e+008,3.27837e+040
1.20528e+008,3.27863e+040
1.20614e+008,3.27889e+040
1.20701e+008,3.27915e+040
1.20787e+008,3.27941e+040
1.20874e+008,3.27967e+040
1.2096e+008,3.27993e+040
1.21046e+008,3.28019e+040
1.21133e+008,3.28044e+040
1.21219e+008,3.2807e+040
1.21306e+008,3.28096e+040
1.21392e+008,3.28122e+040
1.21478e+008,3.28148e+040
1.21565e+008,3.28173e+040
1.21651e+008,3.28199e+040
1.21738e+008,3.28225e+040
1.21824e+008,3.28251e+040
1.2191e+008,3.28276e+040
1.21997e+008,3.28302e+040
1.22083e+008,3.28328e+040
1.2217e+008,3.28353e+040
1.22256e+008,3.28379e+040
1.22342e+008,3.28405e+040
1.22429e+008,3.2843e+040
1.22515e+008,3.28456e+040
1.22602e+008,3.28481e+040
1.22688e+008,3.28507e+040
1.22774e+008,3.28532e+040
1.22861e+008,3.28558e+040
1.22947e+008,3.28583e+040
1.23034e+008,3.28609e+040
1.2312e+008,3.28634e+040
1.23206e+008,3.2866e+040
1.23293e+008,3.28685e+040
1.23379e+008,3.28711e+040
1.23466e+008,3.28736e+040
1.23552e+008,3.28762e+040
1.23638e+008,3.28787e+040
1.23725e+008,3.28812e+040
1.23811e+008,3.28838e+040
1.23898e+008,3.28863e+040
1.23984e+008,3.28888e+040
1.2407e+008,3.28914e+040
1.24157e+008,3.28939e+040
1.24243e+008,3.28964e+040
1.2433e+008,3.2899e+040
1.24416e+008,3.29015e+040
1.24502e+008,3.2904e+040
1.24589e+008,3.29065e+040
1.24675e+008,3.29091e+040
1.24762e+008,3.29116e+040
1.24848e+008,3.29141e+040
1.24934e+008,3.29166e+040
1.25021e+008,3.29191e+040
1.25107e+008,3.29216e+040
1.25194e+008,3.29242e+040
1.2528e+008,3.29267e+040
1.25366e+008,3.29292e+040
1.25453e+008,3.29317e+040
1.25539e+008,3.29342e+040
1.25626e+008,3.29367e+040
1.25712e+008,3.29392e+040
1.25798e+008,3.29417e+040
1.25885e+008,3.29443e+040
1.25971e+008,3.29468e+040
1.26058e+008,3.29493e+040
1.26144e+008,3.29518e+040
1.2623e+008,3.29543e+040
1.26317e+008,3.29568e+040
1.26403e+008,3.29593e+040
1.2649e+008,3.29618e+040
1.26576e+008,3.29643e+040
1.26662e+008,3.29668e+040
1.26749e+008,3.29693e+040
1.26835e+008,3.29718e+040
1.26922e+008,3.29743e+040
1.27008e+008,3.29768e+040
1.27094e+008,3.29793e+040
1.27181e+008,3.29818e+040
1.27267e+008,3.29843e+040
1.27354e+008,3.29868e+040
1.2744e+008,3.29892e+040
1.27526e+008,3.29917e+040
1.27613e+008,3.29942e+040
1.27699e+008,3.29967e+040
1.27786e+008,3.29992e+040
1.27872e+008,3.30017e+040
1.27958e+008,3.30042e+040
1.28045e+008,3.30067e+040
1.28131e+008,3.30092e+040
1.28218e+008,3.30117e+040
1.28304e+008,3.30141e+040
1.2839e+008,3.30166e+040
1.28477e+008,3.30191e+040
1.28563e+008,3.30216e+040
1.2865e+008,3.30241e+040
1.28736e+008,3.30266e+040
1.28822e+008,3.3029e+040
1.28909e+008,3.30315e+040
1.28995e+008,3.3034e+040
1.29082e+008,3.30365e+040
1.29168e+008,3.3039e+040
1.29254e+008,3.30415e+040
1.29341e+008,3.30439e+040
1.29427e+008,3.30464e+040
1.29514e+008,3.30489e+040
1.296e+008,3.30514e+040
1.29686e+008,3.30539e+040
1.29773e+008,3.30563e+040
1.29859e+008,3.30588e+040
1.29946e+008,3.30613e+040
1.30032e+008,3.30638e+040
1.30118e+008,3.30662e+040
1.30205e+008,3.30687e+040
1.30291e+008,3.30712e+040
1.30378e+008,3.30737e+040
1.30464e+008,3.30762e+040
1.3055e+008,3.30786e+040
1.30637e+008,3.30811e+040
1.30723e+008,3.30836e+040
1.3081e+008,3.30861e+040
1.30896e+008,3.30885e+040
1.30982e+008,3.3091e+040
1.31069e+008,3.30935e+040
1.31155e+008,3.3096e+040
1.31242e+008,3.30984e+040
1.31328e+008,3.31009e+040
1.31414e+008,3.31034e+040
1.31501e+008,3.31059e+040
1.31587e+008,3.31083e+040
1.31674e+008,3.31108e+040
1.3176e+008,3.31133e+040
1.31846e+008,3.31158e+040
1.31933e+008,3.31182e+040
1.32019e+008,3.31207e+040
1.32106e+008,3.31232e+040
1.32192e+008,3.31257e+040
1.32278e+008,3.31281e+040
1.32365e+008,3.31306e+040
1.32451e+008,3.31331e+040
1.32538e+008,3.31356e+040
1.32624e+008,3.31381e+040
1.3271e+008,3.31405e+040
1.32797e+008,3.3143e+040
1.32883e+008,3.31455e+040
1.3297e+008,3.3148e+040
1.33056e+008,3.31504e+040
1.33142e+008,3.31529e+040
1.33229e+008,3.31554e+040
1.33315e+008,3.31579e+040
1.33402e+008,3.31603e+040
1.33488e+008,3.31628e+040
1.33574e+008,3.31653e+040
1.33661e+008,3.31678e+040
1.33747e+008,3.31702e+040
1.33834e+008,3.31727e+040
1.3392e+008,3.31752e+040
1.34006e+008,3.31777e+040
1.34093e+008,3.31802e+040
1.34179e+008,3.31826e+040
1.34266e+008,3.31851e+040
1.34352e+008,3.31876e+040
1.34438e+008,3.31901e+040
1.34525e+008,3.31926e+040
1.34611e+008,3.3195e+040
1.34698e+008,3.31975e+040
1.34784e+008,3.32e+040
1.3487e+008,3.32025e+040
1.34957e+008,3.3205e+040
1.35043e+008,3.32075e+040
1.3513e+008,3.32099e+040
1.35216e+008,3.32124e+040
1.35302e+008,3.32149e+040
1.35389e+008,3.32174e+040
1.35475e+008,3.32199e+040
1.35562e+008,3.32224e+040
1.35648e+008,3.32248e+040
1.35734e+008,3.32273e+040
1.35821e+008,3.32298e+040
1.35907e+008,3.32323e+040
1.35994e+008,3.32348e+040
1.3608e+008,3.32373e+040
1.36166e+008,3.32398e+040
1.36253e+008,3.32423e+040
1.36339e+008,3.32447e+040
1.36426e+008,3.32472e+040
1.36512e+008,3.32497e+040
1.36598e+008,3.32522e+040
1.36685e+008,3.32547e+040
1.36771e+008,3.32572e+040
1.36858e+008,3.32597e+040
1.36944e+008,3.32622e+040
1.3703e+008,3.32647e+040
1.37117e+008,3.32672e+040
1.37203e+008,3.32697e+040
1.3729e+008,3.32722e+040
1.37376e+008,3.32747e+040
1.37462e+008,3.32772e+040
1.37549e+008,3.32797e+040
1.37635e+008,3.32821e+040
1.37722e+008,3.32846e+040
1.37808e+008,3.32871e+040
1.37894e+008,3.32896e+040
1.37981e+008,3.32921e+040
1.38067e+008,3.32946e+040
1.38154e+008,3.32971e+040
1.3824e+008,3.32997e+040
1.38326e+008,3.33022e+040
1.38413e+008,3.33047e+040
1.38499e+008,3.33072e+040
1.38586e+008,3.33097e+040
1.38672e+008,3.33122e+040
1.38758e+008,3.33147e+040
1.38845e+008,3.33172e+040
1.38931e+008,3.33197e+040
1.39018e+008,3.33222e+040
1.39104e+008,3.33247e+040
1.3919e+008,3.33272e+040
1.39277e+008,3.33297e+040
1.39363e+008,3.33322e+040
1.3945e+008,3.33348e+040
1.39536e+008,3.33373e+040
1.39622e+008,3.33398e+040
1.39709e+008,3.33423e+040
1.39795e+008,3.33448e+040
1.39882e+008,3.33473e+040
1.39968e+008,3.33498e+040
1.40054e+008,3.33524e+040
1.40141e+008,3.33549e+040
1.40227e+008,3.33574e+040
1.40314e+008,3.33599e+040
1.404e+008,3.33624e+040
1.40486e+008,3.33649e+040
1.40573e+008,3.33675e+040
1.40659e+008,3.337e+040
1.40746e+008,3.33725e+040
1.40832e+008,3.3375e+040
1.40918e+008,3.33776e+040
1.41005e+008,3.33801e+040
1.41091e+008,3.33826e+040
1.41178e+008,3.33851e+040
1.41264e+008,3.33877e+040
1.4135e+008,3.33902e+040
1.41437e+008,3.33927e+040
1.41523e+008,3.33952e+040
1.4161e+008,3.33978e+040
1.41696e+008,3.34003e+040
1.41782e+008,3.34028e+040
1.41869e+008,3.34054e+040
1.41955e+008,3.34079e+040
1.42042e+008,3.34104e+040
1.42128e+008,3.3413e+040
1.42214e+008,3.34155e+040
1.42301e+008,3.3418e+040
1.42387e+008,3.34206e+040
1.42474e+008,3.34231e+040
1.4256e+008,3.34257e+040
1.42646e+008,3.34282e+040
1.42733e+008,3.34307e+040
1.42819e+008,3.34333e+040
1.42906e+008,3.34358e+040
1.42992e+008,3.34384e+040
1.43078e+008,3.34409e+040
1.43165e+008,3.34434e+040
1.43251e+008,3.3446e+040
1.43338e+008,3.34485e+040
1.43424e+008,3.34511e+040
1.4351e+008,3.34536e+040
1.43597e+008,3.34562e+040
1.43683e+008,3.34587e+040
1.4377e+008,3.34613e+040
1.43856e+008,3.34638e+040
1.43942e+008,3.34664e+040
1.44029e+008,3.34689e+040
1.44115e+008,3.34715e+040
1.44202e+008,3.3474e+040
1.44288e+008,3.34766e+040
1.44374e+008,3.34791e+040
1.44461e+008,3.34817e+040
1.44547e+008,3.34842e+040
1.44634e+008,3.34868e+040
1.4472e+008,3.34894e+040
1.44806e+008,3.34919e+040
1.44893e+008,3.34945e+040
1.44979e+008,3.3497e+040
1.45066e+008,3.34996e+040
1.45152e+008,3.35021e+040
1.45238e+008,3.35047e+040
1.45325e+008,3.35073e+040
1.45411e+008,3.35098e+040
1.45498e+008,3.35124e+040
1.45584e+008,3.3515e+040
1.4567e+008,3.35175e+040
1.45757e+008,3.35201e+040
1.45843e+008,3.35227e+040
1.4593e+008,3.35252e+040
1.46016e+008,3.35278e+040
1.46102e+008,3.35303e+040
1.46189e+008,3.35329e+040
1.46275e+008,3.35355e+040
1.46362e+008,3.35381e+040
1.46448e+008,3.35406e+040
1.46534e+008,3.35432e+040
1.46621e+008,3.35458e+040
1.46707e+008,3.35483e+040
1.46794e+008,3.35509e+040
1.4688e+008,3.35535e+040
1.46966e+008,3.3556e+040
1.47053e+008,3.35586e+040
1.47139e+008,3.35612e+040
1.47226e+008,3.35638e+040
1.47312e+008,3.35663e+040
1.47398e+008,3.35689e+040
1.47485e+008,3.35715e+040
1.47571e+008,3.35741e+040
1.47658e+008,3.35766e+040
1.47744e+008,3.35792e+040
1.4783e+008,3.35818e+040
1.47917e+008,3.35844e+040
1.48003e+008,3.3587e+040
1.4809e+008,3.35895e+040
1.48176e+008,3.35921e+040
1.48262e+008,3.35947e+040
1.48349e+008,3.35973e+040
1.48435e+008,3.35998e+040
1.48522e+008,3.36024e+040
1.48608e+008,3.3605e+040
1.48694e+008,3.36076e+040
1.48781e+008,3.36102e+040
1.48867e+008,3.36128e+040
1.48954e+008,3.36153e+040
1.4904e+008,3.36179e+040
1.49126e+008,3.36205e+040
1.49213e+008,3.36231e+040
1.49299e+008,3.36257e+040
1.49386e+008,3.36282e+040
1.49472e+008,3.36308e+040
1.49558e+008,3.36334e+040
1.49645e+008,3.3636e+040
1.49731e+008,3.36386e+040
1.49818e+008,3.36412e+040
1.49904e+008,3.36438e+040
1.4999e+008,3.36463e+040
1.50077e+008,3.36489e+040
1.50163e+008,3.36515e+040
1.5025e+008,3.36541e+040
1.50336e+008,3.36567e+040
1.50422e+008,3.36593e+040
1.50509e+008,3.36619e+040
1.50595e+008,3.36644e+040
1.50682e+008,3.3667e+040
1.50768e+008,3.36696e+040
1.50854e+008,3.36722e+040
1.50941e+008,3.36748e+040
1.51027e+008,3.36774e+040
1.51114e+008,3.368e+040
1.512e+008,3.36825e+040
1.51286e+008,3.36851e+040
1.51373e+008,3.36877e+040
1.51459e+008,3.36903e+040
1.51546e+008,3.36929e+040
1.51632e+008,3.36955e+040
1.51718e+008,3.36981e+040
1.51805e+008,3.37006e+040
1.51891e+008,3.37032e+040
1.51978e+008,3.37058e+040
1.52064e+008,3.37084e+040
1.5215e+008,3.3711e+040
1.52237e+008,3.37136e+040
1.52323e+008,3.37162e+040
1.5241e+008,3.37187e+040
1.52496e+008,3.37213e+040
1.52582e+008,3.37239e+040
1.52669e+008,3.37265e+040
1.52755e+008,3.37291e+040
1.52842e+008,3.37317e+040
1.52928e+008,3.37343e+040
1.53014e+008,3.37368e+040
1.53101e+008,3.37394e+040
1.53187e+008,3.3742e+040
1.53274e+008,3.37446e+040
1.5336e+008,3.37472e+040
1.53446e+008,3.37498e+040
1.53533e+008,3.37523e+040
1.53619e+008,3.37549e+040
1.53706e+008,3.37575e+040
1.53792e+008,3.37601e+040
1.53878e+008,3.37627e+040
1.53965e+008,3.37652e+040
1.54051e+008,3.37678e+040
1.54138e+008,3.37704e+040
1.54224e+008,3.3773e+040
1.5431e+008,3.37756e+040
1.54397e+008,3.37781e+040
1.54483e+008,3.37807e+040
1.5457e+008,3.37833e+040
1.54656e+008,3.37859e+040
1.54742e+008,3.37884e+040
1.54829e+008,3.3791e+040
1.54915e+008,3.37936e+040
1.55002e+008,3.37962e+040
1.55088e+008,3.37987e+040
1.55174e+008,3.38013e+040
1.55261e+008,3.38039e+040
1.55347e+008,3.38064e+040
1.55434e+008,3.3809e+040
1.5552e+008,3.38116e+040
1.55606e+008,3.38142e+040
1.55693e+008,3.38167e+040
1.55779e+008,3.38193e+040
1.55866e+008,3.38219e+040
1.55952e+008,3.38244e+040
1.56038e+008,3.3827e+040
1.56125e+008,3.38296e+040
1.56211e+008,3.38321e+040
1.56298e+008,3.38347e+040
1.56384e+008,3.38372e+040
1.5647e+008,3.38398e+040
1.56557e+008,3.38424e+040
1.56643e+008,3.38449e+040
1.5673e+008,3.38475e+040
1.56816e+008,3.385e+040
1.56902e+008,3.38526e+040
1.56989e+008,3.38552e+040
1.57075e+008,3.38577e+040
1.57162e+008,3.38603e+040
1.57248e+008,3.38628e+040
1.57334e+008,3.38654e+040
1.57421e+008,3.38679e+040
1.57507e+008,3.38705e+040
1.57594e+008,3.3873e+040
1.5768e+008,3.38756e+040
1.57766e+008,3.38781e+040
1.57853e+008,3.38807e+040
1.57939e+008,3.38832e+040
1.58026e+008,3.38858e+040
1.58112e+008,3.38883e+040
1.58198e+008,3.38908e+040
1.58285e+008,3.38934e+040
1.58371e+008,3.38959e+040
1.58458e+008,3.38985e+040
1.58544e+008,3.3901e+040
1.5863e+008,3.39035e+040
1.58717e+008,3.39061e+040
1.58803e+008,3.39086e+040
1.5889e+008,3.39111e+040
1.58976e+008,3.39137e+040
1.59062e+008,3.39162e+040
1.59149e+008,3.39187e+040
1.59235e+008,3.39213e+040
1.59322e+008,3.39238e+040
1.59408e+008,3.39263e+040
1.59494e+008,3.39288e+040
1.59581e+008,3.39314e+040
1.59667e+008,3.39339e+040
1.59754e+008,3.39364e+040
1.5984e+008,3.39389e+040
1.59926e+008,3.39414e+040
1.60013e+008,3.39439e+040
1.60099e+008,3.39465e+040
1.60186e+008,3.3949e+040
1.60272e+008,3.39515e+040
1.60358e+008,3.3954e+040
1.60445e+008,3.39565e+040
1.60531e+008,3.3959e+040
1.60618e+008,3.39615e+040
1.60704e+008,3.3964e+040
1.6079e+008,3.39665e+040
1.60877e+008,3.3969e+040
1.60963e+008,3.39715e+040
1.6105e+008,3.3974e+040
1.61136e+008,3.39765e+040
1.61222e+008,3.3979e+040
1.61309e+008,3.39815e+040
1.61395e+008,3.3984e+040
1.61482e+008,3.39865e+040
1.61568e+008,3.3989e+040
1.61654e+008,3.39915e+040
1.61741e+008,3.39939e+040
1.61827e+008,3.39964e+040
1.61914e+008,3.39989e+040
1.62e+008,3.40014e+040
1.62086e+008,3.40039e+040
1.62173e+008,3.40063e+040
1.62259e+008,3.40088e+040
1.62346e+008,3.40113e+040
1.62432e+008,3.40138e+040
1.62518e+008,3.40162e+040
1.62605e+008,3.40187e+040
1.62691e+008,3.40212e+040
1.62778e+008,3.40236e+040
1.62864e+008,3.40261e+040
1.6295e+008,3.40286e+040
1.63037e+008,3.4031e+040
1.63123e+008,3.40335e+040
1.6321e+008,3.40359e+040
1.63296e+008,3.40384e+040
1.63382e+008,3.40408e+040
1.63469e+008,3.40433e+040
1.63555e+008,3.40457e+040
1.63642e+008,3.40482e+040
1.63728e+008,3.40506e+040
1.63814e+008,3.40531e+040
1.63901e+008,3.40555e+040
1.63987e+008,3.4058e+040
1.64074e+008,3.40604e+040
1.6416e+008,3.40628e+040
1.64246e+008,3.40653e+040
1.64333e+008,3.40677e+040
1.64419e+008,3.40701e+040
1.64506e+008,3.40726e+040
1.64592e+008,3.4075e+040
1.64678e+008,3.40774e+040
1.64765e+008,3.40798e+040
1.64851e+008,3.40822e+040
1.64938e+008,3.40847e+040
1.65024e+008,3.40871e+040
1.6511e+008,3.40895e+040
1.65197e+008,3.40919e+040
1.65283e+008,3.40943e+040
1.6537e+008,3.40967e+040
1.65456e+008,3.40991e+040
1.65542e+008,3.41015e+040
1.65629e+008,3.41039e+040
1.65715e+008,3.41063e+040
1.65802e+008,3.41087e+040
1.65888e+008,3.41111e+040
1.65974e+008,3.41135e+040
1.66061e+008,3.41159e+040
1.66147e+008,3.41183e+040
1.66234e+008,3.41207e+040
1.6632e+008,3.41231e+040
1.66406e+008,3.41255e+040
1.66493e+008,3.41279e+040
1.66579e+008,3.41302e+040
1.66666e+008,3.41326e+040
1.66752e+008,3.4135e+040
1.66838e+008,3.41374e+040
1.66925e+008,3.41397e+040
1.67011e+008,3.41421e+040
1.67098e+008,3.41445e+040
1.67184e+008,3.41468e+040
1.6727e+008,3.41492e+040
1.67357e+008,3.41516e+040
1.67443e+008,3.41539e+040
1.6753e+008,3.41563e+040
1.67616e+008,3.41586e+040
1.67702e+008,3.4161e+040
1.67789e+008,3.41633e+040
1.67875e+008,3.41657e+040
1.67962e+008,3.4168e+040
1.68048e+008,3.41704e+040
1.68134e+008,3.41727e+040
1.68221e+008,3.41751e+040
1.68307e+008,3.41774e+040
1.68394e+008,3.41797e+040
1.6848e+008,3.41821e+040
1.68566e+008,3.41844e+040
1.68653e+008,3.41867e+040
1.68739e+008,3.4189e+040
1.68826e+008,3.41914e+040
1.68912e+008,3.41937e+040
1.68998e+008,3.4196e+040
1.69085e+008,3.41983e+040
1.69171e+008,3.42007e+040
1.69258e+008,3.4203e+040
1.69344e+008,3.42053e+040
1.6943e+008,3.42076e+040
1.69517e+008,3.42099e+040
1.69603e+008,3.42122e+040
1.6969e+008,3.42145e+040
1.69776e+008,3.42168e+040
1.69862e+008,3.42191e+040
1.69949e+008,3.42214e+040
1.70035e+008,3.42237e+040
1.70122e+008,3.4226e+040
1.70208e+008,3.42283e+040
1.70294e+008,3.42306e+040
1.70381e+008,3.42329e+040
1.70467e+008,3.42351e+040
1.70554e+008,3.42374e+040
1.7064e+008,3.42397e+040
1.70726e+008,3.4242e+040
1.70813e+008,3.42443e+040
1.70899e+008,3.42465e+040
1.70986e+008,3.42488e+040
1.71072e+008,3.42511e+040
1.71158e+008,3.42533e+040
1.71245e+008,3.42556e+040
1.71331e+008,3.42579e+040
1.71418e+008,3.42601e+040
1.71504e+008,3.42624e+040
1.7159e+008,3.42646e+040
1.71677e+008,3.42669e+040
1.71763e+008,3.42691e+040
1.7185e+008,3.42714e+040
1.71936e+008,3.42736e+040
1.72022e+008,3.42759e+040
1.72109e+008,3.42781e+040
1.72195e+008,3.42804e+040
1.72282e+008,3.42826e+040
1.72368e+008,3.42848e+040
1.72454e+008,3.42871e+040
1.72541e+008,3.42893e+040
1.72627e+008,3.42915e+040
1.72714e+008,3.42938e+040
1.728e+008,3.4296e+040
1.72886e+008,3.42982e+040
1.72973e+008,3.43004e+040
1.73059e+008,3.43027e+040
1.73146e+008,3.43049e+040
1.73232e+008,3.43071e+040
1.73318e+008,3.43093e+040
1.73405e+008,3.43115e+040
1.73491e+008,3.43137e+040
1.73578e+008,3.43159e+040
1.73664e+008,3.43181e+040
1.7375e+008,3.43203e+040
1.73837e+008,3.43225e+040
1.73923e+008,3.43247e+040
1.7401e+008,3.43269e+040
1.74096e+008,3.43291e+040
1.74182e+008,3.43313e+040
1.74269e+008,3.43335e+040
1.74355e+008,3.43357e+040
1.74442e+008,3.43379e+040
1.74528e+008,3.43401e+040
1.74614e+008,3.43423e+040
1.74701e+008,3.43444e+040
1.74787e+008,3.43466e+040
1.74874e+008,3.43488e+040
1.7496e+008,3.4351e+040
1.75046e+008,3.43531e+040
1.75133e+008,3.43553e+040
1.75219e+008,3.43575e+040
1.75306e+008,3.43596e+040
1.75392e+008,3.43618e+040
1.75478e+008,3.4364e+040
1.75565e+008,3.43661e+040
1.75651e+008,3.43683e+040
1.75738e+008,3.43705e+040
1.75824e+008,3.43726e+040
1.7591e+008,3.43748e+040
1.75997e+008,3.43769e+040
1.76083e+008,3.43791e+040
1.7617e+008,3.43812e+040
1.76256e+008,3.43833e+040
1.76342e+008,3.43855e+040
1.76429e+008,3.43876e+040
1.76515e+008,3.43898e+040
1.76602e+008,3.43919e+040
1.76688e+008,3.4394e+040
1.76774e+008,3.43962e+040
1.76861e+008,3.43983e+040
1.76947e+008,3.44004e+040
1.77034e+008,3.44026e+040
1.7712e+008,3.44047e+040
1.77206e+008,3.44068e+040
1.77293e+008,3.44089e+040
1.77379e+008,3.44111e+040
1.77466e+008,3.44132e+040
1.77552e+008,3.44153e+040
1.77638e+008,3.44174e+040
1.77725e+008,3.44195e+040
1.77811e+008,3.44216e+040
1.77898e+008,3.44237e+040
1.77984e+008,3.44258e+040
1.7807e+008,3.44279e+040
1.78157e+008,3.443e+040
1.78243e+008,3.44321e+040
1.7833e+008,3.44342e+040
1.78416e+008,3.44363e+040
1.78502e+008,3.44384e+040
1.78589e+008,3.44405e+040
1.78675e+008,3.44426e+040
1.78762e+008,3.44447e+040
1.78848e+008,3.44468e+040
1.78934e+008,3.44489e+040
1.79021e+008,3.4451e+040
1.79107e+008,3.44531e+040
1.79194e+008,3.44551e+040
1.7928e+008,3.44572e+040
1.79366e+008,3.44593e+040
1.79453e+008,3.44614e+040
1.79539e+008,3.44635e+040
1.79626e+008,3.44655e+040
1.79712e+008,3.44676e+040
1.79798e+008,3.44697e+040
1.79885e+008,3.44717e+040
1.79971e+008,3.44738e+040
1.80058e+008,3.44759e+040
1.80144e+008,3.44779e+040
1.8023e+008,3.448e+040
1.80317e+008,3.44821e+040
1.80403e+008,3.44841e+040
1.8049e+008,3.44862e+040
1.80576e+008,3.44882e+040
1.80662e+008,3.44903e+040
1.80749e+008,3.44923e+040
1.80835e+008,3.44944e+040
1.80922e+008,3.44964e+040
1.81008e+008,3.44985e+040
1.81094e+008,3.45005e+040
1.81181e+008,3.45026e+040
1.81267e+008,3.45046e+040
1.81354e+008,3.45067e+040
1.8144e+008,3.45087e+040
1.81526e+008,3.45107e+040
1.81613e+008,3.45128e+040
1.81699e+008,3.45148e+040
1.81786e+008,3.45169e+040
1.81872e+008,3.45189e+040
1.81958e+008,3.45209e+040
1.82045e+008,3.45229e+040
1.82131e+008,3.4525e+040
1.82218e+008,3.4527e+040
1.82304e+008,3.4529e+040
1.8239e+008,3.45311e+040
1.82477e+008,3.45331e+040
1.82563e+008,3.45351e+040
1.8265e+008,3.45371e+040
1.82736e+008,3.45391e+040
1.82822e+008,3.45412e+040
1.82909e+008,3.45432e+040
1.82995e+008,3.45452e+040
1.83082e+008,3.45472e+040
1.83168e+008,3.45492e+040
1.83254e+008,3.45512e+040
1.83341e+008,3.45532e+040
1.83427e+008,3.45552e+040
1.83514e+008,3.45572e+040
1.836e+008,3.45592e+040
1.83686e+008,3.45612e+040
1.83773e+008,3.45632e+040
1.83859e+008,3.45652e+040
1.83946e+008,3.45672e+040
1.84032e+008,3.45692e+040
1.84118e+008,3.45712e+040
1.84205e+008,3.45732e+040
1.84291e+008,3.45752e+040
1.84378e+008,3.45772e+040
1.84464e+008,3.45792e+040
1.8455e+008,3.45812e+040
1.84637e+008,3.45832e+040
1.84723e+008,3.45852e+040
1.8481e+008,3.45872e+040
1.84896e+008,3.45892e+040
1.84982e+008,3.45912e+040
1.85069e+008,3.45931e+040
1.85155e+008,3.45951e+040
1.85242e+008,3.45971e+040
1.85328e+008,3.45991e+040
1.85414e+008,3.46011e+040
1.85501e+008,3.4603e+040
1.85587e+008,3.4605e+040
1.85674e+008,3.4607e+040
1.8576e+008,3.4609e+040
1.85846e+008,3.46109e+040
1.85933e+008,3.46129e+040
1.86019e+008,3.46149e+040
1.86106e+008,3.46169e+040
1.86192e+008,3.46188e+040
1.86278e+008,3.46208e+040
1.86365e+008,3.46228e+040
1.86451e+008,3.46247e+040
1.86538e+008,3.46267e+040
1.86624e+008,3.46287e+040
1.8671e+008,3.46306e+040
1.86797e+008,3.46326e+040
1.86883e+008,3.46346e+040
1.8697e+008,3.46365e+040
1.87056e+008,3.46385e+040
1.87142e+008,3.46404e+040
1.87229e+008,3.46424e+040
1.87315e+008,3.46443e+040
1.87402e+008,3.46463e+040
1.87488e+008,3.46483e+040
1.87574e+008,3.46502e+040
1.87661e+008,3.46522e+040
1.87747e+008,3.46541e+040
1.87834e+008,3.46561e+040
1.8792e+008,3.4658e+040
1.88006e+008,3.466e+040
1.88093e+008,3.46619e+040
1.88179e+008,3.46639e+040
1.88266e+008,3.46658e+040
1.88352e+008,3.46678e+040
1.88438e+008,3.46697e+040
1.88525e+008,3.46717e+040
1.88611e+008,3.46736e+040
1.88698e+008,3.46755e+040
1.88784e+008,3.46775e+040
1.8887e+008,3.46794e+040
1.88957e+008,3.46814e+040
1.89043e+008,3.46833e+040
1.8913e+008,3.46853e+040
1.89216e+008,3.46872e+040
1.89302e+008,3.46891e+040
1.89389e+008,3.46911e+040
1.89475e+008,3.4693e+040
1.89562e+008,3.46949e+040
1.89648e+008,3.46969e+040
1.89734e+008,3.46988e+040
1.89821e+008,3.47007e+040
1.89907e+008,3.47027e+040
1.89994e+008,3.47046e+040
1.9008e+008,3.47065e+040
1.90166e+008,3.47085e+040
1.90253e+008,3.47104e+040
1.90339e+008,3.47123e+040
1.90426e+008,3.47143e+040
1.90512e+008,3.47162e+040
1.90598e+008,3.47181e+040
1.90685e+008,3.47201e+040
1.90771e+008,3.4722e+040
1.90858e+008,3.47239e+040
1.90944e+008,3.47258e+040
1.9103e+008,3.47278e+040
1.91117e+008,3.47297e+040
1.91203e+008,3.47316e+040
1.9129e+008,3.47335e+040
1.91376e+008,3.47355e+040
1.91462e+008,3.47374e+040
1.91549e+008,3.47393e+040
1.91635e+008,3.47412e+040
1.91722e+008,3.47431e+040
1.91808e+008,3.47451e+040
1.91894e+008,3.4747e+040
1.91981e+008,3.47489e+040
1.92067e+008,3.47508e+040
1.92154e+008,3.47528e+040
1.9224e+008,3.47547e+040
1.92326e+008,3.47566e+040
1.92413e+008,3.47585e+040
1.92499e+008,3.47604e+040
1.92586e+008,3.47623e+040
1.92672e+008,3.47643e+040
1.92758e+008,3.47662e+040
1.92845e+008,3.47681e+040
1.92931e+008,3.477e+040
1.93018e+008,3.47719e+040
1.93104e+008,3.47738e+040
1.9319e+008,3.47758e+040
1.93277e+008,3.47777e+040
1.93363e+008,3.47796e+040
1.9345e+008,3.47815e+040
1.93536e+008,3.47834e+040
1.93622e+008,3.47853e+040
1.93709e+008,3.47872e+040
1.93795e+008,3.47892e+040
1.93882e+008,3.47911e+040
1.93968e+008,3.4793e+040
1.94054e+008,3.47949e+040
1.94141e+008,3.47968e+040
1.94227e+008,3.47987e+040
1.94314e+008,3.48006e+040
1.944e+008,3.48025e+040
1.94486e+008,3.48045e+040
1.94573e+008,3.48064e+040
1.94659e+008,3.48083e+040
1.94746e+008,3.48102e+040
1.94832e+008,3.48121e+040
1.94918e+008,3.4814e+040
1.95005e+008,3.48159e+040
1.95091e+008,3.48178e+040
1.95178e+008,3.48197e+040
1.95264e+008,3.48216e+040
1.9535e+008,3.48236e+040
1.95437e+008,3.48255e+040
1.95523e+008,3.48274e+040
1.9561e+008,3.48293e+040
1.95696e+008,3.48312e+040
1.95782e+008,3.48331e+040
1.95869e+008,3.4835e+040
1.95955e+008,3.48369e+040
1.96042e+008,3.48388e+040
1.96128e+008,3.48407e+040
1.96214e+008,3.48426e+040
1.96301e+008,3.48446e+040
1.96387e+008,3.48465e+040
1.96474e+008,3.48484e+040
1.9656e+008,3.48503e+040
1.96646e+008,3.48522e+040
1.96733e+008,3.48541e+040
1.96819e+008,3.4856e+040
1.96906e+008,3.48579e+040
1.96992e+008,3.48598e+040
1.97078e+008,3.48617e+040
1.97165e+008,3.48636e+040
1.97251e+008,3.48655e+040
1.97338e+008,3.48675e+040
1.97424e+008,3.48694e+040
1.9751e+008,3.48713e+040
1.97597e+008,3.48732e+040
1.97683e+008,3.48751e+040
1.9777e+008,3.4877e+040
1.97856e+008,3.48789e+040
1.97942e+008,3.48808e+040
1.98029e+008,3.48827e+040
1.98115e+008,3.48846e+040
1.98202e+008,3.48865e+040
1.98288e+008,3.48885e+040
1.98374e+008,3.48904e+040
1.98461e+008,3.48923e+040
1.98547e+008,3.48942e+040
1.98634e+008,3.48961e+040
1.9872e+008,3.4898e+040
1.98806e+008,3.48999e+040
1.98893e+008,3.49018e+040
1.98979e+008,3.49037e+040
1.99066e+008,3.49056e+040
1.99152e+008,3.49076e+040
1.99238e+008,3.49095e+040
1.99325e+008,3.49114e+040
1.99411e+008,3.49133e+040
1.99498e+008,3.49152e+040
1.99584e+008,3.49171e+040
1.9967e+008,3.4919e+040
1.99757e+008,3.49209e+040
1.99843e+008,3.49228e+040
1.9993e+008,3.49248e+040
2.00016e+008,3.49267e+040
2.00102e+008,3.49286e+040
2.00189e+008,3.49305e+040
2.00275e+008,3.49324e+040
2.00362e+008,3.49343e+040
2.00448e+008,3.49362e+040
2.00534e+008,3.49382e+040
2.00621e+008,3.49401e+040
2.00707e+008,3.4942e+040
2.00794e+008,3.49439e+040
2.0088e+008,3.49458e+040
2.00966e+008,3.49477e+040
2.01053e+008,3.49497e+040
2.01139e+008,3.49516e+040
2.01226e+008,3.49535e+040
2.01312e+008,3.49554e+040
2.01398e+008,3.49573e+040
2.01485e+008,3.49592e+040
2.01571e+008,3.49612e+040
2.01658e+008,3.49631e+040
2.01744e+008,3.4965e+040
2.0183e+008,3.49669e+040
2.01917e+008,3.49688e+040
2.02003e+008,3.49708e+040
2.0209e+008,3.49727e+040
2.02176e+008,3.49746e+040
2.02262e+008,3.49765e+040
2.02349e+008,3.49784e+040
2.02435e+008,3.49804e+040
2.02522e+008,3.49823e+040
2.02608e+008,3.49842e+040
2.02694e+008,3.49861e+040
2.02781e+008,3.49881e+040
2.02867e+008,3.499e+040
2.02954e+008,3.49919e+040
2.0304e+008,3.49938e+040
2.03126e+008,3.49957e+040
2.03213e+008,3.49977e+040
2.03299e+008,3.49996e+040
2.03386e+008,3.50015e+040
2.03472e+008,3.50035e+040
2.03558e+008,3.50054e+040
2.03645e+008,3.50073e+040
2.03731e+008,3.50092e+040
2.03818e+008,3.50112e+040
2.03904e+008,3.50131e+040
2.0399e+008,3.5015e+040
2.04077e+008,3.5017e+040
2.04163e+008,3.50189e+040
2.0425e+008,3.50208e+040
2.04336e+008,3.50227e+040
2.04422e+008,3.50247e+040
2.04509e+008,3.50266e+040
2.04595e+008,3.50285e+040
2.04682e+008,3.50305e+040
2.04768e+008,3.50324e+040
2.04854e+008,3.50343e+040
2.04941e+008,3.50363e+040
2.05027e+008,3.50382e+040
2.05114e+008,3.50402e+040
2.052e+008,3.50421e+040
2.05286e+008,3.5044e+040
2.05373e+008,3.5046e+040
2.05459e+008,3.50479e+040
2.05546e+008,3.50498e+040
2.05632e+008,3.50518e+040
2.05718e+008,3.50537e+040
2.05805e+008,3.50557e+040
2.05891e+008,3.50576e+040
2.05978e+008,3.50595e+040
2.06064e+008,3.50615e+040
2.0615e+008,3.50634e+040
2.06237e+008,3.50654e+040
2.06323e+008,3.50673e+040
2.0641e+008,3.50693e+040
2.06496e+008,3.50712e+040
2.06582e+008,3.50731e+040
2.06669e+008,3.50751e+040
2.06755e+008,3.5077e+040
2.06842e+008,3.5079e+040
2.06928e+008,3.50809e+040
2.07014e+008,3.50829e+040
2.07101e+008,3.50848e+040
2.07187e+008,3.50868e+040
2.07274e+008,3.50887e+040
2.0736e+008,3.50907e+040
2.07446e+008,3.50926e+040
2.07533e+008,3.50946e+040
2.07619e+008,3.50965e+040
2.07706e+008,3.50985e+040
2.07792e+008,3.51004e+040
2.07878e+008,3.51024e+040
2.07965e+008,3.51043e+040
2.08051e+008,3.51063e+040
2.08138e+008,3.51083e+040
2.08224e+008,3.51102e+040
2.0831e+008,3.51122e+040
2.08397e+008,3.51141e+040
2.08483e+008,3.51161e+040
2.0857e+008,3.5118e+040
2.08656e+008,3.512e+040
2.08742e+008,3.5122e+040
2.08829e+008,3.51239e+040
2.08915e+008,3.51259e+040
2.09002e+008,3.51278e+040
2.09088e+008,3.51298e+040
2.09174e+008,3.51318e+040
2.09261e+008,3.51337e+040
2.09347e+008,3.51357e+040
2.09434e+008,3.51377e+040
2.0952e+008,3.51396e+040
2.09606e+008,3.51416e+040
2.09693e+008,3.51436e+040
2.09779e+008,3.51455e+040
2.09866e+008,3.51475e+040
2.09952e+008,3.51495e+040
2.10038e+008,3.51514e+040
2.10125e+008,3.51534e+040
2.10211e+008,3.51554e+040
2.10298e+008,3.51573e+040
2.10384e+008,3.51593e+040
2.1047e+008,3.51613e+040
2.10557e+008,3.51632e+040
2.10643e+008,3.51652e+040
2.1073e+008,3.51672e+040
2.10816e+008,3.51692e+040
2.10902e+008,3.51711e+040
2.10989e+008,3.51731e+040
2.11075e+008,3.51751e+040
2.11162e+008,3.51771e+040
2.11248e+008,3.5179e+040
2.11334e+008,3.5181e+040
2.11421e+008,3.5183e+040
2.11507e+008,3.5185e+040
2.11594e+008,3.5187e+040
2.1168e+008,3.51889e+040
2.11766e+008,3.51909e+040
2.11853e+008,3.51929e+040
2.11939e+008,3.51949e+040
2.12026e+008,3.51969e+040
2.12112e+008,3.51988e+040
2.12198e+008,3.52008e+040
2.12285e+008,3.52028e+040
2.12371e+008,3.52048e+040
2.12458e+008,3.52068e+040
2.12544e+008,3.52088e+040
2.1263e+008,3.52107e+040
2.12717e+008,3.52127e+040
2.12803e+008,3.52147e+040
2.1289e+008,3.52167e+040
2.12976e+008,3.52187e+040
2.13062e+008,3.52207e+040
2.13149e+008,3.52227e+040
2.13235e+008,3.52247e+040
2.13322e+008,3.52267e+040
2.13408e+008,3.52286e+040
2.13494e+008,3.52306e+040
2.13581e+008,3.52326e+040
2.13667e+008,3.52346e+040
2.13754e+008,3.52366e+040
2.1384e+008,3.52386e+040
2.13926e+008,3.52406e+040
2.14013e+008,3.52426e+040
2.14099e+008,3.52446e+040
2.14186e+008,3.52466e+040
2.14272e+008,3.52486e+040
2.14358e+008,3.52506e+040
2.14445e+008,3.52526e+040
2.14531e+008,3.52546e+040
2.14618e+008,3.52566e+040
2.14704e+008,3.52586e+040
2.1479e+008,3.52606e+040
2.14877e+008,3.52626e+040
2.14963e+008,3.52646e+040
2.1505e+008,3.52666e+040
2.15136e+008,3.52686e+040
2.15222e+008,3.52706e+040
2.15309e+008,3.52726e+040
2.15395e+008,3.52746e+040
2.15482e+008,3.52766e+040
2.15568e+008,3.52786e+040
2.15654e+008,3.52806e+040
2.15741e+008,3.52826e+040
2.15827e+008,3.52846e+040
2.15914e+008,3.52866e+040
2.16e+008,3.52886e+040
2.16086e+008,3.52906e+040
2.16173e+008,3.52926e+040
2.16259e+008,3.52946e+040
2.16346e+008,3.52966e+040
2.16432e+008,3.52986e+040
2.16518e+008,3.53006e+040
2.16605e+008,3.53026e+040
2.16691e+008,3.53046e+040
2.16778e+008,3.53067e+040
2.16864e+008,3.53087e+040
2.1695e+008,3.53107e+040
2.17037e+008,3.53127e+040
2.17123e+008,3.53147e+040
2.1721e+008,3.53167e+040
2.17296e+008,3.53187e+040
2.17382e+008,3.53207e+040
2.17469e+008,3.53227e+040
2.17555e+008,3.53247e+040
2.17642e+008,3.53268e+040
2.17728e+008,3.53288e+040
2.17814e+008,3.53308e+040
2.17901e+008,3.53328e+040
2.17987e+008,3.53348e+040
2.18074e+008,3.53368e+040
2.1816e+008,3.53388e+040
2.18246e+008,3.53409e+040
2.18333e+008,3.53429e+040
2.18419e+008,3.53449e+040
2.18506e+008,3.53469e+040
2.18592e+008,3.53489e+040
2.18678e+008,3.53509e+040
2.18765e+008,3.53529e+040
2.18851e+008,3.5355e+040
2.18938e+008,3.5357e+040
2.19024e+008,3.5359e+040
2.1911e+008,3.5361e+040
2.19197e+008,3.5363e+040
2.19283e+008,3.5365e+040
2.1937e+008,3.53671e+040
2.19456e+008,3.53691e+040
2.19542e+008,3.53711e+040
2.19629e+008,3.53731e+040
2.19715e+008,3.53751e+040
2.19802e+008,3.53771e+040
2.19888e+008,3.53792e+040
2.19974e+008,3.53812e+040
2.20061e+008,3.53832e+040
2.20147e+008,3.53852e+040
2.20234e+008,3.53872e+040
2.2032e+008,3.53893e+040
2.20406e+008,3.53913e+040
2.20493e+008,3.53933e+040
2.20579e+008,3.53953e+040
2.20666e+008,3.53973e+040
2.20752e+008,3.53993e+040
2.20838e+008,3.54014e+040
2.20925e+008,3.54034e+040
2.21011e+008,3.54054e+040
2.21098e+008,3.54074e+040
2.21184e+008,3.54094e+040
2.2127e+008,3.54115e+040
2.21357e+008,3.54135e+040
2.21443e+008,3.54155e+040
2.2153e+008,3.54175e+040
2.21616e+008,3.54195e+040
2.21702e+008,3.54216e+040
2.21789e+008,3.54236e+040
2.21875e+008,3.54256e+040
2.21962e+008,3.54276e+040
2.22048e+008,3.54296e+040
2.22134e+008,3.54317e+040
2.22221e+008,3.54337e+040
2.22307e+008,3.54357e+040
2.22394e+008,3.54377e+040
2.2248e+008,3.54397e+040
2.22566e+008,3.54418e+040
2.22653e+008,3.54438e+040
2.22739e+008,3.54458e+040
2.22826e+008,3.54478e+040
2.22912e+008,3.54498e+040
2.22998e+008,3.54518e+040
2.23085e+008,3.54539e+040
2.23171e+008,3.54559e+040
2.23258e+008,3.54579e+040
2.23344e+008,3.54599e+040
2.2343e+008,3.54619e+040
2.23517e+008,3.5464e+040
2.23603e+008,3.5466e+040
2.2369e+008,3.5468e+040
2.23776e+008,3.547e+040
2.23862e+008,3.5472e+040
2.23949e+008,3.5474e+040
2.24035e+008,3.54761e+040
2.24122e+008,3.54781e+040
2.24208e+008,3.54801e+040
2.24294e+008,3.54821e+040
2.24381e+008,3.54841e+040
2.24467e+008,3.54861e+040
2.24554e+008,3.54881e+040
2.2464e+008,3.54902e+040
2.24726e+008,3.54922e+040
2.24813e+008,3.54942e+040
2.24899e+008,3.54962e+040
2.24986e+008,3.54982e+040
2.25072e+008,3.55002e+040
2.25158e+008,3.55022e+040
2.25245e+008,3.55042e+040
2.25331e+008,3.55063e+040
2.25418e+008,3.55083e+040
2.25504e+008,3.55103e+040
2.2559e+008,3.55123e+040
2.25677e+008,3.55143e+040
2.25763e+008,3.55163e+040
2.2585e+008,3.55183e+040
2.25936e+008,3.55203e+040
2.26022e+008,3.55223e+040
2.26109e+008,3.55243e+040
2.26195e+008,3.55264e+040
2.26282e+008,3.55284e+040
2.26368e+008,3.55304e+040
2.26454e+008,3.55324e+040
2.26541e+008,3.55344e+040
2.26627e+008,3.55364e+040
2.26714e+008,3.55384e+040
2.268e+008,3.55404e+040
2.26886e+008,3.55424e+040
2.26973e+008,3.55444e+040
2.27059e+008,3.55464e+040
2.27146e+008,3.55484e+040
2.27232e+008,3.55504e+040
2.27318e+008,3.55524e+040
2.27405e+008,3.55544e+040
2.27491e+008,3.55564e+040
2.27578e+008,3.55584e+040
2.27664e+008,3.55604e+040
2.2775e+008,3.55624e+040
2.27837e+008,3.55644e+040
2.27923e+008,3.55664e+040
2.2801e+008,3.55684e+040
2.28096e+008,3.55704e+040
2.28182e+008,3.55724e+040
2.28269e+008,3.55744e+040
2.28355e+008,3.55764e+040
2.28442e+008,3.55784e+040
2.28528e+008,3.55804e+040
2.28614e+008,3.55824e+040
2.28701e+008,3.55843e+040
2.28787e+008,3.55863e+040
2.28874e+008,3.55883e+040
2.2896e+008,3.55903e+040
2.29046e+008,3.55923e+040
2.29133e+008,3.55943e+040
2.29219e+008,3.55963e+040
2.29306e+008,3.55983e+040
2.29392e+008,3.56003e+040
2.29478e+008,3.56022e+040
2.29565e+008,3.56042e+040
2.29651e+008,3.56062e+040
2.29738e+008,3.56082e+040
2.29824e+008,3.56102e+040
2.2991e+008,3.56121e+040
2.29997e+008,3.56141e+040
2.30083e+008,3.56161e+040
2.3017e+008,3.56181e+040
2.30256e+008,3.56201e+040
2.30342e+008,3.5622e+040
2.30429e+008,3.5624e+040
2.30515e+008,3.5626e+040
2.30602e+008,3.5628e+040
2.30688e+008,3.56299e+040
2.30774e+008,3.56319e+040
2.30861e+008,3.56339e+040
2.30947e+008,3.56358e+040
2.31034e+008,3.56378e+040
2.3112e+008,3.56398e+040
2.31206e+008,3.56418e+040
2.31293e+008,3.56437e+040
2.31379e+008,3.56457e+040
2.31466e+008,3.56477e+040
2.31552e+008,3.56496e+040
2.31638e+008,3.56516e+040
2.31725e+008,3.56535e+040
2.31811e+008,3.56555e+040
2.31898e+008,3.56575e+040
2.31984e+008,3.56594e+040
2.3207e+008,3.56614e+040
2.32157e+008,3.56633e+040
2.32243e+008,3.56653e+040
2.3233e+008,3.56673e+040
2.32416e+008,3.56692e+040
2.32502e+008,3.56712e+040
2.32589e+008,3.56731e+040
2.32675e+008,3.56751e+040
2.32762e+008,3.5677e+040
2.32848e+008,3.5679e+040
2.32934e+008,3.56809e+040
2.33021e+008,3.56829e+040
2.33107e+008,3.56848e+040
2.33194e+008,3.56867e+040
2.3328e+008,3.56887e+040
2.33366e+008,3.56906e+040
2.33453e+008,3.56926e+040
2.33539e+008,3.56945e+040
2.33626e+008,3.56965e+040
2.33712e+008,3.56984e+040
2.33798e+008,3.57003e+040
2.33885e+008,3.57023e+040
2.33971e+008,3.57042e+040
2.34058e+008,3.57061e+040
2.34144e+008,3.57081e+040
2.3423e+008,3.571e+040
2.34317e+008,3.57119e+040
2.34403e+008,3.57139e+040
2.3449e+008,3.57158e+040
2.34576e+008,3.57177e+040
2.34662e+008,3.57196e+040
2.34749e+008,3.57216e+040
2.34835e+008,3.57235e+040
2.34922e+008,3.57254e+040
2.35008e+008,3.57273e+040
2.35094e+008,3.57293e+040
2.35181e+008,3.57312e+040
2.35267e+008,3.57331e+040
2.35354e+008,3.5735e+040
2.3544e+008,3.57369e+040
2.35526e+008,3.57388e+040
2.35613e+008,3.57408e+040
2.35699e+008,3.57427e+040
2.35786e+008,3.57446e+040
2.35872e+008,3.57465e+040
2.35958e+008,3.57484e+040
2.36045e+008,3.57503e+040
2.36131e+008,3.57522e+040
2.36218e+008,3.57541e+040
2.36304e+008,3.5756e+040
2.3639e+008,3.57579e+040
2.36477e+008,3.57598e+040
2.36563e+008,3.57617e+040
2.3665e+008,3.57636e+040
2.36736e+008,3.57655e+040
2.36822e+008,3.57674e+040
2.36909e+008,3.57693e+040
2.36995e+008,3.57712e+040
2.37082e+008,3.57731e+040
2.37168e+008,3.5775e+040
2.37254e+008,3.57769e+040
2.37341e+008,3.57787e+040
2.37427e+008,3.57806e+040
2.37514e+008,3.57825e+040
2.376e+008,3.57844e+040
2.37686e+008,3.57863e+040
2.37773e+008,3.57882e+040
2.37859e+008,3.579e+040
2.37946e+008,3.57919e+040
2.38032e+008,3.57938e+040
2.38118e+008,3.57957e+040
2.38205e+008,3.57976e+040
2.38291e+008,3.57994e+040
2.38378e+008,3.58013e+040
2.38464e+008,3.58032e+040
2.3855e+008,3.5805e+040
2.38637e+008,3.58069e+040
2.38723e+008,3.58088e+040
2.3881e+008,3.58106e+040
2.38896e+008,3.58125e+040
2.38982e+008,3.58144e+040
2.39069e+008,3.58162e+040
2.39155e+008,3.58181e+040
2.39242e+008,3.58199e+040
2.39328e+008,3.58218e+040
2.39414e+008,3.58237e+040
2.39501e+008,3.58255e+040
2.39587e+008,3.58274e+040
2.39674e+008,3.58292e+040
2.3976e+008,3.58311e+040
2.39846e+008,3.58329e+040
2.39933e+008,3.58348e+040
2.40019e+008,3.58366e+040
2.40106e+008,3.58384e+040
2.40192e+008,3.58403e+040
2.40278e+008,3.58421e+040
2.40365e+008,3.5844e+040
2.40451e+008,3.58458e+040
2.40538e+008,3.58477e+040
2.40624e+008,3.58495e+040
2.4071e+008,3.58513e+040
2.40797e+008,3.58532e+040
2.40883e+008,3.5855e+040
2.4097e+008,3.58568e+040
2.41056e+008,3.58586e+040
2.41142e+008,3.58605e+040
2.41229e+008,3.58623e+040
2.41315e+008,3.58641e+040
2.41402e+008,3.58659e+040
2.41488e+008,3.58678e+040
2.41574e+008,3.58696e+040
2.41661e+008,3.58714e+040
2.41747e+008,3.58732e+040
2.41834e+008,3.5875e+040
2.4192e+008,3.58769e+040
2.42006e+008,3.58787e+040
2.42093e+008,3.58805e+040
2.42179e+008,3.58823e+040
2.42266e+008,3.58841e+040
2.42352e+008,3.58859e+040
2.42438e+008,3.58877e+040
2.42525e+008,3.58895e+040
2.42611e+008,3.58913e+040
2.42698e+008,3.58931e+040
2.42784e+008,3.58949e+040
2.4287e+008,3.58967e+040
2.42957e+008,3.58985e+040
2.43043e+008,3.59003e+040
2.4313e+008,3.59021e+040
2.43216e+008,3.59039e+040
2.43302e+008,3.59057e+040
2.43389e+008,3.59075e+040
2.43475e+008,3.59093e+040
2.43562e+008,3.59111e+040
2.43648e+008,3.59129e+040
2.43734e+008,3.59147e+040
2.43821e+008,3.59164e+040
2.43907e+008,3.59182e+040
2.43994e+008,3.592e+040
2.4408e+008,3.59218e+040
2.44166e+008,3.59236e+040
2.44253e+008,3.59253e+040
2.44339e+008,3.59271e+040
2.44426e+008,3.59289e+040
2.44512e+008,3.59307e+040
2.44598e+008,3.59324e+040
2.44685e+008,3.59342e+040
2.44771e+008,3.5936e+040
2.44858e+008,3.59377e+040
2.44944e+008,3.59395e+040
2.4503e+008,3.59413e+040
2.45117e+008,3.5943e+040
2.45203e+008,3.59448e+040
2.4529e+008,3.59466e+040
2.45376e+008,3.59483e+040
2.45462e+008,3.59501e+040
2.45549e+008,3.59518e+040
2.45635e+008,3.59536e+040
2.45722e+008,3.59553e+040
2.45808e+008,3.59571e+040
2.45894e+008,3.59588e+040
2.45981e+008,3.59606e+040
2.46067e+008,3.59623e+040
2.46154e+008,3.59641e+040
2.4624e+008,3.59658e+040
2.46326e+008,3.59676e+040
2.46413e+008,3.59693e+040
2.46499e+008,3.59711e+040
2.46586e+008,3.59728e+040
2.46672e+008,3.59745e+040
2.46758e+008,3.59763e+040
2.46845e+008,3.5978e+040
2.46931e+008,3.59797e+040
2.47018e+008,3.59815e+040
2.47104e+008,3.59832e+040
2.4719e+008,3.59849e+040
2.47277e+008,3.59867e+040
2.47363e+008,3.59884e+040
2.4745e+008,3.59901e+040
2.47536e+008,3.59918e+040
2.47622e+008,3.59936e+040
2.47709e+008,3.59953e+040
2.47795e+008,3.5997e+040
2.47882e+008,3.59987e+040
2.47968e+008,3.60004e+040
2.48054e+008,3.60022e+040
2.48141e+008,3.60039e+040
2.48227e+008,3.60056e+040
2.48314e+008,3.60073e+040
2.484e+008,3.6009e+040
2.48486e+008,3.60107e+040
2.48573e+008,3.60124e+040
2.48659e+008,3.60141e+040
2.48746e+008,3.60159e+040
2.48832e+008,3.60176e+040
2.48918e+008,3.60193e+040
2.49005e+008,3.6021e+040
2.49091e+008,3.60227e+040
2.49178e+008,3.60244e+040
2.49264e+008,3.60261e+040
2.4935e+008,3.60278e+040
2.49437e+008,3.60295e+040
2.49523e+008,3.60312e+040
2.4961e+008,3.60328e+040
2.49696e+008,3.60345e+040
2.49782e+008,3.60362e+040
2.49869e+008,3.60379e+040
2.49955e+008,3.60396e+040
2.50042e+008,3.60413e+040
2.50128e+008,3.6043e+040
2.50214e+008,3.60447e+040
2.50301e+008,3.60463e+040
2.50387e+008,3.6048e+040
2.50474e+008,3.60497e+040
2.5056e+008,3.60514e+040
2.50646e+008,3.60531e+040
2.50733e+008,3.60547e+040
2.50819e+008,3.60564e+040
2.50906e+008,3.60581e+040
2.50992e+008,3.60598e+040
2.51078e+008,3.60614e+040
2.51165e+008,3.60631e+040
2.51251e+008,3.60648e+040
2.51338e+008,3.60665e+040
2.51424e+008,3.60681e+040
2.5151e+008,3.60698e+040
2.51597e+008,3.60715e+040
2.51683e+008,3.60731e+040
2.5177e+008,3.60748e+040
2.51856e+008,3.60764e+040
2.51942e+008,3.60781e+040
2.52029e+008,3.60798e+040
2.52115e+008,3.60814e+040
2.52202e+008,3.60831e+040
2.52288e+008,3.60847e+040
2.52374e+008,3.60864e+040
2.52461e+008,3.6088e+040
2.52547e+008,3.60897e+040
2.52634e+008,3.60913e+040
2.5272e+008,3.6093e+040
2.52806e+008,3.60946e+040
2.52893e+008,3.60963e+040
2.52979e+008,3.60979e+040
2.53066e+008,3.60996e+040
2.53152e+008,3.61012e+040
2.53238e+008,3.61029e+040
2.53325e+008,3.61045e+040
2.53411e+008,3.61062e+040
2.53498e+008,3.61078e+040
2.53584e+008,3.61094e+040
2.5367e+008,3.61111e+040
2.53757e+008,3.61127e+040
2.53843e+008,3.61144e+040
2.5393e+008,3.6116e+040
2.54016e+008,3.61176e+040
2.54102e+008,3.61193e+040
2.54189e+008,3.61209e+040
2.54275e+008,3.61225e+040
2.54362e+008,3.61241e+040
2.54448e+008,3.61258e+040
2.54534e+008,3.61274e+040
2.54621e+008,3.6129e+040
2.54707e+008,3.61307e+040
2.54794e+008,3.61323e+040
2.5488e+008,3.61339e+040
2.54966e+008,3.61355e+040
2.55053e+008,3.61372e+040
2.55139e+008,3.61388e+040
2.55226e+008,3.61404e+040
2.55312e+008,3.6142e+040
2.55398e+008,3.61436e+040
2.55485e+008,3.61452e+040
2.55571e+008,3.61469e+040
2.55658e+008,3.61485e+040
2.55744e+008,3.61501e+040
2.5583e+008,3.61517e+040
2.55917e+008,3.61533e+040
2.56003e+008,3.61549e+040
2.5609e+008,3.61565e+040
2.56176e+008,3.61581e+040
2.56262e+008,3.61597e+040
2.56349e+008,3.61614e+040
2.56435e+008,3.6163e+040
2.56522e+008,3.61646e+040
2.56608e+008,3.61662e+040
2.56694e+008,3.61678e+040
2.56781e+008,3.61694e+040
2.56867e+008,3.6171e+040
2.56954e+008,3.61726e+040
2.5704e+008,3.61742e+040
2.57126e+008,3.61758e+040
2.57213e+008,3.61774e+040
2.57299e+008,3.6179e+040
2.57386e+008,3.61806e+040
2.57472e+008,3.61822e+040
2.57558e+008,3.61838e+040
2.57645e+008,3.61854e+040
2.57731e+008,3.61869e+040
2.57818e+008,3.61885e+040
2.57904e+008,3.61901e+040
2.5799e+008,3.61917e+040
2.58077e+008,3.61933e+040
2.58163e+008,3.61949e+040
2.5825e+008,3.61965e+040
2.58336e+008,3.61981e+040
2.58422e+008,3.61997e+040
2.58509e+008,3.62012e+040
2.58595e+008,3.62028e+040
2.58682e+008,3.62044e+040
2.58768e+008,3.6206e+040
2.58854e+008,3.62076e+040
2.58941e+008,3.62092e+040
2.59027e+008,3.62107e+040
2.59114e+008,3.62123e+040
2.592e+008,3.62139e+040
2.59286e+008,3.62155e+040
2.59373e+008,3.62171e+040
2.59459e+008,3.62186e+040
2.59546e+008,3.62202e+040
2.59632e+008,3.62218e+040
2.59718e+008,3.62234e+040
2.59805e+008,3.62249e+040
2.59891e+008,3.62265e+040
2.59978e+008,3.62281e+040
2.60064e+008,3.62296e+040
2.6015e+008,3.62312e+040
2.60237e+008,3.62328e+040
2.60323e+008,3.62344e+040
2.6041e+008,3.62359e+040
2.60496e+008,3.62375e+040
2.60582e+008,3.62391e+040
2.60669e+008,3.62406e+040
2.60755e+008,3.62422e+040
2.60842e+008,3.62438e+040
2.60928e+008,3.62453e+040
2.61014e+008,3.62469e+040
2.61101e+008,3.62485e+040
2.61187e+008,3.625e+040
2.61274e+008,3.62516e+040
2.6136e+008,3.62531e+040
2.61446e+008,3.62547e+040
2.61533e+008,3.62563e+040
2.61619e+008,3.62578e+040
2.61706e+008,3.62594e+040
2.61792e+008,3.62609e+040
2.61878e+008,3.62625e+040
2.61965e+008,3.62641e+040
2.62051e+008,3.62656e+040
2.62138e+008,3.62672e+040
2.62224e+008,3.62687e+040
2.6231e+008,3.62703e+040
2.62397e+008,3.62718e+040
2.62483e+008,3.62734e+040
2.6257e+008,3.62749e+040
2.62656e+008,3.62765e+040
2.62742e+008,3.6278e+040
2.62829e+008,3.62796e+040
2.62915e+008,3.62811e+040
2.63002e+008,3.62827e+040
2.63088e+008,3.62842e+040
2.63174e+008,3.62858e+040
2.63261e+008,3.62873e+040
2.63347e+008,3.62889e+040
2.63434e+008,3.62904e+040
2.6352e+008,3.6292e+040
2.63606e+008,3.62935e+040
2.63693e+008,3.62951e+040
2.63779e+008,3.62966e+040
2.63866e+008,3.62982e+040
2.63952e+008,3.62997e+040
2.64038e+008,3.63013e+040
2.64125e+008,3.63028e+040
2.64211e+008,3.63044e+040
2.64298e+008,3.63059e+040
2.64384e+008,3.63074e+040
2.6447e+008,3.6309e+040
2.64557e+008,3.63105e+040
2.64643e+008,3.63121e+040
2.6473e+008,3.63136e+040
2.64816e+008,3.63151e+040
2.64902e+008,3.63167e+040
2.64989e+008,3.63182e+040
2.65075e+008,3.63198e+040
2.65162e+008,3.63213e+040
2.65248e+008,3.63228e+040
2.65334e+008,3.63244e+040
2.65421e+008,3.63259e+040
2.65507e+008,3.63275e+040
2.65594e+008,3.6329e+040
2.6568e+008,3.63305e+040
2.65766e+008,3.63321e+040
2.65853e+008,3.63336e+040
2.65939e+008,3.63351e+040
2.66026e+008,3.63367e+040
2.66112e+008,3.63382e+040
2.66198e+008,3.63397e+040
2.66285e+008,3.63413e+040
2.66371e+008,3.63428e+040
2.66458e+008,3.63443e+040
2.66544e+008,3.63459e+040
2.6663e+008,3.63474e+040
2.66717e+008,3.63489e+040
2.66803e+008,3.63505e+040
2.6689e+008,3.6352e+040
2.66976e+008,3.63535e+040
2.67062e+008,3.63551e+040
2.67149e+008,3.63566e+040
2.67235e+008,3.63581e+040
2.67322e+008,3.63597e+040
2.67408e+008,3.63612e+040
2.67494e+008,3.63627e+040
2.67581e+008,3.63643e+040
2.67667e+008,3.63658e+040
2.67754e+008,3.63673e+040
2.6784e+008,3.63688e+040
2.67926e+008,3.63704e+040
2.68013e+008,3.63719e+040
2.68099e+008,3.63734e+040
2.68186e+008,3.6375e+040
2.68272e+008,3.63765e+040
2.68358e+008,3.6378e+040
2.68445e+008,3.63795e+040
2.68531e+008,3.63811e+040
2.68618e+008,3.63826e+040
2.68704e+008,3.63841e+040
2.6879e+008,3.63857e+040
2.68877e+008,3.63872e+040
2.68963e+008,3.63887e+040
2.6905e+008,3.63902e+040
2.69136e+008,3.63918e+040
2.69222e+008,3.63933e+040
2.69309e+008,3.63948e+040
2.69395e+008,3.63963e+040
2.69482e+008,3.63979e+040
2.69568e+008,3.63994e+040
2.69654e+008,3.64009e+040
2.69741e+008,3.64024e+040
2.69827e+008,3.6404e+040
2.69914e+008,3.64055e+040
2.7e+008,3.6407e+040
2.70086e+008,3.64085e+040
2.70173e+008,3.64101e+040
2.70259e+008,3.64116e+040
2.70346e+008,3.64131e+040
2.70432e+008,3.64146e+040
2.70518e+008,3.64162e+040
2.70605e+008,3.64177e+040
2.70691e+008,3.64192e+040
2.70778e+008,3.64207e+040
2.70864e+008,3.64223e+040
2.7095e+008,3.64238e+040
2.71037e+008,3.64253e+040
2.71123e+008,3.64268e+040
2.7121e+008,3.64284e+040
2.71296e+008,3.64299e+040
2.71382e+008,3.64314e+040
2.71469e+008,3.64329e+040
2.71555e+008,3.64345e+040
2.71642e+008,3.6436e+040
2.71728e+008,3.64375e+040
2.71814e+008,3.6439e+040
2.71901e+008,3.64405e+040
2.71987e+008,3.64421e+040
2.72074e+008,3.64436e+040
2.7216e+008,3.64451e+040
2.72246e+008,3.64466e+040
2.72333e+008,3.64482e+040
2.72419e+008,3.64497e+040
2.72506e+008,3.64512e+040
2.72592e+008,3.64527e+040
2.72678e+008,3.64543e+040
2.72765e+008,3.64558e+040
2.72851e+008,3.64573e+040
2.72938e+008,3.64588e+040
2.73024e+008,3.64604e+040
2.7311e+008,3.64619e+040
2.73197e+008,3.64634e+040
2.73283e+008,3.64649e+040
2.7337e+008,3.64664e+040
2.73456e+008,3.6468e+040
2.73542e+008,3.64695e+040
2.73629e+008,3.6471e+040
2.73715e+008,3.64725e+040
2.73802e+008,3.64741e+040
2.73888e+008,3.64756e+040
2.73974e+008,3.64771e+040
2.74061e+008,3.64786e+040
2.74147e+008,3.64802e+040
2.74234e+008,3.64817e+040
2.7432e+008,3.64832e+040
2.74406e+008,3.64847e+040
2.74493e+008,3.64863e+040
2.74579e+008,3.64878e+040
2.74666e+008,3.64893e+040
2.74752e+008,3.64908e+040
2.74838e+008,3.64924e+040
2.74925e+008,3.64939e+040
2.75011e+008,3.64954e+040
2.75098e+008,3.6497e+040
2.75184e+008,3.64985e+040
2.7527e+008,3.65e+040
2.75357e+008,3.65015e+040
2.75443e+008,3.65031e+040
2.7553e+008,3.65046e+040
2.75616e+008,3.65061e+040
2.75702e+008,3.65076e+040
2.75789e+008,3.65092e+040
2.75875e+008,3.65107e+040
2.75962e+008,3.65122e+040
2.76048e+008,3.65138e+040
2.76134e+008,3.65153e+040
2.76221e+008,3.65168e+040
2.76307e+008,3.65183e+040
2.76394e+008,3.65199e+040
2.7648e+008,3.65214e+040
2.76566e+008,3.65229e+040
2.76653e+008,3.65245e+040
2.76739e+008,3.6526e+040
2.76826e+008,3.65275e+040
2.76912e+008,3.6529e+040
2.76998e+008,3.65306e+040
2.77085e+008,3.65321e+040
2.77171e+008,3.65336e+040
2.77258e+008,3.65352e+040
2.77344e+008,3.65367e+040
2.7743e+008,3.65382e+040
2.77517e+008,3.65398e+040
2.77603e+008,3.65413e+040
2.7769e+008,3.65428e+040
2.77776e+008,3.65444e+040
2.77862e+008,3.65459e+040
2.77949e+008,3.65474e+040
2.78035e+008,3.6549e+040
2.78122e+008,3.65505e+040
2.78208e+008,3.6552e+040
2.78294e+008,3.65536e+040
2.78381e+008,3.65551e+040
2.78467e+008,3.65566e+040
2.78554e+008,3.65582e+040
2.7864e+008,3.65597e+040
2.78726e+008,3.65612e+040
2.78813e+008,3.65628e+040
2.78899e+008,3.65643e+040
2.78986e+008,3.65658e+040
2.79072e+008,3.65674e+040
2.79158e+008,3.65689e+040
2.79245e+008,3.65705e+040
2.79331e+008,3.6572e+040
2.79418e+008,3.65735e+040
2.79504e+008,3.65751e+040
2.7959e+008,3.65766e+040
2.79677e+008,3.65782e+040
2.79763e+008,3.65797e+040
2.7985e+008,3.65812e+040
2.79936e+008,3.65828e+040
2.80022e+008,3.65843e+040
2.80109e+008,3.65859e+040
2.80195e+008,3.65874e+040
2.80282e+008,3.65889e+040
2.80368e+008,3.65905e+040
2.80454e+008,3.6592e+040
2.80541e+008,3.65936e+040
2.80627e+008,3.65951e+040
2.80714e+008,3.65966e+040
2.808e+008,3.65982e+040
2.80886e+008,3.65997e+040
2.80973e+008,3.66013e+040
2.81059e+008,3.66028e+040
2.81146e+008,3.66044e+040
2.81232e+008,3.66059e+040
2.81318e+008,3.66075e+040
2.81405e+008,3.6609e+040
2.81491e+008,3.66106e+040
2.81578e+008,3.66121e+040
2.81664e+008,3.66136e+040
2.8175e+008,3.66152e+040
2.81837e+008,3.66167e+040
2.81923e+008,3.66183e+040
2.8201e+008,3.66198e+040
2.82096e+008,3.66214e+040
2.82182e+008,3.66229e+040
2.82269e+008,3.66245e+040
2.82355e+008,3.6626e+040
2.82442e+008,3.66276e+040
2.82528e+008,3.66291e+040
2.82614e+008,3.66307e+040
2.82701e+008,3.66322e+040
2.82787e+008,3.66338e+040
2.82874e+008,3.66354e+040
2.8296e+008,3.66369e+040
2.83046e+008,3.66385e+040
2.83133e+008,3.664e+040
2.83219e+008,3.66416e+040
2.83306e+008,3.66431e+040
2.83392e+008,3.66447e+040
2.83478e+008,3.66462e+040
2.83565e+008,3.66478e+040
2.83651e+008,3.66494e+040
2.83738e+008,3.66509e+040
2.83824e+008,3.66525e+040
2.8391e+008,3.6654e+040
2.83997e+008,3.66556e+040
2.84083e+008,3.66571e+040
2.8417e+008,3.66587e+040
2.84256e+008,3.66603e+040
2.84342e+008,3.66618e+040
2.84429e+008,3.66634e+040
2.84515e+008,3.66649e+040
2.84602e+008,3.66665e+040
2.84688e+008,3.66681e+040
2.84774e+008,3.66696e+040
2.84861e+008,3.66712e+040
2.84947e+008,3.66728e+040
2.85034e+008,3.66743e+040
2.8512e+008,3.66759e+040
2.85206e+008,3.66774e+040
2.85293e+008,3.6679e+040
2.85379e+008,3.66806e+040
2.85466e+008,3.66821e+040
2.85552e+008,3.66837e+040
2.85638e+008,3.66853e+040
2.85725e+008,3.66868e+040
2.85811e+008,3.66884e+040
2.85898e+008,3.669e+040
2.85984e+008,3.66916e+040
2.8607e+008,3.66931e+040
2.86157e+008,3.66947e+040
2.86243e+008,3.66963e+040
2.8633e+008,3.66978e+040
2.86416e+008,3.66994e+040
2.86502e+008,3.6701e+040
2.86589e+008,3.67025e+040
2.86675e+008,3.67041e+040
2.86762e+008,3.67057e+040
2.86848e+008,3.67073e+040
2.86934e+008,3.67088e+040
2.87021e+008,3.67104e+040
2.87107e+008,3.6712e+040
2.87194e+008,3.67136e+040
2.8728e+008,3.67151e+040
2.87366e+008,3.67167e+040
2.87453e+008,3.67183e+040
2.87539e+008,3.67199e+040
2.87626e+008,3.67215e+040
2.87712e+008,3.6723e+040
2.87798e+008,3.67246e+040
2.87885e+008,3.67262e+040
2.87971e+008,3.67278e+040
2.88058e+008,3.67293e+040
2.88144e+008,3.67309e+040
2.8823e+008,3.67325e+040
2.88317e+008,3.67341e+040
2.88403e+008,3.67357e+040
2.8849e+008,3.67373e+040
2.88576e+008,3.67388e+040
2.88662e+008,3.67404e+040
2.88749e+008,3.6742e+040
2.88835e+008,3.67436e+040
2.88922e+008,3.67452e+040
2.89008e+008,3.67468e+040
2.89094e+008,3.67483e+040
2.89181e+008,3.67499e+040
2.89267e+008,3.67515e+040
2.89354e+008,3.67531e+040
2.8944e+008,3.67547e+040
2.89526e+008,3.67563e+040
2.89613e+008,3.67579e+040
2.89699e+008,3.67595e+040
2.89786e+008,3.6761e+040
2.89872e+008,3.67626e+040
2.89958e+008,3.67642e+040
2.90045e+008,3.67658e+040
2.90131e+008,3.67674e+040
2.90218e+008,3.6769e+040
2.90304e+008,3.67706e+040
2.9039e+008,3.67722e+040
2.90477e+008,3.67738e+040
2.90563e+008,3.67754e+040
2.9065e+008,3.6777e+040
2.90736e+008,3.67786e+040
2.90822e+008,3.67801e+040
2.90909e+008,3.67817e+040
2.90995e+008,3.67833e+040
2.91082e+008,3.67849e+040
2.91168e+008,3.67865e+040
2.91254e+008,3.67881e+040
2.91341e+008,3.67897e+040
2.91427e+008,3.67913e+040
2.91514e+008,3.67929e+040
2.916e+008,3.67945e+040
2.91686e+008,3.67961e+040
2.91773e+008,3.67977e+040
2.91859e+008,3.67993e+040
2.91946e+008,3.68009e+040
2.92032e+008,3.68025e+040
2.92118e+008,3.68041e+040
2.92205e+008,3.68057e+040
2.92291e+008,3.68073e+040
2.92378e+008,3.68089e+040
2.92464e+008,3.68105e+040
2.9255e+008,3.68121e+040
2.92637e+008,3.68137e+040
2.92723e+008,3.68153e+040
2.9281e+008,3.68169e+040
2.92896e+008,3.68186e+040
2.92982e+008,3.68202e+040
2.93069e+008,3.68218e+040
2.93155e+008,3.68234e+040
2.93242e+008,3.6825e+040
2.93328e+008,3.68266e+040
2.93414e+008,3.68282e+040
2.93501e+008,3.68298e+040
2.93587e+008,3.68314e+040
2.93674e+008,3.6833e+040
2.9376e+008,3.68346e+040
2.93846e+008,3.68362e+040
2.93933e+008,3.68378e+040
2.94019e+008,3.68394e+040
2.94106e+008,3.68411e+040
2.94192e+008,3.68427e+040
2.94278e+008,3.68443e+040
2.94365e+008,3.68459e+040
2.94451e+008,3.68475e+040
2.94538e+008,3.68491e+040
2.94624e+008,3.68507e+040
2.9471e+008,3.68523e+040
2.94797e+008,3.6854e+040
2.94883e+008,3.68556e+040
2.9497e+008,3.68572e+040
2.95056e+008,3.68588e+040
2.95142e+008,3.68604e+040
2.95229e+008,3.6862e+040
2.95315e+008,3.68636e+040
2.95402e+008,3.68653e+040
2.95488e+008,3.68669e+040
2.95574e+008,3.68685e+040
2.95661e+008,3.68701e+040
2.95747e+008,3.68717e+040
2.95834e+008,3.68733e+040
2.9592e+008,3.6875e+040
2.96006e+008,3.68766e+040
2.96093e+008,3.68782e+040
2.96179e+008,3.68798e+040
2.96266e+008,3.68814e+040
2.96352e+008,3.6883e+040
2.96438e+008,3.68847e+040
2.96525e+008,3.68863e+040
2.96611e+008,3.68879e+040
2.96698e+008,3.68895e+040
2.96784e+008,3.68911e+040
2.9687e+008,3.68928e+040
2.96957e+008,3.68944e+040
2.97043e+008,3.6896e+040
2.9713e+008,3.68976e+040
2.97216e+008,3.68992e+040
2.97302e+008,3.69009e+040
2.97389e+008,3.69025e+040
2.97475e+008,3.69041e+040
2.97562e+008,3.69057e+040
2.97648e+008,3.69074e+040
2.97734e+008,3.6909e+040
2.97821e+008,3.69106e+040
2.97907e+008,3.69122e+040
2.97994e+008,3.69138e+040
2.9808e+008,3.69155e+040
2.98166e+008,3.69171e+040
2.98253e+008,3.69187e+040
2.98339e+008,3.69203e+040
2.98426e+008,3.6922e+040
2.98512e+008,3.69236e+040
2.98598e+008,3.69252e+040
2.98685e+008,3.69268e+040
2.98771e+008,3.69285e+040
2.98858e+008,3.69301e+040
2.98944e+008,3.69317e+040
2.9903e+008,3.69333e+040
2.99117e+008,3.6935e+040
2.99203e+008,3.69366e+040
2.9929e+008,3.69382e+040
2.99376e+008,3.69399e+040
2.99462e+008,3.69415e+040
2.99549e+008,3.69431e+040
2.99635e+008,3.69447e+040
2.99722e+008,3.69464e+040
2.99808e+008,3.6948e+040
2.99894e+008,3.69496e+040
2.99981e+008,3.69512e+040
3.00067e+008,3.69529e+040
3.00154e+008,3.69545e+040
3.0024e+008,3.69561e+040
3.00326e+008,3.69578e+040
3.00413e+008,3.69594e+040
3.00499e+008,3.6961e+040
3.00586e+008,3.69626e+040
3.00672e+008,3.69643e+040
3.00758e+008,3.69659e+040
3.00845e+008,3.69675e+040
3.00931e+008,3.69691e+040
3.01018e+008,3.69708e+040
3.01104e+008,3.69724e+040
3.0119e+008,3.6974e+040
3.01277e+008,3.69757e+040
3.01363e+008,3.69773e+040
3.0145e+008,3.69789e+040
3.01536e+008,3.69805e+040
3.01622e+008,3.69822e+040
3.01709e+008,3.69838e+040
3.01795e+008,3.69854e+040
3.01882e+008,3.69871e+040
3.01968e+008,3.69887e+040
3.02054e+008,3.69903e+040
3.02141e+008,3.69919e+040
3.02227e+008,3.69936e+040
3.02314e+008,3.69952e+040
3.024e+008,3.69968e+040
3.02486e+008,3.69985e+040
3.02573e+008,3.70001e+040
3.02659e+008,3.70017e+040
3.02746e+008,3.70033e+040
3.02832e+008,3.7005e+040
3.02918e+008,3.70066e+040
3.03005e+008,3.70082e+040
3.03091e+008,3.70099e+040
3.03178e+008,3.70115e+040
3.03264e+008,3.70131e+040
3.0335e+008,3.70147e+040
3.03437e+008,3.70164e+040
3.03523e+008,3.7018e+040
3.0361e+008,3.70196e+040
3.03696e+008,3.70213e+040
3.03782e+008,3.70229e+040
3.03869e+008,3.70245e+040
3.03955e+008,3.70261e+040
3.04042e+008,3.70278e+040
3.04128e+008,3.70294e+040
3.04214e+008,3.7031e+040
3.04301e+008,3.70327e+040
3.04387e+008,3.70343e+040
3.04474e+008,3.70359e+040
3.0456e+008,3.70375e+040
3.04646e+008,3.70392e+040
3.04733e+008,3.70408e+040
3.04819e+008,3.70424e+040
3.04906e+008,3.7044e+040
3.04992e+008,3.70457e+040
3.05078e+008,3.70473e+040
3.05165e+008,3.70489e+040
3.05251e+008,3.70505e+040
3.05338e+008,3.70522e+040
3.05424e+008,3.70538e+040
3.0551e+008,3.70554e+040
3.05597e+008,3.7057e+040
3.05683e+008,3.70587e+040
3.0577e+008,3.70603e+040
3.05856e+008,3.70619e+040
3.05942e+008,3.70635e+040
3.06029e+008,3.70652e+040
3.06115e+008,3.70668e+040
3.06202e+008,3.70684e+040
3.06288e+008,3.707e+040
3.06374e+008,3.70716e+040
3.06461e+008,3.70733e+040
3.06547e+008,3.70749e+040
3.06634e+008,3.70765e+040
3.0672e+008,3.70781e+040
3.06806e+008,3.70798e+040
3.06893e+008,3.70814e+040
3.06979e+008,3.7083e+040
3.07066e+008,3.70846e+040
3.07152e+008,3.70862e+040
3.07238e+008,3.70879e+040
3.07325e+008,3.70895e+040
3.07411e+008,3.70911e+040
3.07498e+008,3.70927e+040
3.07584e+008,3.70943e+040
3.0767e+008,3.70959e+040
3.07757e+008,3.70976e+040
3.07843e+008,3.70992e+040
3.0793e+008,3.71008e+040
3.08016e+008,3.71024e+040
3.08102e+008,3.7104e+040
3.08189e+008,3.71056e+040
3.08275e+008,3.71073e+040
3.08362e+008,3.71089e+040
3.08448e+008,3.71105e+040
3.08534e+008,3.71121e+040
3.08621e+008,3.71137e+040
3.08707e+008,3.71153e+040
3.08794e+008,3.71169e+040
3.0888e+008,3.71186e+040
3.08966e+008,3.71202e+040
3.09053e+008,3.71218e+040
3.09139e+008,3.71234e+040
3.09226e+008,3.7125e+040
3.09312e+008,3.71266e+040
3.09398e+008,3.71282e+040
3.09485e+008,3.71298e+040
3.09571e+008,3.71314e+040
3.09658e+008,3.7133e+040
3.09744e+008,3.71347e+040
3.0983e+008,3.71363e+040
3.09917e+008,3.71379e+040
3.10003e+008,3.71395e+040
3.1009e+008,3.71411e+040
3.10176e+008,3.71427e+040
3.10262e+008,3.71443e+040
3.10349e+008,3.71459e+040
3.10435e+008,3.71475e+040
3.10522e+008,3.71491e+040
3.10608e+008,3.71507e+040
3.10694e+008,3.71523e+040
3.10781e+008,3.71539e+040
3.10867e+008,3.71555e+040
3.10954e+008,3.71571e+040
3.1104e+008,3.71587e+040
3.11126e+008,3.71603e+040
3.11213e+008,3.71619e+040
3.11299e+008,3.71635e+040
3.11386e+008,3.71651e+040
3.11472e+008,3.71667e+040
3.11558e+008,3.71683e+040
3.11645e+008,3.71699e+040
3.11731e+008,3.71715e+040
3.11818e+008,3.71731e+040
3.11904e+008,3.71747e+040
3.1199e+008,3.71763e+040
3.12077e+008,3.71779e+040
3.12163e+008,3.71795e+040
3.1225e+008,3.71811e+040
3.12336e+008,3.71826e+040
3.12422e+008,3.71842e+040
3.12509e+008,3.71858e+040
3.12595e+008,3.71874e+040
3.12682e+008,3.7189e+040
3.12768e+008,3.71906e+040
3.12854e+008,3.71922e+040
3.12941e+008,3.71938e+040
3.13027e+008,3.71954e+040
3.13114e+008,3.71969e+040
3.132e+008,3.71985e+040
3.13286e+008,3.72001e+040
3.13373e+008,3.72017e+040
3.13459e+008,3.72033e+040
3.13546e+008,3.72049e+040
3.13632e+008,3.72064e+040
3.13718e+008,3.7208e+040
3.13805e+008,3.72096e+040
3.13891e+008,3.72112e+040
3.13978e+008,3.72128e+040
3.14064e+008,3.72143e+040
3.1415e+008,3.72159e+040
3.14237e+008,3.72175e+040
3.14323e+008,3.72191e+040
3.1441e+008,3.72206e+040
3.14496e+008,3.72222e+040
3.14582e+008,3.72238e+040
3.14669e+008,3.72254e+040
3.14755e+008,3.72269e+040
3.14842e+008,3.72285e+040
3.14928e+008,3.72301e+040
3.15014e+008,3.72317e+040
3.15101e+008,3.72332e+040
3.15187e+008,3.72348e+040
3.15274e+008,3.72364e+040
3.1536e+008,3.72379e+040
3.15446e+008,3.72395e+040
3.15533e+008,3.72411e+040
3.15619e+008,3.72426e+040
