0,-2.64959e+033,-2.53017e-098
86400,-2.64802e+033,-2.53017e-098
172800,-2.64646e+033,-2.53017e-098
259200,-2.64489e+033,-2.53017e-098
345600,-2.64332e+033,-2.53017e-098
432000,-2.64176e+033,-2.53017e-098
518400,-2.64019e+033,-2.53017e-098
604800,-2.63863e+033,-2.53017e-098
691200,-2.63706e+033,-2.53017e-098
777600,-2.6355e+033,-2.53017e-098
864000,-2.63394e+033,-2.53017e-098
950400,-2.63237e+033,-2.53017e-098
1.0368e+006,-2.63081e+033,-2.53017e-098
1.1232e+006,-2.62925e+033,-2.53017e-098
1.2096e+006,-2.62769e+033,-2.53017e-098
1.296e+006,-2.62613e+033,-2.53017e-098
1.3824e+006,-2.62457e+033,-2.53017e-098
1.4688e+006,-2.62301e+033,-2.53017e-098
1.5552e+006,-2.62146e+033,-2.53017e-098
1.6416e+006,-2.6199e+033,-2.53017e-098
1.728e+006,-2.61834e+033,-2.53017e-098
1.8144e+006,-2.61679e+033,-2.53017e-098
1.9008e+006,-2.61523e+033,-2.53017e-098
1.9872e+006,-2.61368e+033,-2.53017e-098
2.0736e+006,-2.61213e+033,-2.53017e-098
2.16e+006,-2.61057e+033,-2.53017e-098
2.2464e+006,-2.60902e+033,-2.53017e-098
2.3328e+006,-2.60747e+033,-2.53017e-098
2.4192e+006,-2.60592e+033,-2.53017e-098
2.5056e+006,-2.60437e+033,-2.53017e-098
2.592e+006,-2.60282e+033,-2.53017e-098
2.6784e+006,-2.60128e+033,-2.53017e-098
2.7648e+006,-2.59973e+033,-2.53017e-098
2.8512e+006,-2.59819e+033,-2.53017e-098
2.9376e+006,-2.59664e+033,-2.53017e-098
3.024e+006,-2.5951e+033,-2.53017e-098
3.1104e+006,-2.59356e+033,-2.53017e-098
3.1968e+006,-2.59202e+033,-2.53017e-098
3.2832e+006,-2.59048e+033,-2.53017e-098
3.3696e+006,-2.58894e+033,-2.53017e-098
3.456e+006,-2.5874e+033,-2.53017e-098
3.5424e+006,-2.58586e+033,-2.53017e-098
3.6288e+006,-2.58433e+033,-2.53017e-098
3.7152e+006,-2.58279e+033,-2.53017e-098
3.8016e+006,-2.58126e+033,-2.53017e-098
3.888e+006,-2.57973e+033,-2.53017e-098
3.9744e+006,-2.5782e+033,-2.53017e-098
4.0608e+006,-2.57667e+033,-2.53017e-098
4.1472e+006,-2.57515e+033,-2.53017e-098
4.2336e+006,-2.57362e+033,-2.53017e-098
4.32e+006,-2.5721e+033,-2.53017e-098
4.4064e+006,-2.57058e+033,-2.53017e-098
4.4928e+006,-2.56906e+033,-2.53017e-098
4.5792e+006,-2.56754e+033,-2.53017e-098
4.6656e+006,-2.56602e+033,-2.53017e-098
4.752e+006,-2.5645e+033,-2.53017e-098
4.8384e+006,-2.56299e+033,-2.53017e-098
4.9248e+006,-2.56148e+033,-2.53017e-098
5.0112e+006,-2.55997e+033,-2.53017e-098
5.0976e+006,-2.55846e+033,-2.53017e-098
5.184e+006,-2.55695e+033,-2.53017e-098
5.2704e+006,-2.55545e+033,-2.53017e-098
5.3568e+006,-2.55395e+033,-2.53017e-098
5.4432e+006,-2.55244e+033,-2.53017e-098
5.5296e+006,-2.55095e+033,-2.53017e-098
5.616e+006,-2.54945e+033,-2.53017e-098
5.7024e+006,-2.54796e+033,-2.53017e-098
5.7888e+006,-2.54646e+033,-2.53017e-098
5.8752e+006,-2.54497e+033,-2.53017e-098
5.9616e+006,-2.54349e+033,-2.53017e-098
6.048e+006,-2.542e+033,-2.53017e-098
6.1344e+006,-2.54052e+033,-2.53017e-098
6.2208e+006,-2.53904e+033,-2.53017e-098
6.3072e+006,-2.53756e+033,-2.53017e-098
6.3936e+006,-2.53608e+033,-2.53017e-098
6.48e+006,-2.53461e+033,-2.53017e-098
6.5664e+006,-2.53314e+033,-2.53017e-098
6.6528e+006,-2.53167e+033,-2.53017e-098
6.7392e+006,-2.5302e+033,-2.53017e-098
6.8256e+006,-2.52874e+033,-2.53017e-098
6.912e+006,-2.52728e+033,-2.53017e-098
6.9984e+006,-2.52582e+033,-2.53017e-098
7.0848e+006,-2.52437e+033,-2.53017e-098
7.1712e+006,-2.52292e+033,-2.53017e-098
7.2576e+006,-2.52147e+033,-2.53017e-098
7.344e+006,-2.52002e+033,-2.53017e-098
7.4304e+006,-2.51858e+033,-2.53017e-098
7.5168e+006,-2.51714e+033,-2.53017e-098
7.6032e+006,-2.5157e+033,-2.53017e-098
7.6896e+006,-2.51427e+033,-2.53017e-098
7.776e+006,-2.51284e+033,-2.53017e-098
7.8624e+006,-2.51141e+033,-2.53017e-098
7.9488e+006,-2.50998e+033,-2.53017e-098
8.0352e+006,-2.50856e+033,-2.53017e-098
8.1216e+006,-2.50714e+033,-2.53017e-098
8.208e+006,-2.50573e+033,-2.53017e-098
8.2944e+006,-2.50431e+033,-2.53017e-098
8.3808e+006,-2.5029e+033,-2.53017e-098
8.4672e+006,-2.5015e+033,-2.53017e-098
8.5536e+006,-2.5001e+033,-2.53017e-098
8.64e+006,-2.4987e+033,-2.53017e-098
8.7264e+006,-2.4973e+033,-2.53017e-098
8.8128e+006,-2.49591e+033,-2.53017e-098
8.8992e+006,-2.49452e+033,-2.53017e-098
8.9856e+006,-2.49314e+033,-2.53017e-098
9.072e+006,-2.49176e+033,-2.53017e-098
9.1584e+006,-2.49038e+033,-2.53017e-098
9.2448e+006,-2.48901e+033,-2.53017e-098
9.3312e+006,-2.48763e+033,-2.53017e-098
9.4176e+006,-2.48627e+033,-2.53017e-098
9.504e+006,-2.48491e+033,-2.53017e-098
9.5904e+006,-2.48355e+033,-2.53017e-098
9.6768e+006,-2.48219e+033,-2.53017e-098
9.7632e+006,-2.48084e+033,-2.53017e-098
9.8496e+006,-2.47949e+033,-2.53017e-098
9.936e+006,-2.47815e+033,-2.53017e-098
1.00224e+007,-2.47681e+033,-2.53017e-098
1.01088e+007,-2.47547e+033,-2.53017e-098
1.01952e+007,-2.47414e+033,-2.53017e-098
1.02816e+007,-2.47281e+033,-2.53017e-098
1.0368e+007,-2.47148e+033,-2.53017e-098
1.04544e+007,-2.47016e+033,-2.53017e-098
1.05408e+007,-2.46885e+033,-2.53017e-098
1.06272e+007,-2.46753e+033,-2.53017e-098
1.07136e+007,-2.46622e+033,-2.53017e-098
1.08e+007,-2.46492e+033,-2.53017e-098
1.08864e+007,-2.46362e+033,-2.53017e-098
1.09728e+007,-2.46232e+033,-2.53017e-098
1.10592e+007,-2.46103e+033,-2.53017e-098
1.11456e+007,-2.45974e+033,-2.53017e-098
1.1232e+007,-2.45846e+033,-2.53017e-098
1.13184e+007,-2.45718e+033,-2.53017e-098
1.14048e+007,-2.4559e+033,-2.53017e-098
1.14912e+007,-2.45463e+033,-2.53017e-098
1.15776e+007,-2.45336e+033,-2.53017e-098
1.1664e+007,-2.4521e+033,-2.53017e-098
1.17504e+007,-2.45084e+033,-2.53017e-098
1.18368e+007,-2.44958e+033,-2.53017e-098
1.19232e+007,-2.44833e+033,-2.53017e-098
1.20096e+007,-2.44708e+033,-2.53017e-098
1.2096e+007,-2.44584e+033,-2.53017e-098
1.21824e+007,-2.4446e+033,-2.53017e-098
1.22688e+007,-2.44336e+033,-2.53017e-098
1.23552e+007,-2.44213e+033,-2.53017e-098
1.24416e+007,-2.44091e+033,-2.53017e-098
1.2528e+007,-2.43969e+033,-2.53017e-098
1.26144e+007,-2.43847e+033,-2.53017e-098
1.27008e+007,-2.43725e+033,-2.53017e-098
1.27872e+007,-2.43604e+033,-2.53017e-098
1.28736e+007,-2.43484e+033,-2.53017e-098
1.296e+007,-2.43364e+033,-2.53017e-098
1.30464e+007,-2.43244e+033,-2.53017e-098
1.31328e+007,-2.43125e+033,-2.53017e-098
1.32192e+007,-2.43006e+033,-2.53017e-098
1.33056e+007,-2.42888e+033,-2.53017e-098
1.3392e+007,-2.42769e+033,-2.53017e-098
1.34784e+007,-2.42652e+033,-2.53017e-098
1.35648e+007,-2.42535e+033,-2.53017e-098
1.36512e+007,-2.42418e+033,-2.53017e-098
1.37376e+007,-2.42302e+033,-2.53017e-098
1.3824e+007,-2.42186e+033,-2.53017e-098
1.39104e+007,-2.4207e+033,-2.53017e-098
1.39968e+007,-2.41955e+033,-2.53017e-098
1.40832e+007,-2.4184e+033,-2.53017e-098
1.41696e+007,-2.41726e+033,-2.53017e-098
1.4256e+007,-2.41612e+033,-2.53017e-098
1.43424e+007,-2.41499e+033,-2.53017e-098
1.44288e+007,-2.41386e+033,-2.53017e-098
1.45152e+007,-2.41273e+033,-2.53017e-098
1.46016e+007,-2.41161e+033,-2.53017e-098
1.4688e+007,-2.41049e+033,-2.53017e-098
1.47744e+007,-2.40937e+033,-2.53017e-098
1.48608e+007,-2.40826e+033,-2.53017e-098
1.49472e+007,-2.40716e+033,-2.53017e-098
1.50336e+007,-2.40606e+033,-2.53017e-098
1.512e+007,-2.40496e+033,-2.53017e-098
1.52064e+007,-2.40386e+033,-2.53017e-098
1.52928e+007,-2.40277e+033,-2.53017e-098
1.53792e+007,-2.40169e+033,-2.53017e-098
1.54656e+007,-2.4006e+033,-2.53017e-098
1.5552e+007,-2.39953e+033,-2.53017e-098
1.56384e+007,-2.39845e+033,-2.53017e-098
1.57248e+007,-2.39738e+033,-2.53017e-098
1.58112e+007,-2.39631e+033,-2.53017e-098
1.58976e+007,-2.39525e+033,-2.53017e-098
1.5984e+007,-2.39419e+033,-2.53017e-098
1.60704e+007,-2.39314e+033,-2.53017e-098
1.61568e+007,-2.39209e+033,-2.53017e-098
1.62432e+007,-2.39104e+033,-2.53017e-098
1.63296e+007,-2.38999e+033,-2.53017e-098
1.6416e+007,-2.38895e+033,-2.53017e-098
1.65024e+007,-2.38792e+033,-2.53017e-098
1.65888e+007,-2.38688e+033,-2.53017e-098
1.66752e+007,-2.38585e+033,-2.53017e-098
1.67616e+007,-2.38483e+033,-2.53017e-098
1.6848e+007,-2.38381e+033,-2.53017e-098
1.69344e+007,-2.38279e+033,-2.53017e-098
1.70208e+007,-2.38177e+033,-2.53017e-098
1.71072e+007,-2.38076e+033,-2.53017e-098
1.71936e+007,-2.37976e+033,-2.53017e-098
1.728e+007,-2.37875e+033,-2.53017e-098
1.73664e+007,-2.37775e+033,-2.53017e-098
1.74528e+007,-2.37675e+033,-2.53017e-098
1.75392e+007,-2.37576e+033,-2.53017e-098
1.76256e+007,-2.37477e+033,-2.53017e-098
1.7712e+007,-2.37378e+033,-2.53017e-098
1.77984e+007,-2.3728e+033,-2.53017e-098
1.78848e+007,-2.37182e+033,-2.53017e-098
1.79712e+007,-2.37084e+033,-2.53017e-098
1.80576e+007,-2.36987e+033,-2.53017e-098
1.8144e+007,-2.3689e+033,-2.53017e-098
1.82304e+007,-2.36793e+033,-2.53017e-098
1.83168e+007,-2.36697e+033,-2.53017e-098
1.84032e+007,-2.36601e+033,-2.53017e-098
1.84896e+007,-2.36505e+033,-2.53017e-098
1.8576e+007,-2.3641e+033,-2.53017e-098
1.86624e+007,-2.36315e+033,-2.53017e-098
1.87488e+007,-2.3622e+033,-2.53017e-098
1.88352e+007,-2.36126e+033,-2.53017e-098
1.89216e+007,-2.36031e+033,-2.53017e-098
1.9008e+007,-2.35938e+033,-2.53017e-098
1.90944e+007,-2.35844e+033,-2.53017e-098
1.91808e+007,-2.35751e+033,-2.53017e-098
1.92672e+007,-2.35658e+033,-2.53017e-098
1.93536e+007,-2.35565e+033,-2.53017e-098
1.944e+007,-2.35473e+033,-2.53017e-098
1.95264e+007,-2.35381e+033,-2.53017e-098
1.96128e+007,-2.35289e+033,-2.53017e-098
1.96992e+007,-2.35198e+033,-2.53017e-098
1.97856e+007,-2.35107e+033,-2.53017e-098
1.9872e+007,-2.35016e+033,-2.53017e-098
1.99584e+007,-2.34925e+033,-2.53017e-098
2.00448e+007,-2.34835e+033,-2.53017e-098
2.01312e+007,-2.34745e+033,-2.53017e-098
2.02176e+007,-2.34655e+033,-2.53017e-098
2.0304e+007,-2.34565e+033,-2.53017e-098
2.03904e+007,-2.34476e+033,-2.53017e-098
2.04768e+007,-2.34387e+033,-2.53017e-098
2.05632e+007,-2.34298e+033,-2.53017e-098
2.06496e+007,-2.3421e+033,-2.53017e-098
2.0736e+007,-2.34121e+033,-2.53017e-098
2.08224e+007,-2.34033e+033,-2.53017e-098
2.09088e+007,-2.33946e+033,-2.53017e-098
2.09952e+007,-2.33858e+033,-2.53017e-098
2.10816e+007,-2.33771e+033,-2.53017e-098
2.1168e+007,-2.33684e+033,-2.53017e-098
2.12544e+007,-2.33597e+033,-2.53017e-098
2.13408e+007,-2.33511e+033,-2.53017e-098
2.14272e+007,-2.33424e+033,-2.53017e-098
2.15136e+007,-2.33338e+033,-2.53017e-098
2.16e+007,-2.33252e+033,-2.53017e-098
2.16864e+007,-2.33167e+033,-2.53017e-098
2.17728e+007,-2.33082e+033,-2.53017e-098
2.18592e+007,-2.32996e+033,-2.53017e-098
2.19456e+007,-2.32911e+033,-2.53017e-098
2.2032e+007,-2.32827e+033,-2.53017e-098
2.21184e+007,-2.32742e+033,-2.53017e-098
2.22048e+007,-2.32658e+033,-2.53017e-098
2.22912e+007,-2.32574e+033,-2.53017e-098
2.23776e+007,-2.3249e+033,-2.53017e-098
2.2464e+007,-2.32406e+033,-2.53017e-098
2.25504e+007,-2.32323e+033,-2.53017e-098
2.26368e+007,-2.3224e+033,-2.53017e-098
2.27232e+007,-2.32157e+033,-2.53017e-098
2.28096e+007,-2.32074e+033,-2.53017e-098
2.2896e+007,-2.31991e+033,-2.53017e-098
2.29824e+007,-2.31909e+033,-2.53017e-098
2.30688e+007,-2.31826e+033,-2.53017e-098
2.31552e+007,-2.31744e+033,-2.53017e-098
2.32416e+007,-2.31663e+033,-2.53017e-098
2.3328e+007,-2.31581e+033,-2.53017e-098
2.34144e+007,-2.31499e+033,-2.53017e-098
2.35008e+007,-2.31418e+033,-2.53017e-098
2.35872e+007,-2.31337e+033,-2.53017e-098
2.36736e+007,-2.31256e+033,-2.53017e-098
2.376e+007,-2.31175e+033,-2.53017e-098
2.38464e+007,-2.31094e+033,-2.53017e-098
2.39328e+007,-2.31014e+033,-2.53017e-098
2.40192e+007,-2.30933e+033,-2.53017e-098
2.41056e+007,-2.30853e+033,-2.53017e-098
2.4192e+007,-2.30773e+033,-2.53017e-098
2.42784e+007,-2.30693e+033,-2.53017e-098
2.43648e+007,-2.30614e+033,-2.53017e-098
2.44512e+007,-2.30534e+033,-2.53017e-098
2.45376e+007,-2.30455e+033,-2.53017e-098
2.4624e+007,-2.30375e+033,-2.53017e-098
2.47104e+007,-2.30296e+033,-2.53017e-098
2.47968e+007,-2.30217e+033,-2.53017e-098
2.48832e+007,-2.30139e+033,-2.53017e-098
2.49696e+007,-2.3006e+033,-2.53017e-098
2.5056e+007,-2.29981e+033,-2.53017e-098
2.51424e+007,-2.29903e+033,-2.53017e-098
2.52288e+007,-2.29825e+033,-2.53017e-098
2.53152e+007,-2.29746e+033,-2.53017e-098
2.54016e+007,-2.29668e+033,-2.53017e-098
2.5488e+007,-2.29591e+033,-2.53017e-098
2.55744e+007,-2.29513e+033,-2.53017e-098
2.56608e+007,-2.29435e+033,-2.53017e-098
2.57472e+007,-2.29358e+033,-2.53017e-098
2.58336e+007,-2.2928e+033,-2.53017e-098
2.592e+007,-2.29203e+033,-2.53017e-098
2.60064e+007,-2.29126e+033,-2.53017e-098
2.60928e+007,-2.29049e+033,-2.53017e-098
2.61792e+007,-2.28972e+033,-2.53017e-098
2.62656e+007,-2.28895e+033,-2.53017e-098
2.6352e+007,-2.28818e+033,-2.53017e-098
2.64384e+007,-2.28742e+033,-2.53017e-098
2.65248e+007,-2.28665e+033,-2.53017e-098
2.66112e+007,-2.28589e+033,-2.53017e-098
2.66976e+007,-2.28512e+033,-2.53017e-098
2.6784e+007,-2.28436e+033,-2.53017e-098
2.68704e+007,-2.2836e+033,-2.53017e-098
2.69568e+007,-2.28284e+033,-2.53017e-098
2.70432e+007,-2.28208e+033,-2.53017e-098
2.71296e+007,-2.28132e+033,-2.53017e-098
2.7216e+007,-2.28056e+033,-2.53017e-098
2.73024e+007,-2.27981e+033,-2.53017e-098
2.73888e+007,-2.27905e+033,-2.53017e-098
2.74752e+007,-2.2783e+033,-2.53017e-098
2.75616e+007,-2.27754e+033,-2.53017e-098
2.7648e+007,-2.27679e+033,-2.53017e-098
2.77344e+007,-2.27604e+033,-2.53017e-098
2.78208e+007,-2.27528e+033,-2.53017e-098
2.79072e+007,-2.27453e+033,-2.53017e-098
2.79936e+007,-2.27378e+033,-2.53017e-098
2.808e+007,-2.27303e+033,-2.53017e-098
2.81664e+007,-2.27228e+033,-2.53017e-098
2.82528e+007,-2.27153e+033,-2.53017e-098
2.83392e+007,-2.27079e+033,-2.53017e-098
2.84256e+007,-2.27004e+033,-2.53017e-098
2.8512e+007,-2.26929e+033,-2.53017e-098
2.85984e+007,-2.26855e+033,-2.53017e-098
2.86848e+007,-2.2678e+033,-2.53017e-098
2.87712e+007,-2.26706e+033,-2.53017e-098
2.88576e+007,-2.26631e+033,-2.53017e-098
2.8944e+007,-2.26557e+033,-2.53017e-098
2.90304e+007,-2.26483e+033,-2.53017e-098
2.91168e+007,-2.26408e+033,-2.53017e-098
2.92032e+007,-2.26334e+033,-2.53017e-098
2.92896e+007,-2.2626e+033,-2.53017e-098
2.9376e+007,-2.26186e+033,-2.53017e-098
2.94624e+007,-2.26112e+033,-2.53017e-098
2.95488e+007,-2.26038e+033,-2.53017e-098
2.96352e+007,-2.25964e+033,-2.53017e-098
2.97216e+007,-2.2589e+033,-2.53017e-098
2.9808e+007,-2.25816e+033,-2.53017e-098
2.98944e+007,-2.25742e+033,-2.53017e-098
2.99808e+007,-2.25668e+033,-2.53017e-098
3.00672e+007,-2.25594e+033,-2.53017e-098
3.01536e+007,-2.2552e+033,-2.53017e-098
3.024e+007,-2.25447e+033,-2.53017e-098
3.03264e+007,-2.25373e+033,-2.53017e-098
3.04128e+007,-2.25299e+033,-2.53017e-098
3.04992e+007,-2.25225e+033,-2.53017e-098
3.05856e+007,-2.25152e+033,-2.53017e-098
3.0672e+007,-2.25078e+033,-2.53017e-098
3.07584e+007,-2.25004e+033,-2.53017e-098
3.08448e+007,-2.24931e+033,-2.53017e-098
3.09312e+007,-2.24857e+033,-2.53017e-098
3.10176e+007,-2.24784e+033,-2.53017e-098
3.1104e+007,-2.2471e+033,-2.53017e-098
3.11904e+007,-2.24637e+033,-2.53017e-098
3.12768e+007,-2.24563e+033,-2.53017e-098
3.13632e+007,-2.2449e+033,-2.53017e-098
3.14496e+007,-2.24416e+033,-2.53017e-098
3.1536e+007,-2.24343e+033,-2.53017e-098
3.16224e+007,-2.24269e+033,-2.53017e-098
3.17088e+007,-2.24196e+033,-2.53017e-098
3.17952e+007,-2.24122e+033,-2.53017e-098
3.18816e+007,-2.24049e+033,-2.53017e-098
3.1968e+007,-2.23976e+033,-2.53017e-098
3.20544e+007,-2.23902e+033,-2.53017e-098
3.21408e+007,-2.23829e+033,-2.53017e-098
3.22272e+007,-2.23755e+033,-2.53017e-098
3.23136e+007,-2.23682e+033,-2.53017e-098
3.24e+007,-2.23609e+033,-2.53017e-098
3.24864e+007,-2.23535e+033,-2.53017e-098
3.25728e+007,-2.23462e+033,-2.53017e-098
3.26592e+007,-2.23388e+033,-2.53017e-098
3.27456e+007,-2.23315e+033,-2.53017e-098
3.2832e+007,-2.23241e+033,-2.53017e-098
3.29184e+007,-2.23168e+033,-2.53017e-098
3.30048e+007,-2.23095e+033,-2.53017e-098
3.30912e+007,-2.23021e+033,-2.53017e-098
3.31776e+007,-2.22948e+033,-2.53017e-098
3.3264e+007,-2.22874e+033,-2.53017e-098
3.33504e+007,-2.22801e+033,-2.53017e-098
3.34368e+007,-2.22727e+033,-2.53017e-098
3.35232e+007,-2.22654e+033,-2.53017e-098
3.36096e+007,-2.2258e+033,-2.53017e-098
3.3696e+007,-2.22507e+033,-2.53017e-098
3.37824e+007,-2.22433e+033,-2.53017e-098
3.38688e+007,-2.2236e+033,-2.53017e-098
3.39552e+007,-2.22286e+033,-2.53017e-098
3.40416e+007,-2.22212e+033,-2.53017e-098
3.4128e+007,-2.22139e+033,-2.53017e-098
3.42144e+007,-2.22065e+033,-2.53017e-098
3.43008e+007,-2.21992e+033,-2.53017e-098
3.43872e+007,-2.21918e+033,-2.53017e-098
3.44736e+007,-2.21844e+033,-2.53017e-098
3.456e+007,-2.21771e+033,-2.53017e-098
3.46464e+007,-2.21697e+033,-2.53017e-098
3.47328e+007,-2.21623e+033,-2.53017e-098
3.48192e+007,-2.21549e+033,-2.53017e-098
3.49056e+007,-2.21476e+033,-2.53017e-098
3.4992e+007,-2.21402e+033,-2.53017e-098
3.50784e+007,-2.21328e+033,-2.53017e-098
3.51648e+007,-2.21254e+033,-2.53017e-098
3.52512e+007,-2.2118e+033,-2.53017e-098
3.53376e+007,-2.21106e+033,-2.53017e-098
3.5424e+007,-2.21032e+033,-2.53017e-098
3.55104e+007,-2.20958e+033,-2.53017e-098
3.55968e+007,-2.20884e+033,-2.53017e-098
3.56832e+007,-2.2081e+033,-2.53017e-098
3.57696e+007,-2.20736e+033,-2.53017e-098
3.5856e+007,-2.20662e+033,-2.53017e-098
3.59424e+007,-2.20588e+033,-2.53017e-098
3.60288e+007,-2.20514e+033,-2.53017e-098
3.61152e+007,-2.2044e+033,-2.53017e-098
3.62016e+007,-2.20366e+033,-2.53017e-098
3.6288e+007,-2.20292e+033,-2.53017e-098
3.63744e+007,-2.20218e+033,-2.53017e-098
3.64608e+007,-2.20143e+033,-2.53017e-098
3.65472e+007,-2.20069e+033,-2.53017e-098
3.66336e+007,-2.19995e+033,-2.53017e-098
3.672e+007,-2.1992e+033,-2.53017e-098
3.68064e+007,-2.19846e+033,-2.53017e-098
3.68928e+007,-2.19772e+033,-2.53017e-098
3.69792e+007,-2.19697e+033,-2.53017e-098
3.70656e+007,-2.19623e+033,-2.53017e-098
3.7152e+007,-2.19548e+033,-2.53017e-098
3.72384e+007,-2.19474e+033,-2.53017e-098
3.73248e+007,-2.19399e+033,-2.53017e-098
3.74112e+007,-2.19325e+033,-2.53017e-098
3.74976e+007,-2.1925e+033,-2.53017e-098
3.7584e+007,-2.19176e+033,-2.53017e-098
3.76704e+007,-2.19101e+033,-2.53017e-098
3.77568e+007,-2.19026e+033,-2.53017e-098
3.78432e+007,-2.18952e+033,-2.53017e-098
3.79296e+007,-2.18877e+033,-2.53017e-098
3.8016e+007,-2.18802e+033,-2.53017e-098
3.81024e+007,-2.18727e+033,-2.53017e-098
3.81888e+007,-2.18653e+033,-2.53017e-098
3.82752e+007,-2.18578e+033,-2.53017e-098
3.83616e+007,-2.18503e+033,-2.53017e-098
3.8448e+007,-2.18428e+033,-2.53017e-098
3.85344e+007,-2.18353e+033,-2.53017e-098
3.86208e+007,-2.18278e+033,-2.53017e-098
3.87072e+007,-2.18203e+033,-2.53017e-098
3.87936e+007,-2.18128e+033,-2.53017e-098
3.888e+007,-2.18053e+033,-2.53017e-098
3.89664e+007,-2.17978e+033,-2.53017e-098
3.90528e+007,-2.17903e+033,-2.53017e-098
3.91392e+007,-2.17828e+033,-2.53017e-098
3.92256e+007,-2.17753e+033,-2.53017e-098
3.9312e+007,-2.17678e+033,-2.53017e-098
3.93984e+007,-2.17603e+033,-2.53017e-098
3.94848e+007,-2.17528e+033,-2.53017e-098
3.95712e+007,-2.17453e+033,-2.53017e-098
3.96576e+007,-2.17377e+033,-2.53017e-098
3.9744e+007,-2.17302e+033,-2.53017e-098
3.98304e+007,-2.17227e+033,-2.53017e-098
3.99168e+007,-2.17152e+033,-2.53017e-098
4.00032e+007,-2.17077e+033,-2.53017e-098
4.00896e+007,-2.17001e+033,-2.53017e-098
4.0176e+007,-2.16926e+033,-2.53017e-098
4.02624e+007,-2.16851e+033,-2.53017e-098
4.03488e+007,-2.16776e+033,-2.53017e-098
4.04352e+007,-2.167e+033,-2.53017e-098
4.05216e+007,-2.16625e+033,-2.53017e-098
4.0608e+007,-2.1655e+033,-2.53017e-098
4.06944e+007,-2.16474e+033,-2.53017e-098
4.07808e+007,-2.16399e+033,-2.53017e-098
4.08672e+007,-2.16324e+033,-2.53017e-098
4.09536e+007,-2.16248e+033,-2.53017e-098
4.104e+007,-2.16173e+033,-2.53017e-098
4.11264e+007,-2.16098e+033,-2.53017e-098
4.12128e+007,-2.16022e+033,-2.53017e-098
4.12992e+007,-2.15947e+033,-2.53017e-098
4.13856e+007,-2.15871e+033,-2.53017e-098
4.1472e+007,-2.15796e+033,-2.53017e-098
4.15584e+007,-2.15721e+033,-2.53017e-098
4.16448e+007,-2.15645e+033,-2.53017e-098
4.17312e+007,-2.1557e+033,-2.53017e-098
4.18176e+007,-2.15495e+033,-2.53017e-098
4.1904e+007,-2.15419e+033,-2.53017e-098
4.19904e+007,-2.15344e+033,-2.53017e-098
4.20768e+007,-2.15269e+033,-2.53017e-098
4.21632e+007,-2.15194e+033,-2.53017e-098
4.22496e+007,-2.15118e+033,-2.53017e-098
4.2336e+007,-2.15043e+033,-2.53017e-098
4.24224e+007,-2.14968e+033,-2.53017e-098
4.25088e+007,-2.14892e+033,-2.53017e-098
4.25952e+007,-2.14817e+033,-2.53017e-098
4.26816e+007,-2.14742e+033,-2.53017e-098
4.2768e+007,-2.14667e+033,-2.53017e-098
4.28544e+007,-2.14592e+033,-2.53017e-098
4.29408e+007,-2.14516e+033,-2.53017e-098
4.30272e+007,-2.14441e+033,-2.53017e-098
4.31136e+007,-2.14366e+033,-2.53017e-098
4.32e+007,-2.14291e+033,-2.53017e-098
4.32864e+007,-2.14216e+033,-2.53017e-098
4.33728e+007,-2.14141e+033,-2.53017e-098
4.34592e+007,-2.14066e+033,-2.53017e-098
4.35456e+007,-2.13991e+033,-2.53017e-098
4.3632e+007,-2.13916e+033,-2.53017e-098
4.37184e+007,-2.13841e+033,-2.53017e-098
4.38048e+007,-2.13767e+033,-2.53017e-098
4.38912e+007,-2.13692e+033,-2.53017e-098
4.39776e+007,-2.13617e+033,-2.53017e-098
4.4064e+007,-2.13542e+033,-2.53017e-098
4.41504e+007,-2.13467e+033,-2.53017e-098
4.42368e+007,-2.13393e+033,-2.53017e-098
4.43232e+007,-2.13318e+033,-2.53017e-098
4.44096e+007,-2.13244e+033,-2.53017e-098
4.4496e+007,-2.13169e+033,-2.53017e-098
4.45824e+007,-2.13095e+033,-2.53017e-098
4.46688e+007,-2.1302e+033,-2.53017e-098
4.47552e+007,-2.12946e+033,-2.53017e-098
4.48416e+007,-2.12872e+033,-2.53017e-098
4.4928e+007,-2.12797e+033,-2.53017e-098
4.50144e+007,-2.12723e+033,-2.53017e-098
4.51008e+007,-2.12649e+033,-2.53017e-098
4.51872e+007,-2.12575e+033,-2.53017e-098
4.52736e+007,-2.12501e+033,-2.53017e-098
4.536e+007,-2.12427e+033,-2.53017e-098
4.54464e+007,-2.12353e+033,-2.53017e-098
4.55328e+007,-2.12279e+033,-2.53017e-098
4.56192e+007,-2.12206e+033,-2.53017e-098
4.57056e+007,-2.12132e+033,-2.53017e-098
4.5792e+007,-2.12058e+033,-2.53017e-098
4.58784e+007,-2.11985e+033,-2.53017e-098
4.59648e+007,-2.11911e+033,-2.53017e-098
4.60512e+007,-2.11838e+033,-2.53017e-098
4.61376e+007,-2.11765e+033,-2.53017e-098
4.6224e+007,-2.11691e+033,-2.53017e-098
4.63104e+007,-2.11618e+033,-2.53017e-098
4.63968e+007,-2.11545e+033,-2.53017e-098
4.64832e+007,-2.11472e+033,-2.53017e-098
4.65696e+007,-2.11399e+033,-2.53017e-098
4.6656e+007,-2.11326e+033,-2.53017e-098
4.67424e+007,-2.11254e+033,-2.53017e-098
4.68288e+007,-2.11181e+033,-2.53017e-098
4.69152e+007,-2.11108e+033,-2.53017e-098
4.70016e+007,-2.11036e+033,-2.53017e-098
4.7088e+007,-2.10964e+033,-2.53017e-098
4.71744e+007,-2.10891e+033,-2.53017e-098
4.72608e+007,-2.10819e+033,-2.53017e-098
4.73472e+007,-2.10747e+033,-2.53017e-098
4.74336e+007,-2.10675e+033,-2.53017e-098
4.752e+007,-2.10603e+033,-2.53017e-098
4.76064e+007,-2.10531e+033,-2.53017e-098
4.76928e+007,-2.1046e+033,-2.53017e-098
4.77792e+007,-2.10388e+033,-2.53017e-098
4.78656e+007,-2.10317e+033,-2.53017e-098
4.7952e+007,-2.10245e+033,-2.53017e-098
4.80384e+007,-2.10174e+033,-2.53017e-098
4.81248e+007,-2.10103e+033,-2.53017e-098
4.82112e+007,-2.10032e+033,-2.53017e-098
4.82976e+007,-2.09961e+033,-2.53017e-098
4.8384e+007,-2.0989e+033,-2.53017e-098
4.84704e+007,-2.09819e+033,-2.53017e-098
4.85568e+007,-2.09749e+033,-2.53017e-098
4.86432e+007,-2.09678e+033,-2.53017e-098
4.87296e+007,-2.09608e+033,-2.53017e-098
4.8816e+007,-2.09538e+033,-2.53017e-098
4.89024e+007,-2.09468e+033,-2.53017e-098
4.89888e+007,-2.09398e+033,-2.53017e-098
4.90752e+007,-2.09328e+033,-2.53017e-098
4.91616e+007,-2.09258e+033,-2.53017e-098
4.9248e+007,-2.09188e+033,-2.53017e-098
4.93344e+007,-2.09119e+033,-2.53017e-098
4.94208e+007,-2.0905e+033,-2.53017e-098
4.95072e+007,-2.0898e+033,-2.53017e-098
4.95936e+007,-2.08911e+033,-2.53017e-098
4.968e+007,-2.08842e+033,-2.53017e-098
4.97664e+007,-2.08773e+033,-2.53017e-098
4.98528e+007,-2.08705e+033,-2.53017e-098
4.99392e+007,-2.08636e+033,-2.53017e-098
5.00256e+007,-2.08568e+033,-2.53017e-098
5.0112e+007,-2.08499e+033,-2.53017e-098
5.01984e+007,-2.08431e+033,-2.53017e-098
5.02848e+007,-2.08363e+033,-2.53017e-098
5.03712e+007,-2.08295e+033,-2.53017e-098
5.04576e+007,-2.08228e+033,-2.53017e-098
5.0544e+007,-2.0816e+033,-2.53017e-098
5.06304e+007,-2.08093e+033,-2.53017e-098
5.07168e+007,-2.08025e+033,-2.53017e-098
5.08032e+007,-2.07958e+033,-2.53017e-098
5.08896e+007,-2.07891e+033,-2.53017e-098
5.0976e+007,-2.07824e+033,-2.53017e-098
5.10624e+007,-2.07757e+033,-2.53017e-098
5.11488e+007,-2.07691e+033,-2.53017e-098
5.12352e+007,-2.07624e+033,-2.53017e-098
5.13216e+007,-2.07558e+033,-2.53017e-098
5.1408e+007,-2.07492e+033,-2.53017e-098
5.14944e+007,-2.07426e+033,-2.53017e-098
5.15808e+007,-2.0736e+033,-2.53017e-098
5.16672e+007,-2.07294e+033,-2.53017e-098
5.17536e+007,-2.07229e+033,-2.53017e-098
5.184e+007,-2.07163e+033,-2.53017e-098
5.19264e+007,-2.07098e+033,-2.53017e-098
5.20128e+007,-2.07033e+033,-2.53017e-098
5.20992e+007,-2.06968e+033,-2.53017e-098
5.21856e+007,-2.06903e+033,-2.53017e-098
5.2272e+007,-2.06839e+033,-2.53017e-098
5.23584e+007,-2.06774e+033,-2.53017e-098
5.24448e+007,-2.0671e+033,-2.53017e-098
5.25312e+007,-2.06646e+033,-2.53017e-098
5.26176e+007,-2.06582e+033,-2.53017e-098
5.2704e+007,-2.06518e+033,-2.53017e-098
5.27904e+007,-2.06454e+033,-2.53017e-098
5.28768e+007,-2.0639e+033,-2.53017e-098
5.29632e+007,-2.06327e+033,-2.53017e-098
5.30496e+007,-2.06264e+033,-2.53017e-098
5.3136e+007,-2.06201e+033,-2.53017e-098
5.32224e+007,-2.06138e+033,-2.53017e-098
5.33088e+007,-2.06075e+033,-2.53017e-098
5.33952e+007,-2.06012e+033,-2.53017e-098
5.34816e+007,-2.0595e+033,-2.53017e-098
5.3568e+007,-2.05888e+033,-2.53017e-098
5.36544e+007,-2.05825e+033,-2.53017e-098
5.37408e+007,-2.05763e+033,-2.53017e-098
5.38272e+007,-2.05702e+033,-2.53017e-098
5.39136e+007,-2.0564e+033,-2.53017e-098
5.4e+007,-2.05579e+033,-2.53017e-098
5.40864e+007,-2.05517e+033,-2.53017e-098
5.41728e+007,-2.05456e+033,-2.53017e-098
5.42592e+007,-2.05395e+033,-2.53017e-098
5.43456e+007,-2.05334e+033,-2.53017e-098
5.4432e+007,-2.05273e+033,-2.53017e-098
5.45184e+007,-2.05213e+033,-2.53017e-098
5.46048e+007,-2.05152e+033,-2.53017e-098
5.46912e+007,-2.05092e+033,-2.53017e-098
5.47776e+007,-2.05032e+033,-2.53017e-098
5.4864e+007,-2.04972e+033,-2.53017e-098
5.49504e+007,-2.04913e+033,-2.53017e-098
5.50368e+007,-2.04853e+033,-2.53017e-098
5.51232e+007,-2.04793e+033,-2.53017e-098
5.52096e+007,-2.04734e+033,-2.53017e-098
5.5296e+007,-2.04675e+033,-2.53017e-098
5.53824e+007,-2.04616e+033,-2.53017e-098
5.54688e+007,-2.04557e+033,-2.53017e-098
5.55552e+007,-2.04499e+033,-2.53017e-098
5.56416e+007,-2.0444e+033,-2.53017e-098
5.5728e+007,-2.04382e+033,-2.53017e-098
5.58144e+007,-2.04324e+033,-2.53017e-098
5.59008e+007,-2.04266e+033,-2.53017e-098
5.59872e+007,-2.04208e+033,-2.53017e-098
5.60736e+007,-2.0415e+033,-2.53017e-098
5.616e+007,-2.04093e+033,-2.53017e-098
5.62464e+007,-2.04035e+033,-2.53017e-098
5.63328e+007,-2.03978e+033,-2.53017e-098
5.64192e+007,-2.03921e+033,-2.53017e-098
5.65056e+007,-2.03864e+033,-2.53017e-098
5.6592e+007,-2.03807e+033,-2.53017e-098
5.66784e+007,-2.03751e+033,-2.53017e-098
5.67648e+007,-2.03694e+033,-2.53017e-098
5.68512e+007,-2.03638e+033,-2.53017e-098
5.69376e+007,-2.03582e+033,-2.53017e-098
5.7024e+007,-2.03526e+033,-2.53017e-098
5.71104e+007,-2.0347e+033,-2.53017e-098
5.71968e+007,-2.03414e+033,-2.53017e-098
5.72832e+007,-2.03359e+033,-2.53017e-098
5.73696e+007,-2.03303e+033,-2.53017e-098
5.7456e+007,-2.03248e+033,-2.53017e-098
5.75424e+007,-2.03193e+033,-2.53017e-098
5.76288e+007,-2.03138e+033,-2.53017e-098
5.77152e+007,-2.03083e+033,-2.53017e-098
5.78016e+007,-2.03029e+033,-2.53017e-098
5.7888e+007,-2.02974e+033,-2.53017e-098
5.79744e+007,-2.0292e+033,-2.53017e-098
5.80608e+007,-2.02866e+033,-2.53017e-098
5.81472e+007,-2.02811e+033,-2.53017e-098
5.82336e+007,-2.02758e+033,-2.53017e-098
5.832e+007,-2.02704e+033,-2.53017e-098
5.84064e+007,-2.0265e+033,-2.53017e-098
5.84928e+007,-2.02597e+033,-2.53017e-098
5.85792e+007,-2.02543e+033,-2.53017e-098
5.86656e+007,-2.0249e+033,-2.53017e-098
5.8752e+007,-2.02437e+033,-2.53017e-098
5.88384e+007,-2.02384e+033,-2.53017e-098
5.89248e+007,-2.02331e+033,-2.53017e-098
5.90112e+007,-2.02279e+033,-2.53017e-098
5.90976e+007,-2.02226e+033,-2.53017e-098
5.9184e+007,-2.02174e+033,-2.53017e-098
5.92704e+007,-2.02122e+033,-2.53017e-098
5.93568e+007,-2.0207e+033,-2.53017e-098
5.94432e+007,-2.02018e+033,-2.53017e-098
5.95296e+007,-2.01966e+033,-2.53017e-098
5.9616e+007,-2.01914e+033,-2.53017e-098
5.97024e+007,-2.01863e+033,-2.53017e-098
5.97888e+007,-2.01811e+033,-2.53017e-098
5.98752e+007,-2.0176e+033,-2.53017e-098
5.99616e+007,-2.01709e+033,-2.53017e-098
6.0048e+007,-2.01658e+033,-2.53017e-098
6.01344e+007,-2.01607e+033,-2.53017e-098
6.02208e+007,-2.01556e+033,-2.53017e-098
6.03072e+007,-2.01506e+033,-2.53017e-098
6.03936e+007,-2.01455e+033,-2.53017e-098
6.048e+007,-2.01405e+033,-2.53017e-098
6.05664e+007,-2.01355e+033,-2.53017e-098
6.06528e+007,-2.01305e+033,-2.53017e-098
6.07392e+007,-2.01255e+033,-2.53017e-098
6.08256e+007,-2.01205e+033,-2.53017e-098
6.0912e+007,-2.01155e+033,-2.53017e-098
6.09984e+007,-2.01105e+033,-2.53017e-098
6.10848e+007,-2.01056e+033,-2.53017e-098
6.11712e+007,-2.01007e+033,-2.53017e-098
6.12576e+007,-2.00957e+033,-2.53017e-098
6.1344e+007,-2.00908e+033,-2.53017e-098
6.14304e+007,-2.00859e+033,-2.53017e-098
6.15168e+007,-2.0081e+033,-2.53017e-098
6.16032e+007,-2.00762e+033,-2.53017e-098
6.16896e+007,-2.00713e+033,-2.53017e-098
6.1776e+007,-2.00664e+033,-2.53017e-098
6.18624e+007,-2.00616e+033,-2.53017e-098
6.19488e+007,-2.00568e+033,-2.53017e-098
6.20352e+007,-2.0052e+033,-2.53017e-098
6.21216e+007,-2.00471e+033,-2.53017e-098
6.2208e+007,-2.00423e+033,-2.53017e-098
6.22944e+007,-2.00376e+033,-2.53017e-098
6.23808e+007,-2.00328e+033,-2.53017e-098
6.24672e+007,-2.0028e+033,-2.53017e-098
6.25536e+007,-2.00233e+033,-2.53017e-098
6.264e+007,-2.00185e+033,-2.53017e-098
6.27264e+007,-2.00138e+033,-2.53017e-098
6.28128e+007,-2.00091e+033,-2.53017e-098
6.28992e+007,-2.00044e+033,-2.53017e-098
6.29856e+007,-1.99997e+033,-2.53017e-098
6.3072e+007,-1.9995e+033,-2.53017e-098
6.31584e+007,-1.99903e+033,-2.53017e-098
6.32448e+007,-1.99857e+033,-2.53017e-098
6.33312e+007,-1.9981e+033,-2.53017e-098
6.34176e+007,-1.99763e+033,-2.53017e-098
6.3504e+007,-1.99717e+033,-2.53017e-098
6.35904e+007,-1.99671e+033,-2.53017e-098
6.36768e+007,-1.99625e+033,-2.53017e-098
6.37632e+007,-1.99579e+033,-2.53017e-098
6.38496e+007,-1.99533e+033,-2.53017e-098
6.3936e+007,-1.99487e+033,-2.53017e-098
6.40224e+007,-1.99441e+033,-2.53017e-098
6.41088e+007,-1.99395e+033,-2.53017e-098
6.41952e+007,-1.9935e+033,-2.53017e-098
6.42816e+007,-1.99304e+033,-2.53017e-098
6.4368e+007,-1.99259e+033,-2.53017e-098
6.44544e+007,-1.99214e+033,-2.53017e-098
6.45408e+007,-1.99168e+033,-2.53017e-098
6.46272e+007,-1.99123e+033,-2.53017e-098
6.47136e+007,-1.99078e+033,-2.53017e-098
6.48e+007,-1.99033e+033,-2.53017e-098
6.48864e+007,-1.98988e+033,-2.53017e-098
6.49728e+007,-1.98944e+033,-2.53017e-098
6.50592e+007,-1.98899e+033,-2.53017e-098
6.51456e+007,-1.98854e+033,-2.53017e-098
6.5232e+007,-1.9881e+033,-2.53017e-098
6.53184e+007,-1.98765e+033,-2.53017e-098
6.54048e+007,-1.98721e+033,-2.53017e-098
6.54912e+007,-1.98677e+033,-2.53017e-098
6.55776e+007,-1.98632e+033,-2.53017e-098
6.5664e+007,-1.98588e+033,-2.53017e-098
6.57504e+007,-1.98544e+033,-2.53017e-098
6.58368e+007,-1.985e+033,-2.53017e-098
6.59232e+007,-1.98456e+033,-2.53017e-098
6.60096e+007,-1.98413e+033,-2.53017e-098
6.6096e+007,-1.98369e+033,-2.53017e-098
6.61824e+007,-1.98325e+033,-2.53017e-098
6.62688e+007,-1.98282e+033,-2.53017e-098
6.63552e+007,-1.98238e+033,-2.53017e-098
6.64416e+007,-1.98195e+033,-2.53017e-098
6.6528e+007,-1.98151e+033,-2.53017e-098
6.66144e+007,-1.98108e+033,-2.53017e-098
6.67008e+007,-1.98065e+033,-2.53017e-098
6.67872e+007,-1.98022e+033,-2.53017e-098
6.68736e+007,-1.97979e+033,-2.53017e-098
6.696e+007,-1.97936e+033,-2.53017e-098
6.70464e+007,-1.97893e+033,-2.53017e-098
6.71328e+007,-1.9785e+033,-2.53017e-098
6.72192e+007,-1.97807e+033,-2.53017e-098
6.73056e+007,-1.97764e+033,-2.53017e-098
6.7392e+007,-1.97721e+033,-2.53017e-098
6.74784e+007,-1.97679e+033,-2.53017e-098
6.75648e+007,-1.97636e+033,-2.53017e-098
6.76512e+007,-1.97594e+033,-2.53017e-098
6.77376e+007,-1.97551e+033,-2.53017e-098
6.7824e+007,-1.97509e+033,-2.53017e-098
6.79104e+007,-1.97467e+033,-2.53017e-098
6.79968e+007,-1.97424e+033,-2.53017e-098
6.80832e+007,-1.97382e+033,-2.53017e-098
6.81696e+007,-1.9734e+033,-2.53017e-098
6.8256e+007,-1.97298e+033,-2.53017e-098
6.83424e+007,-1.97256e+033,-2.53017e-098
6.84288e+007,-1.97214e+033,-2.53017e-098
6.85152e+007,-1.97172e+033,-2.53017e-098
6.86016e+007,-1.9713e+033,-2.53017e-098
6.8688e+007,-1.97088e+033,-2.53017e-098
6.87744e+007,-1.97047e+033,-2.53017e-098
6.88608e+007,-1.97005e+033,-2.53017e-098
6.89472e+007,-1.96963e+033,-2.53017e-098
6.90336e+007,-1.96922e+033,-2.53017e-098
6.912e+007,-1.9688e+033,-2.53017e-098
6.92064e+007,-1.96839e+033,-2.53017e-098
6.92928e+007,-1.96797e+033,-2.53017e-098
6.93792e+007,-1.96756e+033,-2.53017e-098
6.94656e+007,-1.96714e+033,-2.53017e-098
6.9552e+007,-1.96673e+033,-2.53017e-098
6.96384e+007,-1.96632e+033,-2.53017e-098
6.97248e+007,-1.9659e+033,-2.53017e-098
6.98112e+007,-1.96549e+033,-2.53017e-098
6.98976e+007,-1.96508e+033,-2.53017e-098
6.9984e+007,-1.96467e+033,-2.53017e-098
7.00704e+007,-1.96426e+033,-2.53017e-098
7.01568e+007,-1.96385e+033,-2.53017e-098
7.02432e+007,-1.96344e+033,-2.53017e-098
7.03296e+007,-1.96303e+033,-2.53017e-098
7.0416e+007,-1.96262e+033,-2.53017e-098
7.05024e+007,-1.96221e+033,-2.53017e-098
7.05888e+007,-1.9618e+033,-2.53017e-098
7.06752e+007,-1.96139e+033,-2.53017e-098
7.07616e+007,-1.96099e+033,-2.53017e-098
7.0848e+007,-1.96058e+033,-2.53017e-098
7.09344e+007,-1.96017e+033,-2.53017e-098
7.10208e+007,-1.95977e+033,-2.53017e-098
7.11072e+007,-1.95936e+033,-2.53017e-098
7.11936e+007,-1.95895e+033,-2.53017e-098
7.128e+007,-1.95855e+033,-2.53017e-098
7.13664e+007,-1.95814e+033,-2.53017e-098
7.14528e+007,-1.95774e+033,-2.53017e-098
7.15392e+007,-1.95733e+033,-2.53017e-098
7.16256e+007,-1.95693e+033,-2.53017e-098
7.1712e+007,-1.95652e+033,-2.53017e-098
7.17984e+007,-1.95612e+033,-2.53017e-098
7.18848e+007,-1.95572e+033,-2.53017e-098
7.19712e+007,-1.95531e+033,-2.53017e-098
7.20576e+007,-1.95491e+033,-2.53017e-098
7.2144e+007,-1.95451e+033,-2.53017e-098
7.22304e+007,-1.9541e+033,-2.53017e-098
7.23168e+007,-1.9537e+033,-2.53017e-098
7.24032e+007,-1.9533e+033,-2.53017e-098
7.24896e+007,-1.9529e+033,-2.53017e-098
7.2576e+007,-1.9525e+033,-2.53017e-098
7.26624e+007,-1.95209e+033,-2.53017e-098
7.27488e+007,-1.95169e+033,-2.53017e-098
7.28352e+007,-1.95129e+033,-2.53017e-098
7.29216e+007,-1.95089e+033,-2.53017e-098
7.3008e+007,-1.95049e+033,-2.53017e-098
7.30944e+007,-1.95009e+033,-2.53017e-098
7.31808e+007,-1.94969e+033,-2.53017e-098
7.32672e+007,-1.94929e+033,-2.53017e-098
7.33536e+007,-1.94889e+033,-2.53017e-098
7.344e+007,-1.94849e+033,-2.53017e-098
7.35264e+007,-1.94809e+033,-2.53017e-098
7.36128e+007,-1.94769e+033,-2.53017e-098
7.36992e+007,-1.94729e+033,-2.53017e-098
7.37856e+007,-1.94689e+033,-2.53017e-098
7.3872e+007,-1.94649e+033,-2.53017e-098
7.39584e+007,-1.94609e+033,-2.53017e-098
7.40448e+007,-1.94569e+033,-2.53017e-098
7.41312e+007,-1.94529e+033,-2.53017e-098
7.42176e+007,-1.94489e+033,-2.53017e-098
7.4304e+007,-1.9445e+033,-2.53017e-098
7.43904e+007,-1.9441e+033,-2.53017e-098
7.44768e+007,-1.9437e+033,-2.53017e-098
7.45632e+007,-1.9433e+033,-2.53017e-098
7.46496e+007,-1.9429e+033,-2.53017e-098
7.4736e+007,-1.9425e+033,-2.53017e-098
7.48224e+007,-1.9421e+033,-2.53017e-098
7.49088e+007,-1.94171e+033,-2.53017e-098
7.49952e+007,-1.94131e+033,-2.53017e-098
7.50816e+007,-1.94091e+033,-2.53017e-098
7.5168e+007,-1.94051e+033,-2.53017e-098
7.52544e+007,-1.94011e+033,-2.53017e-098
7.53408e+007,-1.93972e+033,-2.53017e-098
7.54272e+007,-1.93932e+033,-2.53017e-098
7.55136e+007,-1.93892e+033,-2.53017e-098
7.56e+007,-1.93852e+033,-2.53017e-098
7.56864e+007,-1.93812e+033,-2.53017e-098
7.57728e+007,-1.93773e+033,-2.53017e-098
7.58592e+007,-1.93733e+033,-2.53017e-098
7.59456e+007,-1.93693e+033,-2.53017e-098
7.6032e+007,-1.93653e+033,-2.53017e-098
7.61184e+007,-1.93613e+033,-2.53017e-098
7.62048e+007,-1.93574e+033,-2.53017e-098
7.62912e+007,-1.93534e+033,-2.53017e-098
7.63776e+007,-1.93494e+033,-2.53017e-098
7.6464e+007,-1.93454e+033,-2.53017e-098
7.65504e+007,-1.93414e+033,-2.53017e-098
7.66368e+007,-1.93375e+033,-2.53017e-098
7.67232e+007,-1.93335e+033,-2.53017e-098
7.68096e+007,-1.93295e+033,-2.53017e-098
7.6896e+007,-1.93255e+033,-2.53017e-098
7.69824e+007,-1.93215e+033,-2.53017e-098
7.70688e+007,-1.93175e+033,-2.53017e-098
7.71552e+007,-1.93135e+033,-2.53017e-098
7.72416e+007,-1.93096e+033,-2.53017e-098
7.7328e+007,-1.93056e+033,-2.53017e-098
7.74144e+007,-1.93016e+033,-2.53017e-098
7.75008e+007,-1.92976e+033,-2.53017e-098
7.75872e+007,-1.92936e+033,-2.53017e-098
7.76736e+007,-1.92896e+033,-2.53017e-098
7.776e+007,-1.92856e+033,-2.53017e-098
7.78464e+007,-1.92816e+033,-2.53017e-098
7.79328e+007,-1.92776e+033,-2.53017e-098
7.80192e+007,-1.92736e+033,-2.53017e-098
7.81056e+007,-1.92696e+033,-2.53017e-098
7.8192e+007,-1.92656e+033,-2.53017e-098
7.82784e+007,-1.92616e+033,-2.53017e-098
7.83648e+007,-1.92576e+033,-2.53017e-098
7.84512e+007,-1.92536e+033,-2.53017e-098
7.85376e+007,-1.92496e+033,-2.53017e-098
7.8624e+007,-1.92456e+033,-2.53017e-098
7.87104e+007,-1.92416e+033,-2.53017e-098
7.87968e+007,-1.92376e+033,-2.53017e-098
7.88832e+007,-1.92336e+033,-2.53017e-098
7.89696e+007,-1.92296e+033,-2.53017e-098
7.9056e+007,-1.92256e+033,-2.53017e-098
7.91424e+007,-1.92216e+033,-2.53017e-098
7.92288e+007,-1.92175e+033,-2.53017e-098
7.93152e+007,-1.92135e+033,-2.53017e-098
7.94016e+007,-1.92095e+033,-2.53017e-098
7.9488e+007,-1.92055e+033,-2.53017e-098
7.95744e+007,-1.92015e+033,-2.53017e-098
7.96608e+007,-1.91974e+033,-2.53017e-098
7.97472e+007,-1.91934e+033,-2.53017e-098
7.98336e+007,-1.91894e+033,-2.53017e-098
7.992e+007,-1.91854e+033,-2.53017e-098
8.00064e+007,-1.91813e+033,-2.53017e-098
8.00928e+007,-1.91773e+033,-2.53017e-098
8.01792e+007,-1.91732e+033,-2.53017e-098
8.02656e+007,-1.91692e+033,-2.53017e-098
8.0352e+007,-1.91652e+033,-2.53017e-098
8.04384e+007,-1.91611e+033,-2.53017e-098
8.05248e+007,-1.91571e+033,-2.53017e-098
8.06112e+007,-1.9153e+033,-2.53017e-098
8.06976e+007,-1.9149e+033,-2.53017e-098
8.0784e+007,-1.91449e+033,-2.53017e-098
8.08704e+007,-1.91409e+033,-2.53017e-098
8.09568e+007,-1.91368e+033,-2.53017e-098
8.10432e+007,-1.91328e+033,-2.53017e-098
8.11296e+007,-1.91287e+033,-2.53017e-098
8.1216e+007,-1.91246e+033,-2.53017e-098
8.13024e+007,-1.91206e+033,-2.53017e-098
8.13888e+007,-1.91165e+033,-2.53017e-098
8.14752e+007,-1.91124e+033,-2.53017e-098
8.15616e+007,-1.91083e+033,-2.53017e-098
8.1648e+007,-1.91043e+033,-2.53017e-098
8.17344e+007,-1.91002e+033,-2.53017e-098
8.18208e+007,-1.90961e+033,-2.53017e-098
8.19072e+007,-1.9092e+033,-2.53017e-098
8.19936e+007,-1.90879e+033,-2.53017e-098
8.208e+007,-1.90838e+033,-2.53017e-098
8.21664e+007,-1.90798e+033,-2.53017e-098
8.22528e+007,-1.90757e+033,-2.53017e-098
8.23392e+007,-1.90716e+033,-2.53017e-098
8.24256e+007,-1.90675e+033,-2.53017e-098
8.2512e+007,-1.90634e+033,-2.53017e-098
8.25984e+007,-1.90593e+033,-2.53017e-098
8.26848e+007,-1.90551e+033,-2.53017e-098
8.27712e+007,-1.9051e+033,-2.53017e-098
8.28576e+007,-1.90469e+033,-2.53017e-098
8.2944e+007,-1.90428e+033,-2.53017e-098
8.30304e+007,-1.90387e+033,-2.53017e-098
8.31168e+007,-1.90346e+033,-2.53017e-098
8.32032e+007,-1.90304e+033,-2.53017e-098
8.32896e+007,-1.90263e+033,-2.53017e-098
8.3376e+007,-1.90222e+033,-2.53017e-098
8.34624e+007,-1.9018e+033,-2.53017e-098
8.35488e+007,-1.90139e+033,-2.53017e-098
8.36352e+007,-1.90098e+033,-2.53017e-098
8.37216e+007,-1.90056e+033,-2.53017e-098
8.3808e+007,-1.90015e+033,-2.53017e-098
8.38944e+007,-1.89973e+033,-2.53017e-098
8.39808e+007,-1.89932e+033,-2.53017e-098
8.40672e+007,-1.8989e+033,-2.53017e-098
8.41536e+007,-1.89849e+033,-2.53017e-098
8.424e+007,-1.89807e+033,-2.53017e-098
8.43264e+007,-1.89766e+033,-2.53017e-098
8.44128e+007,-1.89724e+033,-2.53017e-098
8.44992e+007,-1.89682e+033,-2.53017e-098
8.45856e+007,-1.89641e+033,-2.53017e-098
8.4672e+007,-1.89599e+033,-2.53017e-098
8.47584e+007,-1.89557e+033,-2.53017e-098
8.48448e+007,-1.89515e+033,-2.53017e-098
8.49312e+007,-1.89474e+033,-2.53017e-098
8.50176e+007,-1.89432e+033,-2.53017e-098
8.5104e+007,-1.8939e+033,-2.53017e-098
8.51904e+007,-1.89348e+033,-2.53017e-098
8.52768e+007,-1.89306e+033,-2.53017e-098
8.53632e+007,-1.89264e+033,-2.53017e-098
8.54496e+007,-1.89222e+033,-2.53017e-098
8.5536e+007,-1.8918e+033,-2.53017e-098
8.56224e+007,-1.89138e+033,-2.53017e-098
8.57088e+007,-1.89096e+033,-2.53017e-098
8.57952e+007,-1.89054e+033,-2.53017e-098
8.58816e+007,-1.89012e+033,-2.53017e-098
8.5968e+007,-1.8897e+033,-2.53017e-098
8.60544e+007,-1.88928e+033,-2.53017e-098
8.61408e+007,-1.88885e+033,-2.53017e-098
8.62272e+007,-1.88843e+033,-2.53017e-098
8.63136e+007,-1.88801e+033,-2.53017e-098
8.64e+007,-1.88759e+033,-2.53017e-098
8.64864e+007,-1.88716e+033,-2.53017e-098
8.65728e+007,-1.88674e+033,-2.53017e-098
8.66592e+007,-1.88632e+033,-2.53017e-098
8.67456e+007,-1.88589e+033,-2.53017e-098
8.6832e+007,-1.88547e+033,-2.53017e-098
8.69184e+007,-1.88505e+033,-2.53017e-098
8.70048e+007,-1.88462e+033,-2.53017e-098
8.70912e+007,-1.8842e+033,-2.53017e-098
8.71776e+007,-1.88377e+033,-2.53017e-098
8.7264e+007,-1.88335e+033,-2.53017e-098
8.73504e+007,-1.88292e+033,-2.53017e-098
8.74368e+007,-1.8825e+033,-2.53017e-098
8.75232e+007,-1.88207e+033,-2.53017e-098
8.76096e+007,-1.88164e+033,-2.53017e-098
8.7696e+007,-1.88122e+033,-2.53017e-098
8.77824e+007,-1.88079e+033,-2.53017e-098
8.78688e+007,-1.88036e+033,-2.53017e-098
8.79552e+007,-1.87994e+033,-2.53017e-098
8.80416e+007,-1.87951e+033,-2.53017e-098
8.8128e+007,-1.87908e+033,-2.53017e-098
8.82144e+007,-1.87865e+033,-2.53017e-098
8.83008e+007,-1.87823e+033,-2.53017e-098
8.83872e+007,-1.8778e+033,-2.53017e-098
8.84736e+007,-1.87737e+033,-2.53017e-098
8.856e+007,-1.87694e+033,-2.53017e-098
8.86464e+007,-1.87651e+033,-2.53017e-098
8.87328e+007,-1.87608e+033,-2.53017e-098
8.88192e+007,-1.87566e+033,-2.53017e-098
8.89056e+007,-1.87523e+033,-2.53017e-098
8.8992e+007,-1.8748e+033,-2.53017e-098
8.90784e+007,-1.87437e+033,-2.53017e-098
8.91648e+007,-1.87394e+033,-2.53017e-098
8.92512e+007,-1.87351e+033,-2.53017e-098
8.93376e+007,-1.87308e+033,-2.53017e-098
8.9424e+007,-1.87265e+033,-2.53017e-098
8.95104e+007,-1.87222e+033,-2.53017e-098
8.95968e+007,-1.87179e+033,-2.53017e-098
8.96832e+007,-1.87136e+033,-2.53017e-098
8.97696e+007,-1.87093e+033,-2.53017e-098
8.9856e+007,-1.8705e+033,-2.53017e-098
8.99424e+007,-1.87006e+033,-2.53017e-098
9.00288e+007,-1.86963e+033,-2.53017e-098
9.01152e+007,-1.8692e+033,-2.53017e-098
9.02016e+007,-1.86877e+033,-2.53017e-098
9.0288e+007,-1.86834e+033,-2.53017e-098
9.03744e+007,-1.86791e+033,-2.53017e-098
9.04608e+007,-1.86748e+033,-2.53017e-098
9.05472e+007,-1.86705e+033,-2.53017e-098
9.06336e+007,-1.86661e+033,-2.53017e-098
9.072e+007,-1.86618e+033,-2.53017e-098
9.08064e+007,-1.86575e+033,-2.53017e-098
9.08928e+007,-1.86532e+033,-2.53017e-098
9.09792e+007,-1.86489e+033,-2.53017e-098
9.10656e+007,-1.86445e+033,-2.53017e-098
9.1152e+007,-1.86402e+033,-2.53017e-098
9.12384e+007,-1.86359e+033,-2.53017e-098
9.13248e+007,-1.86316e+033,-2.53017e-098
9.14112e+007,-1.86273e+033,-2.53017e-098
9.14976e+007,-1.86229e+033,-2.53017e-098
9.1584e+007,-1.86186e+033,-2.53017e-098
9.16704e+007,-1.86143e+033,-2.53017e-098
9.17568e+007,-1.861e+033,-2.53017e-098
9.18432e+007,-1.86056e+033,-2.53017e-098
9.19296e+007,-1.86013e+033,-2.53017e-098
9.2016e+007,-1.8597e+033,-2.53017e-098
9.21024e+007,-1.85927e+033,-2.53017e-098
9.21888e+007,-1.85883e+033,-2.53017e-098
9.22752e+007,-1.8584e+033,-2.53017e-098
9.23616e+007,-1.85797e+033,-2.53017e-098
9.2448e+007,-1.85754e+033,-2.53017e-098
9.25344e+007,-1.85711e+033,-2.53017e-098
9.26208e+007,-1.85667e+033,-2.53017e-098
9.27072e+007,-1.85624e+033,-2.53017e-098
9.27936e+007,-1.85581e+033,-2.53017e-098
9.288e+007,-1.85538e+033,-2.53017e-098
9.29664e+007,-1.85495e+033,-2.53017e-098
9.30528e+007,-1.85451e+033,-2.53017e-098
9.31392e+007,-1.85408e+033,-2.53017e-098
9.32256e+007,-1.85365e+033,-2.53017e-098
9.3312e+007,-1.85322e+033,-2.53017e-098
9.33984e+007,-1.85279e+033,-2.53017e-098
9.34848e+007,-1.85236e+033,-2.53017e-098
9.35712e+007,-1.85193e+033,-2.53017e-098
9.36576e+007,-1.85149e+033,-2.53017e-098
9.3744e+007,-1.85106e+033,-2.53017e-098
9.38304e+007,-1.85063e+033,-2.53017e-098
9.39168e+007,-1.8502e+033,-2.53017e-098
9.40032e+007,-1.84977e+033,-2.53017e-098
9.40896e+007,-1.84934e+033,-2.53017e-098
9.4176e+007,-1.84891e+033,-2.53017e-098
9.42624e+007,-1.84848e+033,-2.53017e-098
9.43488e+007,-1.84805e+033,-2.53017e-098
9.44352e+007,-1.84762e+033,-2.53017e-098
9.45216e+007,-1.84719e+033,-2.53017e-098
9.4608e+007,-1.84676e+033,-2.53017e-098
9.46944e+007,-1.84633e+033,-2.53017e-098
9.47808e+007,-1.84591e+033,-2.53017e-098
9.48672e+007,-1.84548e+033,-2.53017e-098
9.49536e+007,-1.84505e+033,-2.53017e-098
9.504e+007,-1.84462e+033,-2.53017e-098
9.51264e+007,-1.84419e+033,-2.53017e-098
9.52128e+007,-1.84377e+033,-2.53017e-098
9.52992e+007,-1.84334e+033,-2.53017e-098
9.53856e+007,-1.84291e+033,-2.53017e-098
9.5472e+007,-1.84249e+033,-2.53017e-098
9.55584e+007,-1.84206e+033,-2.53017e-098
9.56448e+007,-1.84163e+033,-2.53017e-098
9.57312e+007,-1.84121e+033,-2.53017e-098
9.58176e+007,-1.84078e+033,-2.53017e-098
9.5904e+007,-1.84036e+033,-2.53017e-098
9.59904e+007,-1.83993e+033,-2.53017e-098
9.60768e+007,-1.83951e+033,-2.53017e-098
9.61632e+007,-1.83908e+033,-2.53017e-098
9.62496e+007,-1.83866e+033,-2.53017e-098
9.6336e+007,-1.83823e+033,-2.53017e-098
9.64224e+007,-1.83781e+033,-2.53017e-098
9.65088e+007,-1.83739e+033,-2.53017e-098
9.65952e+007,-1.83697e+033,-2.53017e-098
9.66816e+007,-1.83654e+033,-2.53017e-098
9.6768e+007,-1.83612e+033,-2.53017e-098
9.68544e+007,-1.8357e+033,-2.53017e-098
9.69408e+007,-1.83528e+033,-2.53017e-098
9.70272e+007,-1.83486e+033,-2.53017e-098
9.71136e+007,-1.83444e+033,-2.53017e-098
9.72e+007,-1.83402e+033,-2.53017e-098
9.72864e+007,-1.8336e+033,-2.53017e-098
9.73728e+007,-1.83318e+033,-2.53017e-098
9.74592e+007,-1.83276e+033,-2.53017e-098
9.75456e+007,-1.83234e+033,-2.53017e-098
9.7632e+007,-1.83192e+033,-2.53017e-098
9.77184e+007,-1.83151e+033,-2.53017e-098
9.78048e+007,-1.83109e+033,-2.53017e-098
9.78912e+007,-1.83067e+033,-2.53017e-098
9.79776e+007,-1.83026e+033,-2.53017e-098
9.8064e+007,-1.82984e+033,-2.53017e-098
9.81504e+007,-1.82943e+033,-2.53017e-098
9.82368e+007,-1.82901e+033,-2.53017e-098
9.83232e+007,-1.8286e+033,-2.53017e-098
9.84096e+007,-1.82819e+033,-2.53017e-098
9.8496e+007,-1.82777e+033,-2.53017e-098
9.85824e+007,-1.82736e+033,-2.53017e-098
9.86688e+007,-1.82695e+033,-2.53017e-098
9.87552e+007,-1.82654e+033,-2.53017e-098
9.88416e+007,-1.82612e+033,-2.53017e-098
9.8928e+007,-1.82571e+033,-2.53017e-098
9.90144e+007,-1.8253e+033,-2.53017e-098
9.91008e+007,-1.82489e+033,-2.53017e-098
9.91872e+007,-1.82449e+033,-2.53017e-098
9.92736e+007,-1.82408e+033,-2.53017e-098
9.936e+007,-1.82367e+033,-2.53017e-098
9.94464e+007,-1.82326e+033,-2.53017e-098
9.95328e+007,-1.82286e+033,-2.53017e-098
9.96192e+007,-1.82245e+033,-2.53017e-098
9.97056e+007,-1.82204e+033,-2.53017e-098
9.9792e+007,-1.82164e+033,-2.53017e-098
9.98784e+007,-1.82123e+033,-2.53017e-098
9.99648e+007,-1.82083e+033,-2.53017e-098
1.00051e+008,-1.82043e+033,-2.53017e-098
1.00138e+008,-1.82002e+033,-2.53017e-098
1.00224e+008,-1.81962e+033,-2.53017e-098
1.0031e+008,-1.81922e+033,-2.53017e-098
1.00397e+008,-1.81882e+033,-2.53017e-098
1.00483e+008,-1.81842e+033,-2.53017e-098
1.0057e+008,-1.81802e+033,-2.53017e-098
1.00656e+008,-1.81762e+033,-2.53017e-098
1.00742e+008,-1.81722e+033,-2.53017e-098
1.00829e+008,-1.81683e+033,-2.53017e-098
1.00915e+008,-1.81643e+033,-2.53017e-098
1.01002e+008,-1.81603e+033,-2.53017e-098
1.01088e+008,-1.81564e+033,-2.53017e-098
1.01174e+008,-1.81524e+033,-2.53017e-098
1.01261e+008,-1.81485e+033,-2.53017e-098
1.01347e+008,-1.81445e+033,-2.53017e-098
1.01434e+008,-1.81406e+033,-2.53017e-098
1.0152e+008,-1.81367e+033,-2.53017e-098
1.01606e+008,-1.81328e+033,-2.53017e-098
1.01693e+008,-1.81288e+033,-2.53017e-098
1.01779e+008,-1.81249e+033,-2.53017e-098
1.01866e+008,-1.8121e+033,-2.53017e-098
1.01952e+008,-1.81171e+033,-2.53017e-098
1.02038e+008,-1.81133e+033,-2.53017e-098
1.02125e+008,-1.81094e+033,-2.53017e-098
1.02211e+008,-1.81055e+033,-2.53017e-098
1.02298e+008,-1.81017e+033,-2.53017e-098
1.02384e+008,-1.80978e+033,-2.53017e-098
1.0247e+008,-1.80939e+033,-2.53017e-098
1.02557e+008,-1.80901e+033,-2.53017e-098
1.02643e+008,-1.80863e+033,-2.53017e-098
1.0273e+008,-1.80824e+033,-2.53017e-098
1.02816e+008,-1.80786e+033,-2.53017e-098
1.02902e+008,-1.80748e+033,-2.53017e-098
1.02989e+008,-1.8071e+033,-2.53017e-098
1.03075e+008,-1.80672e+033,-2.53017e-098
1.03162e+008,-1.80634e+033,-2.53017e-098
1.03248e+008,-1.80596e+033,-2.53017e-098
1.03334e+008,-1.80558e+033,-2.53017e-098
1.03421e+008,-1.80521e+033,-2.53017e-098
1.03507e+008,-1.80483e+033,-2.53017e-098
1.03594e+008,-1.80445e+033,-2.53017e-098
1.0368e+008,-1.80408e+033,-2.53017e-098
1.03766e+008,-1.80371e+033,-2.53017e-098
1.03853e+008,-1.80333e+033,-2.53017e-098
1.03939e+008,-1.80296e+033,-2.53017e-098
1.04026e+008,-1.80259e+033,-2.53017e-098
1.04112e+008,-1.80222e+033,-2.53017e-098
1.04198e+008,-1.80185e+033,-2.53017e-098
1.04285e+008,-1.80148e+033,-2.53017e-098
1.04371e+008,-1.80111e+033,-2.53017e-098
1.04458e+008,-1.80074e+033,-2.53017e-098
1.04544e+008,-1.80037e+033,-2.53017e-098
1.0463e+008,-1.8e+033,-2.53017e-098
1.04717e+008,-1.79964e+033,-2.53017e-098
1.04803e+008,-1.79927e+033,-2.53017e-098
1.0489e+008,-1.79891e+033,-2.53017e-098
1.04976e+008,-1.79855e+033,-2.53017e-098
1.05062e+008,-1.79818e+033,-2.53017e-098
1.05149e+008,-1.79782e+033,-2.53017e-098
1.05235e+008,-1.79746e+033,-2.53017e-098
1.05322e+008,-1.7971e+033,-2.53017e-098
1.05408e+008,-1.79674e+033,-2.53017e-098
1.05494e+008,-1.79638e+033,-2.53017e-098
1.05581e+008,-1.79602e+033,-2.53017e-098
1.05667e+008,-1.79566e+033,-2.53017e-098
1.05754e+008,-1.79531e+033,-2.53017e-098
1.0584e+008,-1.79495e+033,-2.53017e-098
1.05926e+008,-1.79459e+033,-2.53017e-098
1.06013e+008,-1.79424e+033,-2.53017e-098
1.06099e+008,-1.79389e+033,-2.53017e-098
1.06186e+008,-1.79353e+033,-2.53017e-098
1.06272e+008,-1.79318e+033,-2.53017e-098
1.06358e+008,-1.79283e+033,-2.53017e-098
1.06445e+008,-1.79248e+033,-2.53017e-098
1.06531e+008,-1.79213e+033,-2.53017e-098
1.06618e+008,-1.79178e+033,-2.53017e-098
1.06704e+008,-1.79143e+033,-2.53017e-098
1.0679e+008,-1.79108e+033,-2.53017e-098
1.06877e+008,-1.79073e+033,-2.53017e-098
1.06963e+008,-1.79039e+033,-2.53017e-098
1.0705e+008,-1.79004e+033,-2.53017e-098
1.07136e+008,-1.7897e+033,-2.53017e-098
1.07222e+008,-1.78935e+033,-2.53017e-098
1.07309e+008,-1.78901e+033,-2.53017e-098
1.07395e+008,-1.78867e+033,-2.53017e-098
1.07482e+008,-1.78833e+033,-2.53017e-098
1.07568e+008,-1.78798e+033,-2.53017e-098
1.07654e+008,-1.78764e+033,-2.53017e-098
1.07741e+008,-1.7873e+033,-2.53017e-098
1.07827e+008,-1.78697e+033,-2.53017e-098
1.07914e+008,-1.78663e+033,-2.53017e-098
1.08e+008,-1.78629e+033,-2.53017e-098
1.08086e+008,-1.78595e+033,-2.53017e-098
1.08173e+008,-1.78562e+033,-2.53017e-098
1.08259e+008,-1.78528e+033,-2.53017e-098
1.08346e+008,-1.78495e+033,-2.53017e-098
1.08432e+008,-1.78461e+033,-2.53017e-098
1.08518e+008,-1.78428e+033,-2.53017e-098
1.08605e+008,-1.78395e+033,-2.53017e-098
1.08691e+008,-1.78362e+033,-2.53017e-098
1.08778e+008,-1.78329e+033,-2.53017e-098
1.08864e+008,-1.78296e+033,-2.53017e-098
1.0895e+008,-1.78263e+033,-2.53017e-098
1.09037e+008,-1.7823e+033,-2.53017e-098
1.09123e+008,-1.78197e+033,-2.53017e-098
1.0921e+008,-1.78164e+033,-2.53017e-098
1.09296e+008,-1.78132e+033,-2.53017e-098
1.09382e+008,-1.78099e+033,-2.53017e-098
1.09469e+008,-1.78067e+033,-2.53017e-098
1.09555e+008,-1.78034e+033,-2.53017e-098
1.09642e+008,-1.78002e+033,-2.53017e-098
1.09728e+008,-1.7797e+033,-2.53017e-098
1.09814e+008,-1.77938e+033,-2.53017e-098
1.09901e+008,-1.77905e+033,-2.53017e-098
1.09987e+008,-1.77873e+033,-2.53017e-098
1.10074e+008,-1.77841e+033,-2.53017e-098
1.1016e+008,-1.77809e+033,-2.53017e-098
1.10246e+008,-1.77778e+033,-2.53017e-098
1.10333e+008,-1.77746e+033,-2.53017e-098
1.10419e+008,-1.77714e+033,-2.53017e-098
1.10506e+008,-1.77682e+033,-2.53017e-098
1.10592e+008,-1.77651e+033,-2.53017e-098
1.10678e+008,-1.77619e+033,-2.53017e-098
1.10765e+008,-1.77588e+033,-2.53017e-098
1.10851e+008,-1.77557e+033,-2.53017e-098
1.10938e+008,-1.77525e+033,-2.53017e-098
1.11024e+008,-1.77494e+033,-2.53017e-098
1.1111e+008,-1.77463e+033,-2.53017e-098
1.11197e+008,-1.77432e+033,-2.53017e-098
1.11283e+008,-1.77401e+033,-2.53017e-098
1.1137e+008,-1.7737e+033,-2.53017e-098
1.11456e+008,-1.77339e+033,-2.53017e-098
1.11542e+008,-1.77308e+033,-2.53017e-098
1.11629e+008,-1.77277e+033,-2.53017e-098
1.11715e+008,-1.77247e+033,-2.53017e-098
1.11802e+008,-1.77216e+033,-2.53017e-098
1.11888e+008,-1.77185e+033,-2.53017e-098
1.11974e+008,-1.77155e+033,-2.53017e-098
1.12061e+008,-1.77124e+033,-2.53017e-098
1.12147e+008,-1.77094e+033,-2.53017e-098
1.12234e+008,-1.77064e+033,-2.53017e-098
1.1232e+008,-1.77033e+033,-2.53017e-098
1.12406e+008,-1.77003e+033,-2.53017e-098
1.12493e+008,-1.76973e+033,-2.53017e-098
1.12579e+008,-1.76943e+033,-2.53017e-098
1.12666e+008,-1.76913e+033,-2.53017e-098
1.12752e+008,-1.76883e+033,-2.53017e-098
1.12838e+008,-1.76853e+033,-2.53017e-098
1.12925e+008,-1.76823e+033,-2.53017e-098
1.13011e+008,-1.76794e+033,-2.53017e-098
1.13098e+008,-1.76764e+033,-2.53017e-098
1.13184e+008,-1.76734e+033,-2.53017e-098
1.1327e+008,-1.76705e+033,-2.53017e-098
1.13357e+008,-1.76675e+033,-2.53017e-098
1.13443e+008,-1.76646e+033,-2.53017e-098
1.1353e+008,-1.76616e+033,-2.53017e-098
1.13616e+008,-1.76587e+033,-2.53017e-098
1.13702e+008,-1.76558e+033,-2.53017e-098
1.13789e+008,-1.76529e+033,-2.53017e-098
1.13875e+008,-1.765e+033,-2.53017e-098
1.13962e+008,-1.7647e+033,-2.53017e-098
1.14048e+008,-1.76441e+033,-2.53017e-098
1.14134e+008,-1.76412e+033,-2.53017e-098
1.14221e+008,-1.76383e+033,-2.53017e-098
1.14307e+008,-1.76355e+033,-2.53017e-098
1.14394e+008,-1.76326e+033,-2.53017e-098
1.1448e+008,-1.76297e+033,-2.53017e-098
1.14566e+008,-1.76268e+033,-2.53017e-098
1.14653e+008,-1.7624e+033,-2.53017e-098
1.14739e+008,-1.76211e+033,-2.53017e-098
1.14826e+008,-1.76183e+033,-2.53017e-098
1.14912e+008,-1.76154e+033,-2.53017e-098
1.14998e+008,-1.76126e+033,-2.53017e-098
1.15085e+008,-1.76097e+033,-2.53017e-098
1.15171e+008,-1.76069e+033,-2.53017e-098
1.15258e+008,-1.76041e+033,-2.53017e-098
1.15344e+008,-1.76013e+033,-2.53017e-098
1.1543e+008,-1.75984e+033,-2.53017e-098
1.15517e+008,-1.75956e+033,-2.53017e-098
1.15603e+008,-1.75928e+033,-2.53017e-098
1.1569e+008,-1.759e+033,-2.53017e-098
1.15776e+008,-1.75872e+033,-2.53017e-098
1.15862e+008,-1.75844e+033,-2.53017e-098
1.15949e+008,-1.75817e+033,-2.53017e-098
1.16035e+008,-1.75789e+033,-2.53017e-098
1.16122e+008,-1.75761e+033,-2.53017e-098
1.16208e+008,-1.75733e+033,-2.53017e-098
1.16294e+008,-1.75706e+033,-2.53017e-098
1.16381e+008,-1.75678e+033,-2.53017e-098
1.16467e+008,-1.7565e+033,-2.53017e-098
1.16554e+008,-1.75623e+033,-2.53017e-098
1.1664e+008,-1.75595e+033,-2.53017e-098
1.16726e+008,-1.75568e+033,-2.53017e-098
1.16813e+008,-1.75541e+033,-2.53017e-098
1.16899e+008,-1.75513e+033,-2.53017e-098
1.16986e+008,-1.75486e+033,-2.53017e-098
1.17072e+008,-1.75459e+033,-2.53017e-098
1.17158e+008,-1.75432e+033,-2.53017e-098
1.17245e+008,-1.75405e+033,-2.53017e-098
1.17331e+008,-1.75377e+033,-2.53017e-098
1.17418e+008,-1.7535e+033,-2.53017e-098
1.17504e+008,-1.75323e+033,-2.53017e-098
1.1759e+008,-1.75296e+033,-2.53017e-098
1.17677e+008,-1.7527e+033,-2.53017e-098
1.17763e+008,-1.75243e+033,-2.53017e-098
1.1785e+008,-1.75216e+033,-2.53017e-098
1.17936e+008,-1.75189e+033,-2.53017e-098
1.18022e+008,-1.75162e+033,-2.53017e-098
1.18109e+008,-1.75136e+033,-2.53017e-098
1.18195e+008,-1.75109e+033,-2.53017e-098
1.18282e+008,-1.75082e+033,-2.53017e-098
1.18368e+008,-1.75056e+033,-2.53017e-098
1.18454e+008,-1.75029e+033,-2.53017e-098
1.18541e+008,-1.75003e+033,-2.53017e-098
1.18627e+008,-1.74976e+033,-2.53017e-098
1.18714e+008,-1.7495e+033,-2.53017e-098
1.188e+008,-1.74924e+033,-2.53017e-098
1.18886e+008,-1.74897e+033,-2.53017e-098
1.18973e+008,-1.74871e+033,-2.53017e-098
1.19059e+008,-1.74845e+033,-2.53017e-098
1.19146e+008,-1.74818e+033,-2.53017e-098
1.19232e+008,-1.74792e+033,-2.53017e-098
1.19318e+008,-1.74766e+033,-2.53017e-098
1.19405e+008,-1.7474e+033,-2.53017e-098
1.19491e+008,-1.74714e+033,-2.53017e-098
1.19578e+008,-1.74688e+033,-2.53017e-098
1.19664e+008,-1.74662e+033,-2.53017e-098
1.1975e+008,-1.74636e+033,-2.53017e-098
1.19837e+008,-1.7461e+033,-2.53017e-098
1.19923e+008,-1.74584e+033,-2.53017e-098
1.2001e+008,-1.74558e+033,-2.53017e-098
1.20096e+008,-1.74532e+033,-2.53017e-098
1.20182e+008,-1.74507e+033,-2.53017e-098
1.20269e+008,-1.74481e+033,-2.53017e-098
1.20355e+008,-1.74455e+033,-2.53017e-098
1.20442e+008,-1.74429e+033,-2.53017e-098
1.20528e+008,-1.74404e+033,-2.53017e-098
1.20614e+008,-1.74378e+033,-2.53017e-098
1.20701e+008,-1.74352e+033,-2.53017e-098
1.20787e+008,-1.74327e+033,-2.53017e-098
1.20874e+008,-1.74301e+033,-2.53017e-098
1.2096e+008,-1.74276e+033,-2.53017e-098
1.21046e+008,-1.7425e+033,-2.53017e-098
1.21133e+008,-1.74225e+033,-2.53017e-098
1.21219e+008,-1.74199e+033,-2.53017e-098
1.21306e+008,-1.74174e+033,-2.53017e-098
1.21392e+008,-1.74149e+033,-2.53017e-098
1.21478e+008,-1.74123e+033,-2.53017e-098
1.21565e+008,-1.74098e+033,-2.53017e-098
1.21651e+008,-1.74073e+033,-2.53017e-098
1.21738e+008,-1.74048e+033,-2.53017e-098
1.21824e+008,-1.74022e+033,-2.53017e-098
1.2191e+008,-1.73997e+033,-2.53017e-098
1.21997e+008,-1.73972e+033,-2.53017e-098
1.22083e+008,-1.73947e+033,-2.53017e-098
1.2217e+008,-1.73922e+033,-2.53017e-098
1.22256e+008,-1.73897e+033,-2.53017e-098
1.22342e+008,-1.73872e+033,-2.53017e-098
1.22429e+008,-1.73847e+033,-2.53017e-098
1.22515e+008,-1.73822e+033,-2.53017e-098
1.22602e+008,-1.73797e+033,-2.53017e-098
1.22688e+008,-1.73772e+033,-2.53017e-098
1.22774e+008,-1.73747e+033,-2.53017e-098
1.22861e+008,-1.73722e+033,-2.53017e-098
1.22947e+008,-1.73697e+033,-2.53017e-098
1.23034e+008,-1.73672e+033,-2.53017e-098
1.2312e+008,-1.73647e+033,-2.53017e-098
1.23206e+008,-1.73622e+033,-2.53017e-098
1.23293e+008,-1.73598e+033,-2.53017e-098
1.23379e+008,-1.73573e+033,-2.53017e-098
1.23466e+008,-1.73548e+033,-2.53017e-098
1.23552e+008,-1.73523e+033,-2.53017e-098
1.23638e+008,-1.73499e+033,-2.53017e-098
1.23725e+008,-1.73474e+033,-2.53017e-098
1.23811e+008,-1.73449e+033,-2.53017e-098
1.23898e+008,-1.73424e+033,-2.53017e-098
1.23984e+008,-1.734e+033,-2.53017e-098
1.2407e+008,-1.73375e+033,-2.53017e-098
1.24157e+008,-1.73351e+033,-2.53017e-098
1.24243e+008,-1.73326e+033,-2.53017e-098
1.2433e+008,-1.73301e+033,-2.53017e-098
1.24416e+008,-1.73277e+033,-2.53017e-098
1.24502e+008,-1.73252e+033,-2.53017e-098
1.24589e+008,-1.73228e+033,-2.53017e-098
1.24675e+008,-1.73203e+033,-2.53017e-098
1.24762e+008,-1.73179e+033,-2.53017e-098
1.24848e+008,-1.73154e+033,-2.53017e-098
1.24934e+008,-1.7313e+033,-2.53017e-098
1.25021e+008,-1.73106e+033,-2.53017e-098
1.25107e+008,-1.73081e+033,-2.53017e-098
1.25194e+008,-1.73057e+033,-2.53017e-098
1.2528e+008,-1.73032e+033,-2.53017e-098
1.25366e+008,-1.73008e+033,-2.53017e-098
1.25453e+008,-1.72984e+033,-2.53017e-098
1.25539e+008,-1.72959e+033,-2.53017e-098
1.25626e+008,-1.72935e+033,-2.53017e-098
1.25712e+008,-1.72911e+033,-2.53017e-098
1.25798e+008,-1.72886e+033,-2.53017e-098
1.25885e+008,-1.72862e+033,-2.53017e-098
1.25971e+008,-1.72838e+033,-2.53017e-098
1.26058e+008,-1.72814e+033,-2.53017e-098
1.26144e+008,-1.72789e+033,-2.53017e-098
1.2623e+008,-1.72765e+033,-2.53017e-098
1.26317e+008,-1.72741e+033,-2.53017e-098
1.26403e+008,-1.72717e+033,-2.53017e-098
1.2649e+008,-1.72693e+033,-2.53017e-098
1.26576e+008,-1.72668e+033,-2.53017e-098
1.26662e+008,-1.72644e+033,-2.53017e-098
1.26749e+008,-1.7262e+033,-2.53017e-098
1.26835e+008,-1.72596e+033,-2.53017e-098
1.26922e+008,-1.72572e+033,-2.53017e-098
1.27008e+008,-1.72548e+033,-2.53017e-098
1.27094e+008,-1.72523e+033,-2.53017e-098
1.27181e+008,-1.72499e+033,-2.53017e-098
1.27267e+008,-1.72475e+033,-2.53017e-098
1.27354e+008,-1.72451e+033,-2.53017e-098
1.2744e+008,-1.72427e+033,-2.53017e-098
1.27526e+008,-1.72403e+033,-2.53017e-098
1.27613e+008,-1.72379e+033,-2.53017e-098
1.27699e+008,-1.72355e+033,-2.53017e-098
1.27786e+008,-1.72331e+033,-2.53017e-098
1.27872e+008,-1.72307e+033,-2.53017e-098
1.27958e+008,-1.72282e+033,-2.53017e-098
1.28045e+008,-1.72258e+033,-2.53017e-098
1.28131e+008,-1.72234e+033,-2.53017e-098
1.28218e+008,-1.7221e+033,-2.53017e-098
1.28304e+008,-1.72186e+033,-2.53017e-098
1.2839e+008,-1.72162e+033,-2.53017e-098
1.28477e+008,-1.72138e+033,-2.53017e-098
1.28563e+008,-1.72114e+033,-2.53017e-098
1.2865e+008,-1.7209e+033,-2.53017e-098
1.28736e+008,-1.72066e+033,-2.53017e-098
1.28822e+008,-1.72042e+033,-2.53017e-098
1.28909e+008,-1.72018e+033,-2.53017e-098
1.28995e+008,-1.71994e+033,-2.53017e-098
1.29082e+008,-1.7197e+033,-2.53017e-098
1.29168e+008,-1.71946e+033,-2.53017e-098
1.29254e+008,-1.71922e+033,-2.53017e-098
1.29341e+008,-1.71898e+033,-2.53017e-098
1.29427e+008,-1.71874e+033,-2.53017e-098
1.29514e+008,-1.7185e+033,-2.53017e-098
1.296e+008,-1.71826e+033,-2.53017e-098
1.29686e+008,-1.71802e+033,-2.53017e-098
1.29773e+008,-1.71778e+033,-2.53017e-098
1.29859e+008,-1.71754e+033,-2.53017e-098
1.29946e+008,-1.7173e+033,-2.53017e-098
1.30032e+008,-1.71706e+033,-2.53017e-098
1.30118e+008,-1.71682e+033,-2.53017e-098
1.30205e+008,-1.71658e+033,-2.53017e-098
1.30291e+008,-1.71634e+033,-2.53017e-098
1.30378e+008,-1.7161e+033,-2.53017e-098
1.30464e+008,-1.71586e+033,-2.53017e-098
1.3055e+008,-1.71562e+033,-2.53017e-098
1.30637e+008,-1.71538e+033,-2.53017e-098
1.30723e+008,-1.71514e+033,-2.53017e-098
1.3081e+008,-1.7149e+033,-2.53017e-098
1.30896e+008,-1.71466e+033,-2.53017e-098
1.30982e+008,-1.71442e+033,-2.53017e-098
1.31069e+008,-1.71418e+033,-2.53017e-098
1.31155e+008,-1.71394e+033,-2.53017e-098
1.31242e+008,-1.7137e+033,-2.53017e-098
1.31328e+008,-1.71346e+033,-2.53017e-098
1.31414e+008,-1.71322e+033,-2.53017e-098
1.31501e+008,-1.71298e+033,-2.53017e-098
1.31587e+008,-1.71274e+033,-2.53017e-098
1.31674e+008,-1.7125e+033,-2.53017e-098
1.3176e+008,-1.71226e+033,-2.53017e-098
1.31846e+008,-1.71202e+033,-2.53017e-098
1.31933e+008,-1.71178e+033,-2.53017e-098
1.32019e+008,-1.71154e+033,-2.53017e-098
1.32106e+008,-1.7113e+033,-2.53017e-098
1.32192e+008,-1.71106e+033,-2.53017e-098
1.32278e+008,-1.71081e+033,-2.53017e-098
1.32365e+008,-1.71057e+033,-2.53017e-098
1.32451e+008,-1.71033e+033,-2.53017e-098
1.32538e+008,-1.71009e+033,-2.53017e-098
1.32624e+008,-1.70985e+033,-2.53017e-098
1.3271e+008,-1.70961e+033,-2.53017e-098
1.32797e+008,-1.70937e+033,-2.53017e-098
1.32883e+008,-1.70913e+033,-2.53017e-098
1.3297e+008,-1.70888e+033,-2.53017e-098
1.33056e+008,-1.70864e+033,-2.53017e-098
1.33142e+008,-1.7084e+033,-2.53017e-098
1.33229e+008,-1.70816e+033,-2.53017e-098
1.33315e+008,-1.70792e+033,-2.53017e-098
1.33402e+008,-1.70768e+033,-2.53017e-098
1.33488e+008,-1.70743e+033,-2.53017e-098
1.33574e+008,-1.70719e+033,-2.53017e-098
1.33661e+008,-1.70695e+033,-2.53017e-098
1.33747e+008,-1.70671e+033,-2.53017e-098
1.33834e+008,-1.70647e+033,-2.53017e-098
1.3392e+008,-1.70622e+033,-2.53017e-098
1.34006e+008,-1.70598e+033,-2.53017e-098
1.34093e+008,-1.70574e+033,-2.53017e-098
1.34179e+008,-1.70549e+033,-2.53017e-098
1.34266e+008,-1.70525e+033,-2.53017e-098
1.34352e+008,-1.70501e+033,-2.53017e-098
1.34438e+008,-1.70477e+033,-2.53017e-098
1.34525e+008,-1.70452e+033,-2.53017e-098
1.34611e+008,-1.70428e+033,-2.53017e-098
1.34698e+008,-1.70404e+033,-2.53017e-098
1.34784e+008,-1.70379e+033,-2.53017e-098
1.3487e+008,-1.70355e+033,-2.53017e-098
1.34957e+008,-1.7033e+033,-2.53017e-098
1.35043e+008,-1.70306e+033,-2.53017e-098
1.3513e+008,-1.70282e+033,-2.53017e-098
1.35216e+008,-1.70257e+033,-2.53017e-098
1.35302e+008,-1.70233e+033,-2.53017e-098
1.35389e+008,-1.70208e+033,-2.53017e-098
1.35475e+008,-1.70184e+033,-2.53017e-098
1.35562e+008,-1.70159e+033,-2.53017e-098
1.35648e+008,-1.70135e+033,-2.53017e-098
1.35734e+008,-1.7011e+033,-2.53017e-098
1.35821e+008,-1.70086e+033,-2.53017e-098
1.35907e+008,-1.70061e+033,-2.53017e-098
1.35994e+008,-1.70037e+033,-2.53017e-098
1.3608e+008,-1.70012e+033,-2.53017e-098
1.36166e+008,-1.69988e+033,-2.53017e-098
1.36253e+008,-1.69963e+033,-2.53017e-098
1.36339e+008,-1.69938e+033,-2.53017e-098
1.36426e+008,-1.69914e+033,-2.53017e-098
1.36512e+008,-1.69889e+033,-2.53017e-098
1.36598e+008,-1.69864e+033,-2.53017e-098
1.36685e+008,-1.6984e+033,-2.53017e-098
1.36771e+008,-1.69815e+033,-2.53017e-098
1.36858e+008,-1.6979e+033,-2.53017e-098
1.36944e+008,-1.69766e+033,-2.53017e-098
1.3703e+008,-1.69741e+033,-2.53017e-098
1.37117e+008,-1.69716e+033,-2.53017e-098
1.37203e+008,-1.69691e+033,-2.53017e-098
1.3729e+008,-1.69667e+033,-2.53017e-098
1.37376e+008,-1.69642e+033,-2.53017e-098
1.37462e+008,-1.69617e+033,-2.53017e-098
1.37549e+008,-1.69592e+033,-2.53017e-098
1.37635e+008,-1.69567e+033,-2.53017e-098
1.37722e+008,-1.69542e+033,-2.53017e-098
1.37808e+008,-1.69517e+033,-2.53017e-098
1.37894e+008,-1.69493e+033,-2.53017e-098
1.37981e+008,-1.69468e+033,-2.53017e-098
1.38067e+008,-1.69443e+033,-2.53017e-098
1.38154e+008,-1.69418e+033,-2.53017e-098
1.3824e+008,-1.69393e+033,-2.53017e-098
1.38326e+008,-1.69368e+033,-2.53017e-098
1.38413e+008,-1.69343e+033,-2.53017e-098
1.38499e+008,-1.69318e+033,-2.53017e-098
1.38586e+008,-1.69293e+033,-2.53017e-098
1.38672e+008,-1.69268e+033,-2.53017e-098
1.38758e+008,-1.69242e+033,-2.53017e-098
1.38845e+008,-1.69217e+033,-2.53017e-098
1.38931e+008,-1.69192e+033,-2.53017e-098
1.39018e+008,-1.69167e+033,-2.53017e-098
1.39104e+008,-1.69142e+033,-2.53017e-098
1.3919e+008,-1.69117e+033,-2.53017e-098
1.39277e+008,-1.69091e+033,-2.53017e-098
1.39363e+008,-1.69066e+033,-2.53017e-098
1.3945e+008,-1.69041e+033,-2.53017e-098
1.39536e+008,-1.69016e+033,-2.53017e-098
1.39622e+008,-1.6899e+033,-2.53017e-098
1.39709e+008,-1.68965e+033,-2.53017e-098
1.39795e+008,-1.6894e+033,-2.53017e-098
1.39882e+008,-1.68914e+033,-2.53017e-098
1.39968e+008,-1.68889e+033,-2.53017e-098
1.40054e+008,-1.68864e+033,-2.53017e-098
1.40141e+008,-1.68838e+033,-2.53017e-098
1.40227e+008,-1.68813e+033,-2.53017e-098
1.40314e+008,-1.68787e+033,-2.53017e-098
1.404e+008,-1.68762e+033,-2.53017e-098
1.40486e+008,-1.68736e+033,-2.53017e-098
1.40573e+008,-1.68711e+033,-2.53017e-098
1.40659e+008,-1.68685e+033,-2.53017e-098
1.40746e+008,-1.6866e+033,-2.53017e-098
1.40832e+008,-1.68634e+033,-2.53017e-098
1.40918e+008,-1.68609e+033,-2.53017e-098
1.41005e+008,-1.68583e+033,-2.53017e-098
1.41091e+008,-1.68557e+033,-2.53017e-098
1.41178e+008,-1.68532e+033,-2.53017e-098
1.41264e+008,-1.68506e+033,-2.53017e-098
1.4135e+008,-1.6848e+033,-2.53017e-098
1.41437e+008,-1.68455e+033,-2.53017e-098
1.41523e+008,-1.68429e+033,-2.53017e-098
1.4161e+008,-1.68403e+033,-2.53017e-098
1.41696e+008,-1.68377e+033,-2.53017e-098
1.41782e+008,-1.68351e+033,-2.53017e-098
1.41869e+008,-1.68326e+033,-2.53017e-098
1.41955e+008,-1.683e+033,-2.53017e-098
1.42042e+008,-1.68274e+033,-2.53017e-098
1.42128e+008,-1.68248e+033,-2.53017e-098
1.42214e+008,-1.68222e+033,-2.53017e-098
1.42301e+008,-1.68196e+033,-2.53017e-098
1.42387e+008,-1.6817e+033,-2.53017e-098
1.42474e+008,-1.68144e+033,-2.53017e-098
1.4256e+008,-1.68118e+033,-2.53017e-098
1.42646e+008,-1.68092e+033,-2.53017e-098
1.42733e+008,-1.68066e+033,-2.53017e-098
1.42819e+008,-1.6804e+033,-2.53017e-098
1.42906e+008,-1.68014e+033,-2.53017e-098
1.42992e+008,-1.67988e+033,-2.53017e-098
1.43078e+008,-1.67962e+033,-2.53017e-098
1.43165e+008,-1.67936e+033,-2.53017e-098
1.43251e+008,-1.6791e+033,-2.53017e-098
1.43338e+008,-1.67883e+033,-2.53017e-098
1.43424e+008,-1.67857e+033,-2.53017e-098
1.4351e+008,-1.67831e+033,-2.53017e-098
1.43597e+008,-1.67805e+033,-2.53017e-098
1.43683e+008,-1.67779e+033,-2.53017e-098
1.4377e+008,-1.67752e+033,-2.53017e-098
1.43856e+008,-1.67726e+033,-2.53017e-098
1.43942e+008,-1.677e+033,-2.53017e-098
1.44029e+008,-1.67673e+033,-2.53017e-098
1.44115e+008,-1.67647e+033,-2.53017e-098
1.44202e+008,-1.67621e+033,-2.53017e-098
1.44288e+008,-1.67594e+033,-2.53017e-098
1.44374e+008,-1.67568e+033,-2.53017e-098
1.44461e+008,-1.67541e+033,-2.53017e-098
1.44547e+008,-1.67515e+033,-2.53017e-098
1.44634e+008,-1.67488e+033,-2.53017e-098
1.4472e+008,-1.67462e+033,-2.53017e-098
1.44806e+008,-1.67435e+033,-2.53017e-098
1.44893e+008,-1.67409e+033,-2.53017e-098
1.44979e+008,-1.67382e+033,-2.53017e-098
1.45066e+008,-1.67356e+033,-2.53017e-098
1.45152e+008,-1.67329e+033,-2.53017e-098
1.45238e+008,-1.67302e+033,-2.53017e-098
1.45325e+008,-1.67276e+033,-2.53017e-098
1.45411e+008,-1.67249e+033,-2.53017e-098
1.45498e+008,-1.67222e+033,-2.53017e-098
1.45584e+008,-1.67196e+033,-2.53017e-098
1.4567e+008,-1.67169e+033,-2.53017e-098
1.45757e+008,-1.67142e+033,-2.53017e-098
1.45843e+008,-1.67116e+033,-2.53017e-098
1.4593e+008,-1.67089e+033,-2.53017e-098
1.46016e+008,-1.67062e+033,-2.53017e-098
1.46102e+008,-1.67035e+033,-2.53017e-098
1.46189e+008,-1.67009e+033,-2.53017e-098
1.46275e+008,-1.66982e+033,-2.53017e-098
1.46362e+008,-1.66955e+033,-2.53017e-098
1.46448e+008,-1.66928e+033,-2.53017e-098
1.46534e+008,-1.66901e+033,-2.53017e-098
1.46621e+008,-1.66874e+033,-2.53017e-098
1.46707e+008,-1.66847e+033,-2.53017e-098
1.46794e+008,-1.6682e+033,-2.53017e-098
1.4688e+008,-1.66793e+033,-2.53017e-098
1.46966e+008,-1.66766e+033,-2.53017e-098
1.47053e+008,-1.66739e+033,-2.53017e-098
1.47139e+008,-1.66712e+033,-2.53017e-098
1.47226e+008,-1.66685e+033,-2.53017e-098
1.47312e+008,-1.66658e+033,-2.53017e-098
1.47398e+008,-1.66631e+033,-2.53017e-098
1.47485e+008,-1.66604e+033,-2.53017e-098
1.47571e+008,-1.66577e+033,-2.53017e-098
1.47658e+008,-1.6655e+033,-2.53017e-098
1.47744e+008,-1.66523e+033,-2.53017e-098
1.4783e+008,-1.66496e+033,-2.53017e-098
1.47917e+008,-1.66469e+033,-2.53017e-098
1.48003e+008,-1.66442e+033,-2.53017e-098
1.4809e+008,-1.66415e+033,-2.53017e-098
1.48176e+008,-1.66387e+033,-2.53017e-098
1.48262e+008,-1.6636e+033,-2.53017e-098
1.48349e+008,-1.66333e+033,-2.53017e-098
1.48435e+008,-1.66306e+033,-2.53017e-098
1.48522e+008,-1.66279e+033,-2.53017e-098
1.48608e+008,-1.66251e+033,-2.53017e-098
1.48694e+008,-1.66224e+033,-2.53017e-098
1.48781e+008,-1.66197e+033,-2.53017e-098
1.48867e+008,-1.6617e+033,-2.53017e-098
1.48954e+008,-1.66142e+033,-2.53017e-098
1.4904e+008,-1.66115e+033,-2.53017e-098
1.49126e+008,-1.66088e+033,-2.53017e-098
1.49213e+008,-1.66061e+033,-2.53017e-098
1.49299e+008,-1.66033e+033,-2.53017e-098
1.49386e+008,-1.66006e+033,-2.53017e-098
1.49472e+008,-1.65979e+033,-2.53017e-098
1.49558e+008,-1.65951e+033,-2.53017e-098
1.49645e+008,-1.65924e+033,-2.53017e-098
1.49731e+008,-1.65897e+033,-2.53017e-098
1.49818e+008,-1.65869e+033,-2.53017e-098
1.49904e+008,-1.65842e+033,-2.53017e-098
1.4999e+008,-1.65814e+033,-2.53017e-098
1.50077e+008,-1.65787e+033,-2.53017e-098
1.50163e+008,-1.6576e+033,-2.53017e-098
1.5025e+008,-1.65732e+033,-2.53017e-098
1.50336e+008,-1.65705e+033,-2.53017e-098
1.50422e+008,-1.65677e+033,-2.53017e-098
1.50509e+008,-1.6565e+033,-2.53017e-098
1.50595e+008,-1.65623e+033,-2.53017e-098
1.50682e+008,-1.65595e+033,-2.53017e-098
1.50768e+008,-1.65568e+033,-2.53017e-098
1.50854e+008,-1.6554e+033,-2.53017e-098
1.50941e+008,-1.65513e+033,-2.53017e-098
1.51027e+008,-1.65485e+033,-2.53017e-098
1.51114e+008,-1.65458e+033,-2.53017e-098
1.512e+008,-1.6543e+033,-2.53017e-098
1.51286e+008,-1.65403e+033,-2.53017e-098
1.51373e+008,-1.65375e+033,-2.53017e-098
1.51459e+008,-1.65348e+033,-2.53017e-098
1.51546e+008,-1.65321e+033,-2.53017e-098
1.51632e+008,-1.65293e+033,-2.53017e-098
1.51718e+008,-1.65266e+033,-2.53017e-098
1.51805e+008,-1.65238e+033,-2.53017e-098
1.51891e+008,-1.65211e+033,-2.53017e-098
1.51978e+008,-1.65183e+033,-2.53017e-098
1.52064e+008,-1.65156e+033,-2.53017e-098
1.5215e+008,-1.65128e+033,-2.53017e-098
1.52237e+008,-1.65101e+033,-2.53017e-098
1.52323e+008,-1.65073e+033,-2.53017e-098
1.5241e+008,-1.65046e+033,-2.53017e-098
1.52496e+008,-1.65018e+033,-2.53017e-098
1.52582e+008,-1.64991e+033,-2.53017e-098
1.52669e+008,-1.64963e+033,-2.53017e-098
1.52755e+008,-1.64936e+033,-2.53017e-098
1.52842e+008,-1.64908e+033,-2.53017e-098
1.52928e+008,-1.64881e+033,-2.53017e-098
1.53014e+008,-1.64853e+033,-2.53017e-098
1.53101e+008,-1.64826e+033,-2.53017e-098
1.53187e+008,-1.64798e+033,-2.53017e-098
1.53274e+008,-1.64771e+033,-2.53017e-098
1.5336e+008,-1.64743e+033,-2.53017e-098
1.53446e+008,-1.64716e+033,-2.53017e-098
1.53533e+008,-1.64689e+033,-2.53017e-098
1.53619e+008,-1.64661e+033,-2.53017e-098
1.53706e+008,-1.64634e+033,-2.53017e-098
1.53792e+008,-1.64606e+033,-2.53017e-098
1.53878e+008,-1.64579e+033,-2.53017e-098
1.53965e+008,-1.64551e+033,-2.53017e-098
1.54051e+008,-1.64524e+033,-2.53017e-098
1.54138e+008,-1.64497e+033,-2.53017e-098
1.54224e+008,-1.64469e+033,-2.53017e-098
1.5431e+008,-1.64442e+033,-2.53017e-098
1.54397e+008,-1.64414e+033,-2.53017e-098
1.54483e+008,-1.64387e+033,-2.53017e-098
1.5457e+008,-1.6436e+033,-2.53017e-098
1.54656e+008,-1.64332e+033,-2.53017e-098
1.54742e+008,-1.64305e+033,-2.53017e-098
1.54829e+008,-1.64278e+033,-2.53017e-098
1.54915e+008,-1.6425e+033,-2.53017e-098
1.55002e+008,-1.64223e+033,-2.53017e-098
1.55088e+008,-1.64196e+033,-2.53017e-098
1.55174e+008,-1.64168e+033,-2.53017e-098
1.55261e+008,-1.64141e+033,-2.53017e-098
1.55347e+008,-1.64114e+033,-2.53017e-098
1.55434e+008,-1.64087e+033,-2.53017e-098
1.5552e+008,-1.64059e+033,-2.53017e-098
1.55606e+008,-1.64032e+033,-2.53017e-098
1.55693e+008,-1.64005e+033,-2.53017e-098
1.55779e+008,-1.63978e+033,-2.53017e-098
1.55866e+008,-1.63951e+033,-2.53017e-098
1.55952e+008,-1.63923e+033,-2.53017e-098
1.56038e+008,-1.63896e+033,-2.53017e-098
1.56125e+008,-1.63869e+033,-2.53017e-098
1.56211e+008,-1.63842e+033,-2.53017e-098
1.56298e+008,-1.63815e+033,-2.53017e-098
1.56384e+008,-1.63788e+033,-2.53017e-098
1.5647e+008,-1.63761e+033,-2.53017e-098
1.56557e+008,-1.63734e+033,-2.53017e-098
1.56643e+008,-1.63707e+033,-2.53017e-098
1.5673e+008,-1.6368e+033,-2.53017e-098
1.56816e+008,-1.63653e+033,-2.53017e-098
1.56902e+008,-1.63626e+033,-2.53017e-098
1.56989e+008,-1.63599e+033,-2.53017e-098
1.57075e+008,-1.63572e+033,-2.53017e-098
1.57162e+008,-1.63545e+033,-2.53017e-098
1.57248e+008,-1.63518e+033,-2.53017e-098
1.57334e+008,-1.63491e+033,-2.53017e-098
1.57421e+008,-1.63464e+033,-2.53017e-098
1.57507e+008,-1.63437e+033,-2.53017e-098
1.57594e+008,-1.6341e+033,-2.53017e-098
1.5768e+008,-1.63384e+033,-2.53017e-098
1.57766e+008,-1.63357e+033,-2.53017e-098
