0,2.66131e+040,-2.53017e-098
86400,2.66184e+040,-2.53017e-098
172800,2.66236e+040,-2.53017e-098
259200,2.66289e+040,-2.53017e-098
345600,2.66341e+040,-2.53017e-098
432000,2.66394e+040,-2.53017e-098
518400,2.66446e+040,-2.53017e-098
604800,2.66499e+040,-2.53017e-098
691200,2.66551e+040,-2.53017e-098
777600,2.66604e+040,-2.53017e-098
864000,2.66656e+040,-2.53017e-098
950400,2.66709e+040,-2.53017e-098
1.0368e+006,2.66761e+040,-2.53017e-098
1.1232e+006,2.66814e+040,-2.53017e-098
1.2096e+006,2.66866e+040,-2.53017e-098
1.296e+006,2.66918e+040,-2.53017e-098
1.3824e+006,2.66971e+040,-2.53017e-098
1.4688e+006,2.67023e+040,-2.53017e-098
1.5552e+006,2.67076e+040,-2.53017e-098
1.6416e+006,2.67128e+040,-2.53017e-098
1.728e+006,2.67181e+040,-2.53017e-098
1.8144e+006,2.67233e+040,-2.53017e-098
1.9008e+006,2.67285e+040,-2.53017e-098
1.9872e+006,2.67338e+040,-2.53017e-098
2.0736e+006,2.6739e+040,-2.53017e-098
2.16e+006,2.67442e+040,-2.53017e-098
2.2464e+006,2.67495e+040,-2.53017e-098
2.3328e+006,2.67547e+040,-2.53017e-098
2.4192e+006,2.67599e+040,-2.53017e-098
2.5056e+006,2.67652e+040,-2.53017e-098
2.592e+006,2.67704e+040,-2.53017e-098
2.6784e+006,2.67756e+040,-2.53017e-098
2.7648e+006,2.67809e+040,-2.53017e-098
2.8512e+006,2.67861e+040,-2.53017e-098
2.9376e+006,2.67913e+040,-2.53017e-098
3.024e+006,2.67965e+040,-2.53017e-098
3.1104e+006,2.68018e+040,-2.53017e-098
3.1968e+006,2.6807e+040,-2.53017e-098
3.2832e+006,2.68122e+040,-2.53017e-098
3.3696e+006,2.68174e+040,-2.53017e-098
3.456e+006,2.68226e+040,-2.53017e-098
3.5424e+006,2.68279e+040,-2.53017e-098
3.6288e+006,2.68331e+040,-2.53017e-098
3.7152e+006,2.68383e+040,-2.53017e-098
3.8016e+006,2.68435e+040,-2.53017e-098
3.888e+006,2.68487e+040,-2.53017e-098
3.9744e+006,2.68539e+040,-2.53017e-098
4.0608e+006,2.68591e+040,-2.53017e-098
4.1472e+006,2.68643e+040,-2.53017e-098
4.2336e+006,2.68695e+040,-2.53017e-098
4.32e+006,2.68747e+040,-2.53017e-098
4.4064e+006,2.68799e+040,-2.53017e-098
4.4928e+006,2.68851e+040,-2.53017e-098
4.5792e+006,2.68903e+040,-2.53017e-098
4.6656e+006,2.68955e+040,-2.53017e-098
4.752e+006,2.69007e+040,-2.53017e-098
4.8384e+006,2.69059e+040,-2.53017e-098
4.9248e+006,2.69111e+040,-2.53017e-098
5.0112e+006,2.69163e+040,-2.53017e-098
5.0976e+006,2.69214e+040,-2.53017e-098
5.184e+006,2.69266e+040,-2.53017e-098
5.2704e+006,2.69318e+040,-2.53017e-098
5.3568e+006,2.6937e+040,-2.53017e-098
5.4432e+006,2.69421e+040,-2.53017e-098
5.5296e+006,2.69473e+040,-2.53017e-098
5.616e+006,2.69525e+040,-2.53017e-098
5.7024e+006,2.69576e+040,-2.53017e-098
5.7888e+006,2.69628e+040,-2.53017e-098
5.8752e+006,2.69679e+040,-2.53017e-098
5.9616e+006,2.69731e+040,-2.53017e-098
6.048e+006,2.69782e+040,-2.53017e-098
6.1344e+006,2.69834e+040,-2.53017e-098
6.2208e+006,2.69885e+040,-2.53017e-098
6.3072e+006,2.69937e+040,-2.53017e-098
6.3936e+006,2.69988e+040,-2.53017e-098
6.48e+006,2.70039e+040,-2.53017e-098
6.5664e+006,2.70091e+040,-2.53017e-098
6.6528e+006,2.70142e+040,-2.53017e-098
6.7392e+006,2.70193e+040,-2.53017e-098
6.8256e+006,2.70244e+040,-2.53017e-098
6.912e+006,2.70295e+040,-2.53017e-098
6.9984e+006,2.70347e+040,-2.53017e-098
7.0848e+006,2.70398e+040,-2.53017e-098
7.1712e+006,2.70449e+040,-2.53017e-098
7.2576e+006,2.705e+040,-2.53017e-098
7.344e+006,2.7055e+040,-2.53017e-098
7.4304e+006,2.70601e+040,-2.53017e-098
7.5168e+006,2.70652e+040,-2.53017e-098
7.6032e+006,2.70703e+040,-2.53017e-098
7.6896e+006,2.70754e+040,-2.53017e-098
7.776e+006,2.70804e+040,-2.53017e-098
7.8624e+006,2.70855e+040,-2.53017e-098
7.9488e+006,2.70906e+040,-2.53017e-098
8.0352e+006,2.70956e+040,-2.53017e-098
8.1216e+006,2.71007e+040,-2.53017e-098
8.208e+006,2.71057e+040,-2.53017e-098
8.2944e+006,2.71108e+040,-2.53017e-098
8.3808e+006,2.71158e+040,-2.53017e-098
8.4672e+006,2.71208e+040,-2.53017e-098
8.5536e+006,2.71259e+040,-2.53017e-098
8.64e+006,2.71309e+040,-2.53017e-098
8.7264e+006,2.71359e+040,-2.53017e-098
8.8128e+006,2.71409e+040,-2.53017e-098
8.8992e+006,2.71459e+040,-2.53017e-098
8.9856e+006,2.71509e+040,-2.53017e-098
9.072e+006,2.71559e+040,-2.53017e-098
9.1584e+006,2.71609e+040,-2.53017e-098
9.2448e+006,2.71659e+040,-2.53017e-098
9.3312e+006,2.71709e+040,-2.53017e-098
9.4176e+006,2.71758e+040,-2.53017e-098
9.504e+006,2.71808e+040,-2.53017e-098
9.5904e+006,2.71857e+040,-2.53017e-098
9.6768e+006,2.71907e+040,-2.53017e-098
9.7632e+006,2.71956e+040,-2.53017e-098
9.8496e+006,2.72006e+040,-2.53017e-098
9.936e+006,2.72055e+040,-2.53017e-098
1.00224e+007,2.72105e+040,-2.53017e-098
1.01088e+007,2.72154e+040,-2.53017e-098
1.01952e+007,2.72203e+040,-2.53017e-098
1.02816e+007,2.72252e+040,-2.53017e-098
1.0368e+007,2.72301e+040,-2.53017e-098
1.04544e+007,2.7235e+040,-2.53017e-098
1.05408e+007,2.72399e+040,-2.53017e-098
1.06272e+007,2.72448e+040,-2.53017e-098
1.07136e+007,2.72497e+040,-2.53017e-098
1.08e+007,2.72545e+040,-2.53017e-098
1.08864e+007,2.72594e+040,-2.53017e-098
1.09728e+007,2.72643e+040,-2.53017e-098
1.10592e+007,2.72691e+040,-2.53017e-098
1.11456e+007,2.7274e+040,-2.53017e-098
1.1232e+007,2.72788e+040,-2.53017e-098
1.13184e+007,2.72836e+040,-2.53017e-098
1.14048e+007,2.72885e+040,-2.53017e-098
1.14912e+007,2.72933e+040,-2.53017e-098
1.15776e+007,2.72981e+040,-2.53017e-098
1.1664e+007,2.73029e+040,-2.53017e-098
1.17504e+007,2.73077e+040,-2.53017e-098
1.18368e+007,2.73125e+040,-2.53017e-098
1.19232e+007,2.73173e+040,-2.53017e-098
1.20096e+007,2.7322e+040,-2.53017e-098
1.2096e+007,2.73268e+040,-2.53017e-098
1.21824e+007,2.73316e+040,-2.53017e-098
1.22688e+007,2.73363e+040,-2.53017e-098
1.23552e+007,2.73411e+040,-2.53017e-098
1.24416e+007,2.73458e+040,-2.53017e-098
1.2528e+007,2.73506e+040,-2.53017e-098
1.26144e+007,2.73553e+040,-2.53017e-098
1.27008e+007,2.736e+040,-2.53017e-098
1.27872e+007,2.73647e+040,-2.53017e-098
1.28736e+007,2.73694e+040,-2.53017e-098
1.296e+007,2.73741e+040,-2.53017e-098
1.30464e+007,2.73788e+040,-2.53017e-098
1.31328e+007,2.73835e+040,-2.53017e-098
1.32192e+007,2.73882e+040,-2.53017e-098
1.33056e+007,2.73928e+040,-2.53017e-098
1.3392e+007,2.73975e+040,-2.53017e-098
1.34784e+007,2.74021e+040,-2.53017e-098
1.35648e+007,2.74068e+040,-2.53017e-098
1.36512e+007,2.74114e+040,-2.53017e-098
1.37376e+007,2.74161e+040,-2.53017e-098
1.3824e+007,2.74207e+040,-2.53017e-098
1.39104e+007,2.74253e+040,-2.53017e-098
1.39968e+007,2.74299e+040,-2.53017e-098
1.40832e+007,2.74345e+040,-2.53017e-098
1.41696e+007,2.74391e+040,-2.53017e-098
1.4256e+007,2.74437e+040,-2.53017e-098
1.43424e+007,2.74483e+040,-2.53017e-098
1.44288e+007,2.74528e+040,-2.53017e-098
1.45152e+007,2.74574e+040,-2.53017e-098
1.46016e+007,2.7462e+040,-2.53017e-098
1.4688e+007,2.74665e+040,-2.53017e-098
1.47744e+007,2.7471e+040,-2.53017e-098
1.48608e+007,2.74756e+040,-2.53017e-098
1.49472e+007,2.74801e+040,-2.53017e-098
1.50336e+007,2.74846e+040,-2.53017e-098
1.512e+007,2.74891e+040,-2.53017e-098
1.52064e+007,2.74936e+040,-2.53017e-098
1.52928e+007,2.74981e+040,-2.53017e-098
1.53792e+007,2.75026e+040,-2.53017e-098
1.54656e+007,2.75071e+040,-2.53017e-098
1.5552e+007,2.75116e+040,-2.53017e-098
1.56384e+007,2.7516e+040,-2.53017e-098
1.57248e+007,2.75205e+040,-2.53017e-098
1.58112e+007,2.7525e+040,-2.53017e-098
1.58976e+007,2.75294e+040,-2.53017e-098
1.5984e+007,2.75338e+040,-2.53017e-098
1.60704e+007,2.75383e+040,-2.53017e-098
1.61568e+007,2.75427e+040,-2.53017e-098
1.62432e+007,2.75471e+040,-2.53017e-098
1.63296e+007,2.75515e+040,-2.53017e-098
1.6416e+007,2.75559e+040,-2.53017e-098
1.65024e+007,2.75603e+040,-2.53017e-098
1.65888e+007,2.75647e+040,-2.53017e-098
1.66752e+007,2.75691e+040,-2.53017e-098
1.67616e+007,2.75735e+040,-2.53017e-098
1.6848e+007,2.75778e+040,-2.53017e-098
1.69344e+007,2.75822e+040,-2.53017e-098
1.70208e+007,2.75865e+040,-2.53017e-098
1.71072e+007,2.75909e+040,-2.53017e-098
1.71936e+007,2.75952e+040,-2.53017e-098
1.728e+007,2.75995e+040,-2.53017e-098
1.73664e+007,2.76039e+040,-2.53017e-098
1.74528e+007,2.76082e+040,-2.53017e-098
1.75392e+007,2.76125e+040,-2.53017e-098
1.76256e+007,2.76168e+040,-2.53017e-098
1.7712e+007,2.76211e+040,-2.53017e-098
1.77984e+007,2.76254e+040,-2.53017e-098
1.78848e+007,2.76297e+040,-2.53017e-098
1.79712e+007,2.76339e+040,-2.53017e-098
1.80576e+007,2.76382e+040,-2.53017e-098
1.8144e+007,2.76425e+040,-2.53017e-098
1.82304e+007,2.76467e+040,-2.53017e-098
1.83168e+007,2.7651e+040,-2.53017e-098
1.84032e+007,2.76552e+040,-2.53017e-098
1.84896e+007,2.76595e+040,-2.53017e-098
1.8576e+007,2.76637e+040,-2.53017e-098
1.86624e+007,2.76679e+040,-2.53017e-098
1.87488e+007,2.76721e+040,-2.53017e-098
1.88352e+007,2.76763e+040,-2.53017e-098
1.89216e+007,2.76805e+040,-2.53017e-098
1.9008e+007,2.76847e+040,-2.53017e-098
1.90944e+007,2.76889e+040,-2.53017e-098
1.91808e+007,2.76931e+040,-2.53017e-098
1.92672e+007,2.76973e+040,-2.53017e-098
1.93536e+007,2.77015e+040,-2.53017e-098
1.944e+007,2.77056e+040,-2.53017e-098
1.95264e+007,2.77098e+040,-2.53017e-098
1.96128e+007,2.77139e+040,-2.53017e-098
1.96992e+007,2.77181e+040,-2.53017e-098
1.97856e+007,2.77222e+040,-2.53017e-098
1.9872e+007,2.77264e+040,-2.53017e-098
1.99584e+007,2.77305e+040,-2.53017e-098
2.00448e+007,2.77346e+040,-2.53017e-098
2.01312e+007,2.77388e+040,-2.53017e-098
2.02176e+007,2.77429e+040,-2.53017e-098
2.0304e+007,2.7747e+040,-2.53017e-098
2.03904e+007,2.77511e+040,-2.53017e-098
2.04768e+007,2.77552e+040,-2.53017e-098
2.05632e+007,2.77593e+040,-2.53017e-098
2.06496e+007,2.77634e+040,-2.53017e-098
2.0736e+007,2.77674e+040,-2.53017e-098
2.08224e+007,2.77715e+040,-2.53017e-098
2.09088e+007,2.77756e+040,-2.53017e-098
2.09952e+007,2.77796e+040,-2.53017e-098
2.10816e+007,2.77837e+040,-2.53017e-098
2.1168e+007,2.77878e+040,-2.53017e-098
2.12544e+007,2.77918e+040,-2.53017e-098
2.13408e+007,2.77959e+040,-2.53017e-098
2.14272e+007,2.77999e+040,-2.53017e-098
2.15136e+007,2.78039e+040,-2.53017e-098
2.16e+007,2.7808e+040,-2.53017e-098
2.16864e+007,2.7812e+040,-2.53017e-098
2.17728e+007,2.7816e+040,-2.53017e-098
2.18592e+007,2.782e+040,-2.53017e-098
2.19456e+007,2.7824e+040,-2.53017e-098
2.2032e+007,2.7828e+040,-2.53017e-098
2.21184e+007,2.7832e+040,-2.53017e-098
2.22048e+007,2.7836e+040,-2.53017e-098
2.22912e+007,2.784e+040,-2.53017e-098
2.23776e+007,2.7844e+040,-2.53017e-098
2.2464e+007,2.7848e+040,-2.53017e-098
2.25504e+007,2.7852e+040,-2.53017e-098
2.26368e+007,2.78559e+040,-2.53017e-098
2.27232e+007,2.78599e+040,-2.53017e-098
2.28096e+007,2.78639e+040,-2.53017e-098
2.2896e+007,2.78678e+040,-2.53017e-098
2.29824e+007,2.78718e+040,-2.53017e-098
2.30688e+007,2.78758e+040,-2.53017e-098
2.31552e+007,2.78797e+040,-2.53017e-098
2.32416e+007,2.78837e+040,-2.53017e-098
2.3328e+007,2.78876e+040,-2.53017e-098
2.34144e+007,2.78915e+040,-2.53017e-098
2.35008e+007,2.78955e+040,-2.53017e-098
2.35872e+007,2.78994e+040,-2.53017e-098
2.36736e+007,2.79033e+040,-2.53017e-098
2.376e+007,2.79072e+040,-2.53017e-098
2.38464e+007,2.79112e+040,-2.53017e-098
2.39328e+007,2.79151e+040,-2.53017e-098
2.40192e+007,2.7919e+040,-2.53017e-098
2.41056e+007,2.79229e+040,-2.53017e-098
2.4192e+007,2.79268e+040,-2.53017e-098
2.42784e+007,2.79307e+040,-2.53017e-098
2.43648e+007,2.79346e+040,-2.53017e-098
2.44512e+007,2.79385e+040,-2.53017e-098
2.45376e+007,2.79424e+040,-2.53017e-098
2.4624e+007,2.79463e+040,-2.53017e-098
2.47104e+007,2.79502e+040,-2.53017e-098
2.47968e+007,2.7954e+040,-2.53017e-098
2.48832e+007,2.79579e+040,-2.53017e-098
2.49696e+007,2.79618e+040,-2.53017e-098
2.5056e+007,2.79657e+040,-2.53017e-098
2.51424e+007,2.79695e+040,-2.53017e-098
2.52288e+007,2.79734e+040,-2.53017e-098
2.53152e+007,2.79773e+040,-2.53017e-098
2.54016e+007,2.79811e+040,-2.53017e-098
2.5488e+007,2.7985e+040,-2.53017e-098
2.55744e+007,2.79889e+040,-2.53017e-098
2.56608e+007,2.79927e+040,-2.53017e-098
2.57472e+007,2.79966e+040,-2.53017e-098
2.58336e+007,2.80004e+040,-2.53017e-098
2.592e+007,2.80043e+040,-2.53017e-098
2.60064e+007,2.80081e+040,-2.53017e-098
2.60928e+007,2.8012e+040,-2.53017e-098
2.61792e+007,2.80158e+040,-2.53017e-098
2.62656e+007,2.80196e+040,-2.53017e-098
2.6352e+007,2.80235e+040,-2.53017e-098
2.64384e+007,2.80273e+040,-2.53017e-098
2.65248e+007,2.80311e+040,-2.53017e-098
2.66112e+007,2.8035e+040,-2.53017e-098
2.66976e+007,2.80388e+040,-2.53017e-098
2.6784e+007,2.80426e+040,-2.53017e-098
2.68704e+007,2.80464e+040,-2.53017e-098
2.69568e+007,2.80503e+040,-2.53017e-098
2.70432e+007,2.80541e+040,-2.53017e-098
2.71296e+007,2.80579e+040,-2.53017e-098
2.7216e+007,2.80617e+040,-2.53017e-098
2.73024e+007,2.80655e+040,-2.53017e-098
2.73888e+007,2.80693e+040,-2.53017e-098
2.74752e+007,2.80732e+040,-2.53017e-098
2.75616e+007,2.8077e+040,-2.53017e-098
2.7648e+007,2.80808e+040,-2.53017e-098
2.77344e+007,2.80846e+040,-2.53017e-098
2.78208e+007,2.80884e+040,-2.53017e-098
2.79072e+007,2.80922e+040,-2.53017e-098
2.79936e+007,2.8096e+040,-2.53017e-098
2.808e+007,2.80998e+040,-2.53017e-098
2.81664e+007,2.81036e+040,-2.53017e-098
2.82528e+007,2.81074e+040,-2.53017e-098
2.83392e+007,2.81112e+040,-2.53017e-098
2.84256e+007,2.8115e+040,-2.53017e-098
2.8512e+007,2.81188e+040,-2.53017e-098
2.85984e+007,2.81226e+040,-2.53017e-098
2.86848e+007,2.81264e+040,-2.53017e-098
2.87712e+007,2.81302e+040,-2.53017e-098
2.88576e+007,2.81339e+040,-2.53017e-098
2.8944e+007,2.81377e+040,-2.53017e-098
2.90304e+007,2.81415e+040,-2.53017e-098
2.91168e+007,2.81453e+040,-2.53017e-098
2.92032e+007,2.81491e+040,-2.53017e-098
2.92896e+007,2.81529e+040,-2.53017e-098
2.9376e+007,2.81567e+040,-2.53017e-098
2.94624e+007,2.81605e+040,-2.53017e-098
2.95488e+007,2.81642e+040,-2.53017e-098
2.96352e+007,2.8168e+040,-2.53017e-098
2.97216e+007,2.81718e+040,-2.53017e-098
2.9808e+007,2.81756e+040,-2.53017e-098
2.98944e+007,2.81794e+040,-2.53017e-098
2.99808e+007,2.81832e+040,-2.53017e-098
3.00672e+007,2.81869e+040,-2.53017e-098
3.01536e+007,2.81907e+040,-2.53017e-098
3.024e+007,2.81945e+040,-2.53017e-098
3.03264e+007,2.81983e+040,-2.53017e-098
3.04128e+007,2.82021e+040,-2.53017e-098
3.04992e+007,2.82058e+040,-2.53017e-098
3.05856e+007,2.82096e+040,-2.53017e-098
3.0672e+007,2.82134e+040,-2.53017e-098
3.07584e+007,2.82172e+040,-2.53017e-098
3.08448e+007,2.8221e+040,-2.53017e-098
3.09312e+007,2.82247e+040,-2.53017e-098
3.10176e+007,2.82285e+040,-2.53017e-098
3.1104e+007,2.82323e+040,-2.53017e-098
3.11904e+007,2.82361e+040,-2.53017e-098
3.12768e+007,2.82398e+040,-2.53017e-098
3.13632e+007,2.82436e+040,-2.53017e-098
3.14496e+007,2.82474e+040,-2.53017e-098
3.1536e+007,2.82512e+040,-2.53017e-098
3.16224e+007,2.8255e+040,-2.53017e-098
3.17088e+007,2.82587e+040,-2.53017e-098
3.17952e+007,2.82625e+040,-2.53017e-098
3.18816e+007,2.82663e+040,-2.53017e-098
3.1968e+007,2.82701e+040,-2.53017e-098
3.20544e+007,2.82738e+040,-2.53017e-098
3.21408e+007,2.82776e+040,-2.53017e-098
3.22272e+007,2.82814e+040,-2.53017e-098
3.23136e+007,2.82852e+040,-2.53017e-098
3.24e+007,2.8289e+040,-2.53017e-098
3.24864e+007,2.82927e+040,-2.53017e-098
3.25728e+007,2.82965e+040,-2.53017e-098
3.26592e+007,2.83003e+040,-2.53017e-098
3.27456e+007,2.83041e+040,-2.53017e-098
3.2832e+007,2.83079e+040,-2.53017e-098
3.29184e+007,2.83116e+040,-2.53017e-098
3.30048e+007,2.83154e+040,-2.53017e-098
3.30912e+007,2.83192e+040,-2.53017e-098
3.31776e+007,2.8323e+040,-2.53017e-098
3.3264e+007,2.83268e+040,-2.53017e-098
3.33504e+007,2.83305e+040,-2.53017e-098
3.34368e+007,2.83343e+040,-2.53017e-098
3.35232e+007,2.83381e+040,-2.53017e-098
3.36096e+007,2.83419e+040,-2.53017e-098
3.3696e+007,2.83457e+040,-2.53017e-098
3.37824e+007,2.83495e+040,-2.53017e-098
3.38688e+007,2.83532e+040,-2.53017e-098
3.39552e+007,2.8357e+040,-2.53017e-098
3.40416e+007,2.83608e+040,-2.53017e-098
3.4128e+007,2.83646e+040,-2.53017e-098
3.42144e+007,2.83684e+040,-2.53017e-098
3.43008e+007,2.83722e+040,-2.53017e-098
3.43872e+007,2.8376e+040,-2.53017e-098
3.44736e+007,2.83798e+040,-2.53017e-098
3.456e+007,2.83835e+040,-2.53017e-098
3.46464e+007,2.83873e+040,-2.53017e-098
3.47328e+007,2.83911e+040,-2.53017e-098
3.48192e+007,2.83949e+040,-2.53017e-098
3.49056e+007,2.83987e+040,-2.53017e-098
3.4992e+007,2.84025e+040,-2.53017e-098
3.50784e+007,2.84063e+040,-2.53017e-098
3.51648e+007,2.84101e+040,-2.53017e-098
3.52512e+007,2.84139e+040,-2.53017e-098
3.53376e+007,2.84177e+040,-2.53017e-098
3.5424e+007,2.84215e+040,-2.53017e-098
3.55104e+007,2.84253e+040,-2.53017e-098
3.55968e+007,2.8429e+040,-2.53017e-098
3.56832e+007,2.84328e+040,-2.53017e-098
3.57696e+007,2.84366e+040,-2.53017e-098
3.5856e+007,2.84404e+040,-2.53017e-098
3.59424e+007,2.84442e+040,-2.53017e-098
3.60288e+007,2.8448e+040,-2.53017e-098
3.61152e+007,2.84518e+040,-2.53017e-098
3.62016e+007,2.84556e+040,-2.53017e-098
3.6288e+007,2.84594e+040,-2.53017e-098
3.63744e+007,2.84632e+040,-2.53017e-098
3.64608e+007,2.8467e+040,-2.53017e-098
3.65472e+007,2.84708e+040,-2.53017e-098
3.66336e+007,2.84746e+040,-2.53017e-098
3.672e+007,2.84784e+040,-2.53017e-098
3.68064e+007,2.84822e+040,-2.53017e-098
3.68928e+007,2.8486e+040,-2.53017e-098
3.69792e+007,2.84898e+040,-2.53017e-098
3.70656e+007,2.84936e+040,-2.53017e-098
3.7152e+007,2.84974e+040,-2.53017e-098
3.72384e+007,2.85012e+040,-2.53017e-098
3.73248e+007,2.8505e+040,-2.53017e-098
3.74112e+007,2.85089e+040,-2.53017e-098
3.74976e+007,2.85127e+040,-2.53017e-098
3.7584e+007,2.85165e+040,-2.53017e-098
3.76704e+007,2.85203e+040,-2.53017e-098
3.77568e+007,2.85241e+040,-2.53017e-098
3.78432e+007,2.85279e+040,-2.53017e-098
3.79296e+007,2.85317e+040,-2.53017e-098
3.8016e+007,2.85355e+040,-2.53017e-098
3.81024e+007,2.85393e+040,-2.53017e-098
3.81888e+007,2.85431e+040,-2.53017e-098
3.82752e+007,2.85469e+040,-2.53017e-098
3.83616e+007,2.85507e+040,-2.53017e-098
3.8448e+007,2.85545e+040,-2.53017e-098
3.85344e+007,2.85583e+040,-2.53017e-098
3.86208e+007,2.85621e+040,-2.53017e-098
3.87072e+007,2.85659e+040,-2.53017e-098
3.87936e+007,2.85697e+040,-2.53017e-098
3.888e+007,2.85735e+040,-2.53017e-098
3.89664e+007,2.85774e+040,-2.53017e-098
3.90528e+007,2.85812e+040,-2.53017e-098
3.91392e+007,2.8585e+040,-2.53017e-098
3.92256e+007,2.85888e+040,-2.53017e-098
3.9312e+007,2.85926e+040,-2.53017e-098
3.93984e+007,2.85964e+040,-2.53017e-098
3.94848e+007,2.86002e+040,-2.53017e-098
3.95712e+007,2.8604e+040,-2.53017e-098
3.96576e+007,2.86078e+040,-2.53017e-098
3.9744e+007,2.86116e+040,-2.53017e-098
3.98304e+007,2.86154e+040,-2.53017e-098
3.99168e+007,2.86192e+040,-2.53017e-098
4.00032e+007,2.8623e+040,-2.53017e-098
4.00896e+007,2.86268e+040,-2.53017e-098
4.0176e+007,2.86306e+040,-2.53017e-098
4.02624e+007,2.86344e+040,-2.53017e-098
4.03488e+007,2.86382e+040,-2.53017e-098
4.04352e+007,2.8642e+040,-2.53017e-098
4.05216e+007,2.86458e+040,-2.53017e-098
4.0608e+007,2.86496e+040,-2.53017e-098
4.06944e+007,2.86534e+040,-2.53017e-098
4.07808e+007,2.86572e+040,-2.53017e-098
4.08672e+007,2.8661e+040,-2.53017e-098
4.09536e+007,2.86648e+040,-2.53017e-098
4.104e+007,2.86686e+040,-2.53017e-098
4.11264e+007,2.86724e+040,-2.53017e-098
4.12128e+007,2.86762e+040,-2.53017e-098
4.12992e+007,2.868e+040,-2.53017e-098
4.13856e+007,2.86838e+040,-2.53017e-098
4.1472e+007,2.86876e+040,-2.53017e-098
4.15584e+007,2.86914e+040,-2.53017e-098
4.16448e+007,2.86952e+040,-2.53017e-098
4.17312e+007,2.8699e+040,-2.53017e-098
4.18176e+007,2.87027e+040,-2.53017e-098
4.1904e+007,2.87065e+040,-2.53017e-098
4.19904e+007,2.87103e+040,-2.53017e-098
4.20768e+007,2.87141e+040,-2.53017e-098
4.21632e+007,2.87179e+040,-2.53017e-098
4.22496e+007,2.87217e+040,-2.53017e-098
4.2336e+007,2.87254e+040,-2.53017e-098
4.24224e+007,2.87292e+040,-2.53017e-098
4.25088e+007,2.8733e+040,-2.53017e-098
4.25952e+007,2.87368e+040,-2.53017e-098
4.26816e+007,2.87405e+040,-2.53017e-098
4.2768e+007,2.87443e+040,-2.53017e-098
4.28544e+007,2.87481e+040,-2.53017e-098
4.29408e+007,2.87519e+040,-2.53017e-098
4.30272e+007,2.87556e+040,-2.53017e-098
4.31136e+007,2.87594e+040,-2.53017e-098
4.32e+007,2.87632e+040,-2.53017e-098
4.32864e+007,2.87669e+040,-2.53017e-098
4.33728e+007,2.87707e+040,-2.53017e-098
4.34592e+007,2.87744e+040,-2.53017e-098
4.35456e+007,2.87782e+040,-2.53017e-098
4.3632e+007,2.8782e+040,-2.53017e-098
4.37184e+007,2.87857e+040,-2.53017e-098
4.38048e+007,2.87895e+040,-2.53017e-098
4.38912e+007,2.87932e+040,-2.53017e-098
4.39776e+007,2.8797e+040,-2.53017e-098
4.4064e+007,2.88007e+040,-2.53017e-098
4.41504e+007,2.88044e+040,-2.53017e-098
4.42368e+007,2.88082e+040,-2.53017e-098
4.43232e+007,2.88119e+040,-2.53017e-098
4.44096e+007,2.88157e+040,-2.53017e-098
4.4496e+007,2.88194e+040,-2.53017e-098
4.45824e+007,2.88231e+040,-2.53017e-098
4.46688e+007,2.88269e+040,-2.53017e-098
4.47552e+007,2.88306e+040,-2.53017e-098
4.48416e+007,2.88343e+040,-2.53017e-098
4.4928e+007,2.8838e+040,-2.53017e-098
4.50144e+007,2.88417e+040,-2.53017e-098
4.51008e+007,2.88455e+040,-2.53017e-098
4.51872e+007,2.88492e+040,-2.53017e-098
4.52736e+007,2.88529e+040,-2.53017e-098
4.536e+007,2.88566e+040,-2.53017e-098
4.54464e+007,2.88603e+040,-2.53017e-098
4.55328e+007,2.8864e+040,-2.53017e-098
4.56192e+007,2.88677e+040,-2.53017e-098
4.57056e+007,2.88714e+040,-2.53017e-098
4.5792e+007,2.88751e+040,-2.53017e-098
4.58784e+007,2.88788e+040,-2.53017e-098
4.59648e+007,2.88825e+040,-2.53017e-098
4.60512e+007,2.88862e+040,-2.53017e-098
4.61376e+007,2.88898e+040,-2.53017e-098
4.6224e+007,2.88935e+040,-2.53017e-098
4.63104e+007,2.88972e+040,-2.53017e-098
4.63968e+007,2.89009e+040,-2.53017e-098
4.64832e+007,2.89045e+040,-2.53017e-098
4.65696e+007,2.89082e+040,-2.53017e-098
4.6656e+007,2.89119e+040,-2.53017e-098
4.67424e+007,2.89155e+040,-2.53017e-098
4.68288e+007,2.89192e+040,-2.53017e-098
4.69152e+007,2.89228e+040,-2.53017e-098
4.70016e+007,2.89265e+040,-2.53017e-098
4.7088e+007,2.89301e+040,-2.53017e-098
4.71744e+007,2.89338e+040,-2.53017e-098
4.72608e+007,2.89374e+040,-2.53017e-098
4.73472e+007,2.89411e+040,-2.53017e-098
4.74336e+007,2.89447e+040,-2.53017e-098
4.752e+007,2.89483e+040,-2.53017e-098
4.76064e+007,2.89519e+040,-2.53017e-098
4.76928e+007,2.89556e+040,-2.53017e-098
4.77792e+007,2.89592e+040,-2.53017e-098
4.78656e+007,2.89628e+040,-2.53017e-098
4.7952e+007,2.89664e+040,-2.53017e-098
4.80384e+007,2.897e+040,-2.53017e-098
4.81248e+007,2.89736e+040,-2.53017e-098
4.82112e+007,2.89772e+040,-2.53017e-098
4.82976e+007,2.89808e+040,-2.53017e-098
4.8384e+007,2.89844e+040,-2.53017e-098
4.84704e+007,2.8988e+040,-2.53017e-098
4.85568e+007,2.89916e+040,-2.53017e-098
4.86432e+007,2.89952e+040,-2.53017e-098
4.87296e+007,2.89987e+040,-2.53017e-098
4.8816e+007,2.90023e+040,-2.53017e-098
4.89024e+007,2.90059e+040,-2.53017e-098
4.89888e+007,2.90094e+040,-2.53017e-098
4.90752e+007,2.9013e+040,-2.53017e-098
4.91616e+007,2.90166e+040,-2.53017e-098
4.9248e+007,2.90201e+040,-2.53017e-098
4.93344e+007,2.90237e+040,-2.53017e-098
4.94208e+007,2.90272e+040,-2.53017e-098
4.95072e+007,2.90308e+040,-2.53017e-098
4.95936e+007,2.90343e+040,-2.53017e-098
4.968e+007,2.90378e+040,-2.53017e-098
4.97664e+007,2.90413e+040,-2.53017e-098
4.98528e+007,2.90449e+040,-2.53017e-098
4.99392e+007,2.90484e+040,-2.53017e-098
5.00256e+007,2.90519e+040,-2.53017e-098
5.0112e+007,2.90554e+040,-2.53017e-098
5.01984e+007,2.90589e+040,-2.53017e-098
5.02848e+007,2.90624e+040,-2.53017e-098
5.03712e+007,2.90659e+040,-2.53017e-098
5.04576e+007,2.90694e+040,-2.53017e-098
5.0544e+007,2.90729e+040,-2.53017e-098
5.06304e+007,2.90764e+040,-2.53017e-098
5.07168e+007,2.90799e+040,-2.53017e-098
5.08032e+007,2.90834e+040,-2.53017e-098
5.08896e+007,2.90868e+040,-2.53017e-098
5.0976e+007,2.90903e+040,-2.53017e-098
5.10624e+007,2.90938e+040,-2.53017e-098
5.11488e+007,2.90972e+040,-2.53017e-098
5.12352e+007,2.91007e+040,-2.53017e-098
5.13216e+007,2.91041e+040,-2.53017e-098
5.1408e+007,2.91076e+040,-2.53017e-098
5.14944e+007,2.9111e+040,-2.53017e-098
5.15808e+007,2.91144e+040,-2.53017e-098
5.16672e+007,2.91179e+040,-2.53017e-098
5.17536e+007,2.91213e+040,-2.53017e-098
5.184e+007,2.91247e+040,-2.53017e-098
5.19264e+007,2.91282e+040,-2.53017e-098
5.20128e+007,2.91316e+040,-2.53017e-098
5.20992e+007,2.9135e+040,-2.53017e-098
5.21856e+007,2.91384e+040,-2.53017e-098
5.2272e+007,2.91418e+040,-2.53017e-098
5.23584e+007,2.91452e+040,-2.53017e-098
5.24448e+007,2.91486e+040,-2.53017e-098
5.25312e+007,2.9152e+040,-2.53017e-098
5.26176e+007,2.91553e+040,-2.53017e-098
5.2704e+007,2.91587e+040,-2.53017e-098
5.27904e+007,2.91621e+040,-2.53017e-098
5.28768e+007,2.91655e+040,-2.53017e-098
5.29632e+007,2.91688e+040,-2.53017e-098
5.30496e+007,2.91722e+040,-2.53017e-098
5.3136e+007,2.91756e+040,-2.53017e-098
5.32224e+007,2.91789e+040,-2.53017e-098
5.33088e+007,2.91823e+040,-2.53017e-098
5.33952e+007,2.91856e+040,-2.53017e-098
5.34816e+007,2.91889e+040,-2.53017e-098
5.3568e+007,2.91923e+040,-2.53017e-098
5.36544e+007,2.91956e+040,-2.53017e-098
5.37408e+007,2.91989e+040,-2.53017e-098
5.38272e+007,2.92023e+040,-2.53017e-098
5.39136e+007,2.92056e+040,-2.53017e-098
5.4e+007,2.92089e+040,-2.53017e-098
5.40864e+007,2.92122e+040,-2.53017e-098
5.41728e+007,2.92155e+040,-2.53017e-098
5.42592e+007,2.92188e+040,-2.53017e-098
5.43456e+007,2.92221e+040,-2.53017e-098
5.4432e+007,2.92254e+040,-2.53017e-098
5.45184e+007,2.92287e+040,-2.53017e-098
5.46048e+007,2.92319e+040,-2.53017e-098
5.46912e+007,2.92352e+040,-2.53017e-098
5.47776e+007,2.92385e+040,-2.53017e-098
5.4864e+007,2.92418e+040,-2.53017e-098
5.49504e+007,2.9245e+040,-2.53017e-098
5.50368e+007,2.92483e+040,-2.53017e-098
5.51232e+007,2.92515e+040,-2.53017e-098
5.52096e+007,2.92548e+040,-2.53017e-098
5.5296e+007,2.9258e+040,-2.53017e-098
5.53824e+007,2.92613e+040,-2.53017e-098
5.54688e+007,2.92645e+040,-2.53017e-098
5.55552e+007,2.92678e+040,-2.53017e-098
5.56416e+007,2.9271e+040,-2.53017e-098
5.5728e+007,2.92742e+040,-2.53017e-098
5.58144e+007,2.92774e+040,-2.53017e-098
5.59008e+007,2.92807e+040,-2.53017e-098
5.59872e+007,2.92839e+040,-2.53017e-098
5.60736e+007,2.92871e+040,-2.53017e-098
5.616e+007,2.92903e+040,-2.53017e-098
5.62464e+007,2.92935e+040,-2.53017e-098
5.63328e+007,2.92967e+040,-2.53017e-098
5.64192e+007,2.92999e+040,-2.53017e-098
5.65056e+007,2.93031e+040,-2.53017e-098
5.6592e+007,2.93062e+040,-2.53017e-098
5.66784e+007,2.93094e+040,-2.53017e-098
5.67648e+007,2.93126e+040,-2.53017e-098
5.68512e+007,2.93158e+040,-2.53017e-098
5.69376e+007,2.93189e+040,-2.53017e-098
5.7024e+007,2.93221e+040,-2.53017e-098
5.71104e+007,2.93253e+040,-2.53017e-098
5.71968e+007,2.93284e+040,-2.53017e-098
5.72832e+007,2.93316e+040,-2.53017e-098
5.73696e+007,2.93347e+040,-2.53017e-098
5.7456e+007,2.93379e+040,-2.53017e-098
5.75424e+007,2.9341e+040,-2.53017e-098
5.76288e+007,2.93442e+040,-2.53017e-098
5.77152e+007,2.93473e+040,-2.53017e-098
5.78016e+007,2.93504e+040,-2.53017e-098
5.7888e+007,2.93535e+040,-2.53017e-098
5.79744e+007,2.93567e+040,-2.53017e-098
5.80608e+007,2.93598e+040,-2.53017e-098
5.81472e+007,2.93629e+040,-2.53017e-098
5.82336e+007,2.9366e+040,-2.53017e-098
5.832e+007,2.93691e+040,-2.53017e-098
5.84064e+007,2.93722e+040,-2.53017e-098
5.84928e+007,2.93753e+040,-2.53017e-098
5.85792e+007,2.93784e+040,-2.53017e-098
5.86656e+007,2.93815e+040,-2.53017e-098
5.8752e+007,2.93846e+040,-2.53017e-098
5.88384e+007,2.93877e+040,-2.53017e-098
5.89248e+007,2.93908e+040,-2.53017e-098
5.90112e+007,2.93938e+040,-2.53017e-098
5.90976e+007,2.93969e+040,-2.53017e-098
5.9184e+007,2.94e+040,-2.53017e-098
5.92704e+007,2.94031e+040,-2.53017e-098
5.93568e+007,2.94061e+040,-2.53017e-098
5.94432e+007,2.94092e+040,-2.53017e-098
5.95296e+007,2.94122e+040,-2.53017e-098
5.9616e+007,2.94153e+040,-2.53017e-098
5.97024e+007,2.94184e+040,-2.53017e-098
5.97888e+007,2.94214e+040,-2.53017e-098
5.98752e+007,2.94244e+040,-2.53017e-098
5.99616e+007,2.94275e+040,-2.53017e-098
6.0048e+007,2.94305e+040,-2.53017e-098
6.01344e+007,2.94336e+040,-2.53017e-098
6.02208e+007,2.94366e+040,-2.53017e-098
6.03072e+007,2.94396e+040,-2.53017e-098
6.03936e+007,2.94427e+040,-2.53017e-098
6.048e+007,2.94457e+040,-2.53017e-098
6.05664e+007,2.94487e+040,-2.53017e-098
6.06528e+007,2.94517e+040,-2.53017e-098
6.07392e+007,2.94547e+040,-2.53017e-098
6.08256e+007,2.94577e+040,-2.53017e-098
6.0912e+007,2.94607e+040,-2.53017e-098
6.09984e+007,2.94638e+040,-2.53017e-098
6.10848e+007,2.94668e+040,-2.53017e-098
6.11712e+007,2.94698e+040,-2.53017e-098
6.12576e+007,2.94728e+040,-2.53017e-098
6.1344e+007,2.94757e+040,-2.53017e-098
6.14304e+007,2.94787e+040,-2.53017e-098
6.15168e+007,2.94817e+040,-2.53017e-098
6.16032e+007,2.94847e+040,-2.53017e-098
6.16896e+007,2.94877e+040,-2.53017e-098
6.1776e+007,2.94907e+040,-2.53017e-098
6.18624e+007,2.94937e+040,-2.53017e-098
6.19488e+007,2.94966e+040,-2.53017e-098
6.20352e+007,2.94996e+040,-2.53017e-098
6.21216e+007,2.95026e+040,-2.53017e-098
6.2208e+007,2.95055e+040,-2.53017e-098
6.22944e+007,2.95085e+040,-2.53017e-098
6.23808e+007,2.95115e+040,-2.53017e-098
6.24672e+007,2.95144e+040,-2.53017e-098
6.25536e+007,2.95174e+040,-2.53017e-098
6.264e+007,2.95203e+040,-2.53017e-098
6.27264e+007,2.95233e+040,-2.53017e-098
6.28128e+007,2.95262e+040,-2.53017e-098
6.28992e+007,2.95292e+040,-2.53017e-098
6.29856e+007,2.95321e+040,-2.53017e-098
6.3072e+007,2.95351e+040,-2.53017e-098
6.31584e+007,2.9538e+040,-2.53017e-098
6.32448e+007,2.9541e+040,-2.53017e-098
6.33312e+007,2.95439e+040,-2.53017e-098
6.34176e+007,2.95468e+040,-2.53017e-098
6.3504e+007,2.95498e+040,-2.53017e-098
6.35904e+007,2.95527e+040,-2.53017e-098
6.36768e+007,2.95556e+040,-2.53017e-098
6.37632e+007,2.95586e+040,-2.53017e-098
6.38496e+007,2.95615e+040,-2.53017e-098
6.3936e+007,2.95644e+040,-2.53017e-098
6.40224e+007,2.95673e+040,-2.53017e-098
6.41088e+007,2.95703e+040,-2.53017e-098
6.41952e+007,2.95732e+040,-2.53017e-098
6.42816e+007,2.95761e+040,-2.53017e-098
6.4368e+007,2.9579e+040,-2.53017e-098
6.44544e+007,2.95819e+040,-2.53017e-098
6.45408e+007,2.95848e+040,-2.53017e-098
6.46272e+007,2.95877e+040,-2.53017e-098
6.47136e+007,2.95906e+040,-2.53017e-098
6.48e+007,2.95936e+040,-2.53017e-098
6.48864e+007,2.95965e+040,-2.53017e-098
6.49728e+007,2.95994e+040,-2.53017e-098
6.50592e+007,2.96023e+040,-2.53017e-098
6.51456e+007,2.96052e+040,-2.53017e-098
6.5232e+007,2.96081e+040,-2.53017e-098
6.53184e+007,2.9611e+040,-2.53017e-098
6.54048e+007,2.96138e+040,-2.53017e-098
6.54912e+007,2.96167e+040,-2.53017e-098
6.55776e+007,2.96196e+040,-2.53017e-098
6.5664e+007,2.96225e+040,-2.53017e-098
6.57504e+007,2.96254e+040,-2.53017e-098
6.58368e+007,2.96283e+040,-2.53017e-098
6.59232e+007,2.96312e+040,-2.53017e-098
6.60096e+007,2.96341e+040,-2.53017e-098
6.6096e+007,2.9637e+040,-2.53017e-098
6.61824e+007,2.96398e+040,-2.53017e-098
6.62688e+007,2.96427e+040,-2.53017e-098
6.63552e+007,2.96456e+040,-2.53017e-098
6.64416e+007,2.96485e+040,-2.53017e-098
6.6528e+007,2.96514e+040,-2.53017e-098
6.66144e+007,2.96542e+040,-2.53017e-098
6.67008e+007,2.96571e+040,-2.53017e-098
6.67872e+007,2.966e+040,-2.53017e-098
6.68736e+007,2.96629e+040,-2.53017e-098
6.696e+007,2.96657e+040,-2.53017e-098
6.70464e+007,2.96686e+040,-2.53017e-098
6.71328e+007,2.96715e+040,-2.53017e-098
6.72192e+007,2.96743e+040,-2.53017e-098
6.73056e+007,2.96772e+040,-2.53017e-098
6.7392e+007,2.96801e+040,-2.53017e-098
6.74784e+007,2.96829e+040,-2.53017e-098
6.75648e+007,2.96858e+040,-2.53017e-098
6.76512e+007,2.96887e+040,-2.53017e-098
6.77376e+007,2.96915e+040,-2.53017e-098
6.7824e+007,2.96944e+040,-2.53017e-098
6.79104e+007,2.96973e+040,-2.53017e-098
6.79968e+007,2.97001e+040,-2.53017e-098
6.80832e+007,2.9703e+040,-2.53017e-098
6.81696e+007,2.97059e+040,-2.53017e-098
6.8256e+007,2.97087e+040,-2.53017e-098
6.83424e+007,2.97116e+040,-2.53017e-098
6.84288e+007,2.97144e+040,-2.53017e-098
6.85152e+007,2.97173e+040,-2.53017e-098
6.86016e+007,2.97202e+040,-2.53017e-098
6.8688e+007,2.9723e+040,-2.53017e-098
6.87744e+007,2.97259e+040,-2.53017e-098
6.88608e+007,2.97287e+040,-2.53017e-098
6.89472e+007,2.97316e+040,-2.53017e-098
6.90336e+007,2.97344e+040,-2.53017e-098
6.912e+007,2.97373e+040,-2.53017e-098
6.92064e+007,2.97401e+040,-2.53017e-098
6.92928e+007,2.9743e+040,-2.53017e-098
6.93792e+007,2.97459e+040,-2.53017e-098
6.94656e+007,2.97487e+040,-2.53017e-098
6.9552e+007,2.97516e+040,-2.53017e-098
6.96384e+007,2.97544e+040,-2.53017e-098
6.97248e+007,2.97573e+040,-2.53017e-098
6.98112e+007,2.97601e+040,-2.53017e-098
6.98976e+007,2.9763e+040,-2.53017e-098
6.9984e+007,2.97658e+040,-2.53017e-098
7.00704e+007,2.97687e+040,-2.53017e-098
7.01568e+007,2.97715e+040,-2.53017e-098
7.02432e+007,2.97744e+040,-2.53017e-098
7.03296e+007,2.97772e+040,-2.53017e-098
7.0416e+007,2.97801e+040,-2.53017e-098
7.05024e+007,2.97829e+040,-2.53017e-098
7.05888e+007,2.97858e+040,-2.53017e-098
7.06752e+007,2.97886e+040,-2.53017e-098
7.07616e+007,2.97915e+040,-2.53017e-098
7.0848e+007,2.97944e+040,-2.53017e-098
7.09344e+007,2.97972e+040,-2.53017e-098
7.10208e+007,2.98001e+040,-2.53017e-098
7.11072e+007,2.98029e+040,-2.53017e-098
7.11936e+007,2.98058e+040,-2.53017e-098
7.128e+007,2.98086e+040,-2.53017e-098
7.13664e+007,2.98115e+040,-2.53017e-098
7.14528e+007,2.98143e+040,-2.53017e-098
7.15392e+007,2.98172e+040,-2.53017e-098
7.16256e+007,2.982e+040,-2.53017e-098
7.1712e+007,2.98229e+040,-2.53017e-098
7.17984e+007,2.98257e+040,-2.53017e-098
7.18848e+007,2.98286e+040,-2.53017e-098
7.19712e+007,2.98314e+040,-2.53017e-098
7.20576e+007,2.98343e+040,-2.53017e-098
7.2144e+007,2.98371e+040,-2.53017e-098
7.22304e+007,2.984e+040,-2.53017e-098
7.23168e+007,2.98429e+040,-2.53017e-098
7.24032e+007,2.98457e+040,-2.53017e-098
7.24896e+007,2.98486e+040,-2.53017e-098
7.2576e+007,2.98514e+040,-2.53017e-098
7.26624e+007,2.98543e+040,-2.53017e-098
7.27488e+007,2.98571e+040,-2.53017e-098
7.28352e+007,2.986e+040,-2.53017e-098
7.29216e+007,2.98629e+040,-2.53017e-098
7.3008e+007,2.98657e+040,-2.53017e-098
7.30944e+007,2.98686e+040,-2.53017e-098
7.31808e+007,2.98714e+040,-2.53017e-098
7.32672e+007,2.98743e+040,-2.53017e-098
7.33536e+007,2.98772e+040,-2.53017e-098
7.344e+007,2.988e+040,-2.53017e-098
7.35264e+007,2.98829e+040,-2.53017e-098
7.36128e+007,2.98857e+040,-2.53017e-098
7.36992e+007,2.98886e+040,-2.53017e-098
7.37856e+007,2.98915e+040,-2.53017e-098
7.3872e+007,2.98943e+040,-2.53017e-098
7.39584e+007,2.98972e+040,-2.53017e-098
7.40448e+007,2.99001e+040,-2.53017e-098
7.41312e+007,2.99029e+040,-2.53017e-098
7.42176e+007,2.99058e+040,-2.53017e-098
7.4304e+007,2.99086e+040,-2.53017e-098
7.43904e+007,2.99115e+040,-2.53017e-098
7.44768e+007,2.99144e+040,-2.53017e-098
7.45632e+007,2.99173e+040,-2.53017e-098
7.46496e+007,2.99201e+040,-2.53017e-098
7.4736e+007,2.9923e+040,-2.53017e-098
7.48224e+007,2.99259e+040,-2.53017e-098
7.49088e+007,2.99287e+040,-2.53017e-098
7.49952e+007,2.99316e+040,-2.53017e-098
7.50816e+007,2.99345e+040,-2.53017e-098
7.5168e+007,2.99373e+040,-2.53017e-098
7.52544e+007,2.99402e+040,-2.53017e-098
7.53408e+007,2.99431e+040,-2.53017e-098
7.54272e+007,2.9946e+040,-2.53017e-098
7.55136e+007,2.99488e+040,-2.53017e-098
7.56e+007,2.99517e+040,-2.53017e-098
7.56864e+007,2.99546e+040,-2.53017e-098
7.57728e+007,2.99575e+040,-2.53017e-098
7.58592e+007,2.99604e+040,-2.53017e-098
7.59456e+007,2.99632e+040,-2.53017e-098
7.6032e+007,2.99661e+040,-2.53017e-098
7.61184e+007,2.9969e+040,-2.53017e-098
7.62048e+007,2.99719e+040,-2.53017e-098
7.62912e+007,2.99748e+040,-2.53017e-098
7.63776e+007,2.99776e+040,-2.53017e-098
7.6464e+007,2.99805e+040,-2.53017e-098
7.65504e+007,2.99834e+040,-2.53017e-098
7.66368e+007,2.99863e+040,-2.53017e-098
7.67232e+007,2.99892e+040,-2.53017e-098
7.68096e+007,2.99921e+040,-2.53017e-098
7.6896e+007,2.99949e+040,-2.53017e-098
7.69824e+007,2.99978e+040,-2.53017e-098
7.70688e+007,3.00007e+040,-2.53017e-098
7.71552e+007,3.00036e+040,-2.53017e-098
7.72416e+007,3.00065e+040,-2.53017e-098
7.7328e+007,3.00094e+040,-2.53017e-098
7.74144e+007,3.00123e+040,-2.53017e-098
7.75008e+007,3.00152e+040,-2.53017e-098
7.75872e+007,3.00181e+040,-2.53017e-098
7.76736e+007,3.0021e+040,-2.53017e-098
7.776e+007,3.00239e+040,-2.53017e-098
7.78464e+007,3.00268e+040,-2.53017e-098
7.79328e+007,3.00296e+040,-2.53017e-098
7.80192e+007,3.00325e+040,-2.53017e-098
7.81056e+007,3.00354e+040,-2.53017e-098
7.8192e+007,3.00383e+040,-2.53017e-098
7.82784e+007,3.00412e+040,-2.53017e-098
7.83648e+007,3.00441e+040,-2.53017e-098
7.84512e+007,3.0047e+040,-2.53017e-098
7.85376e+007,3.00499e+040,-2.53017e-098
7.8624e+007,3.00528e+040,-2.53017e-098
7.87104e+007,3.00557e+040,-2.53017e-098
7.87968e+007,3.00586e+040,-2.53017e-098
7.88832e+007,3.00616e+040,-2.53017e-098
7.89696e+007,3.00645e+040,-2.53017e-098
7.9056e+007,3.00674e+040,-2.53017e-098
7.91424e+007,3.00703e+040,-2.53017e-098
7.92288e+007,3.00732e+040,-2.53017e-098
7.93152e+007,3.00761e+040,-2.53017e-098
7.94016e+007,3.0079e+040,-2.53017e-098
7.9488e+007,3.00819e+040,-2.53017e-098
7.95744e+007,3.00848e+040,-2.53017e-098
7.96608e+007,3.00877e+040,-2.53017e-098
7.97472e+007,3.00906e+040,-2.53017e-098
7.98336e+007,3.00935e+040,-2.53017e-098
7.992e+007,3.00964e+040,-2.53017e-098
8.00064e+007,3.00994e+040,-2.53017e-098
8.00928e+007,3.01023e+040,-2.53017e-098
8.01792e+007,3.01052e+040,-2.53017e-098
8.02656e+007,3.01081e+040,-2.53017e-098
8.0352e+007,3.0111e+040,-2.53017e-098
8.04384e+007,3.01139e+040,-2.53017e-098
8.05248e+007,3.01168e+040,-2.53017e-098
8.06112e+007,3.01198e+040,-2.53017e-098
8.06976e+007,3.01227e+040,-2.53017e-098
8.0784e+007,3.01256e+040,-2.53017e-098
8.08704e+007,3.01285e+040,-2.53017e-098
8.09568e+007,3.01314e+040,-2.53017e-098
8.10432e+007,3.01343e+040,-2.53017e-098
8.11296e+007,3.01373e+040,-2.53017e-098
8.1216e+007,3.01402e+040,-2.53017e-098
8.13024e+007,3.01431e+040,-2.53017e-098
8.13888e+007,3.0146e+040,-2.53017e-098
8.14752e+007,3.01489e+040,-2.53017e-098
8.15616e+007,3.01519e+040,-2.53017e-098
8.1648e+007,3.01548e+040,-2.53017e-098
8.17344e+007,3.01577e+040,-2.53017e-098
8.18208e+007,3.01606e+040,-2.53017e-098
8.19072e+007,3.01635e+040,-2.53017e-098
8.19936e+007,3.01665e+040,-2.53017e-098
8.208e+007,3.01694e+040,-2.53017e-098
8.21664e+007,3.01723e+040,-2.53017e-098
8.22528e+007,3.01752e+040,-2.53017e-098
8.23392e+007,3.01782e+040,-2.53017e-098
8.24256e+007,3.01811e+040,-2.53017e-098
8.2512e+007,3.0184e+040,-2.53017e-098
8.25984e+007,3.01869e+040,-2.53017e-098
8.26848e+007,3.01898e+040,-2.53017e-098
8.27712e+007,3.01928e+040,-2.53017e-098
8.28576e+007,3.01957e+040,-2.53017e-098
8.2944e+007,3.01986e+040,-2.53017e-098
8.30304e+007,3.02015e+040,-2.53017e-098
8.31168e+007,3.02045e+040,-2.53017e-098
8.32032e+007,3.02074e+040,-2.53017e-098
8.32896e+007,3.02103e+040,-2.53017e-098
8.3376e+007,3.02132e+040,-2.53017e-098
8.34624e+007,3.02162e+040,-2.53017e-098
8.35488e+007,3.02191e+040,-2.53017e-098
8.36352e+007,3.0222e+040,-2.53017e-098
8.37216e+007,3.02249e+040,-2.53017e-098
8.3808e+007,3.02278e+040,-2.53017e-098
8.38944e+007,3.02308e+040,-2.53017e-098
8.39808e+007,3.02337e+040,-2.53017e-098
8.40672e+007,3.02366e+040,-2.53017e-098
8.41536e+007,3.02395e+040,-2.53017e-098
8.424e+007,3.02425e+040,-2.53017e-098
8.43264e+007,3.02454e+040,-2.53017e-098
8.44128e+007,3.02483e+040,-2.53017e-098
8.44992e+007,3.02512e+040,-2.53017e-098
8.45856e+007,3.02541e+040,-2.53017e-098
8.4672e+007,3.02571e+040,-2.53017e-098
8.47584e+007,3.026e+040,-2.53017e-098
8.48448e+007,3.02629e+040,-2.53017e-098
8.49312e+007,3.02658e+040,-2.53017e-098
8.50176e+007,3.02687e+040,-2.53017e-098
8.5104e+007,3.02716e+040,-2.53017e-098
8.51904e+007,3.02746e+040,-2.53017e-098
8.52768e+007,3.02775e+040,-2.53017e-098
8.53632e+007,3.02804e+040,-2.53017e-098
8.54496e+007,3.02833e+040,-2.53017e-098
8.5536e+007,3.02862e+040,-2.53017e-098
8.56224e+007,3.02891e+040,-2.53017e-098
8.57088e+007,3.02921e+040,-2.53017e-098
8.57952e+007,3.0295e+040,-2.53017e-098
8.58816e+007,3.02979e+040,-2.53017e-098
8.5968e+007,3.03008e+040,-2.53017e-098
8.60544e+007,3.03037e+040,-2.53017e-098
8.61408e+007,3.03066e+040,-2.53017e-098
8.62272e+007,3.03095e+040,-2.53017e-098
8.63136e+007,3.03124e+040,-2.53017e-098
8.64e+007,3.03153e+040,-2.53017e-098
8.64864e+007,3.03182e+040,-2.53017e-098
8.65728e+007,3.03211e+040,-2.53017e-098
8.66592e+007,3.03241e+040,-2.53017e-098
8.67456e+007,3.0327e+040,-2.53017e-098
8.6832e+007,3.03299e+040,-2.53017e-098
8.69184e+007,3.03328e+040,-2.53017e-098
8.70048e+007,3.03357e+040,-2.53017e-098
8.70912e+007,3.03386e+040,-2.53017e-098
8.71776e+007,3.03415e+040,-2.53017e-098
8.7264e+007,3.03444e+040,-2.53017e-098
8.73504e+007,3.03473e+040,-2.53017e-098
8.74368e+007,3.03501e+040,-2.53017e-098
8.75232e+007,3.0353e+040,-2.53017e-098
8.76096e+007,3.03559e+040,-2.53017e-098
8.7696e+007,3.03588e+040,-2.53017e-098
8.77824e+007,3.03617e+040,-2.53017e-098
8.78688e+007,3.03646e+040,-2.53017e-098
8.79552e+007,3.03675e+040,-2.53017e-098
8.80416e+007,3.03704e+040,-2.53017e-098
8.8128e+007,3.03733e+040,-2.53017e-098
8.82144e+007,3.03761e+040,-2.53017e-098
8.83008e+007,3.0379e+040,-2.53017e-098
8.83872e+007,3.03819e+040,-2.53017e-098
8.84736e+007,3.03848e+040,-2.53017e-098
8.856e+007,3.03877e+040,-2.53017e-098
8.86464e+007,3.03905e+040,-2.53017e-098
8.87328e+007,3.03934e+040,-2.53017e-098
8.88192e+007,3.03963e+040,-2.53017e-098
8.89056e+007,3.03992e+040,-2.53017e-098
8.8992e+007,3.0402e+040,-2.53017e-098
8.90784e+007,3.04049e+040,-2.53017e-098
8.91648e+007,3.04078e+040,-2.53017e-098
8.92512e+007,3.04106e+040,-2.53017e-098
8.93376e+007,3.04135e+040,-2.53017e-098
8.9424e+007,3.04164e+040,-2.53017e-098
8.95104e+007,3.04192e+040,-2.53017e-098
8.95968e+007,3.04221e+040,-2.53017e-098
8.96832e+007,3.04249e+040,-2.53017e-098
8.97696e+007,3.04278e+040,-2.53017e-098
8.9856e+007,3.04307e+040,-2.53017e-098
8.99424e+007,3.04335e+040,-2.53017e-098
9.00288e+007,3.04364e+040,-2.53017e-098
9.01152e+007,3.04392e+040,-2.53017e-098
9.02016e+007,3.0442e+040,-2.53017e-098
9.0288e+007,3.04449e+040,-2.53017e-098
9.03744e+007,3.04477e+040,-2.53017e-098
9.04608e+007,3.04506e+040,-2.53017e-098
9.05472e+007,3.04534e+040,-2.53017e-098
9.06336e+007,3.04562e+040,-2.53017e-098
9.072e+007,3.04591e+040,-2.53017e-098
9.08064e+007,3.04619e+040,-2.53017e-098
9.08928e+007,3.04647e+040,-2.53017e-098
9.09792e+007,3.04676e+040,-2.53017e-098
9.10656e+007,3.04704e+040,-2.53017e-098
9.1152e+007,3.04732e+040,-2.53017e-098
9.12384e+007,3.0476e+040,-2.53017e-098
9.13248e+007,3.04789e+040,-2.53017e-098
9.14112e+007,3.04817e+040,-2.53017e-098
9.14976e+007,3.04845e+040,-2.53017e-098
9.1584e+007,3.04873e+040,-2.53017e-098
9.16704e+007,3.04901e+040,-2.53017e-098
9.17568e+007,3.04929e+040,-2.53017e-098
9.18432e+007,3.04957e+040,-2.53017e-098
9.19296e+007,3.04985e+040,-2.53017e-098
9.2016e+007,3.05013e+040,-2.53017e-098
9.21024e+007,3.05041e+040,-2.53017e-098
9.21888e+007,3.05069e+040,-2.53017e-098
9.22752e+007,3.05097e+040,-2.53017e-098
9.23616e+007,3.05125e+040,-2.53017e-098
9.2448e+007,3.05153e+040,-2.53017e-098
9.25344e+007,3.05181e+040,-2.53017e-098
9.26208e+007,3.05209e+040,-2.53017e-098
9.27072e+007,3.05237e+040,-2.53017e-098
9.27936e+007,3.05264e+040,-2.53017e-098
9.288e+007,3.05292e+040,-2.53017e-098
9.29664e+007,3.0532e+040,-2.53017e-098
9.30528e+007,3.05348e+040,-2.53017e-098
9.31392e+007,3.05375e+040,-2.53017e-098
9.32256e+007,3.05403e+040,-2.53017e-098
9.3312e+007,3.05431e+040,-2.53017e-098
9.33984e+007,3.05458e+040,-2.53017e-098
9.34848e+007,3.05486e+040,-2.53017e-098
9.35712e+007,3.05513e+040,-2.53017e-098
9.36576e+007,3.05541e+040,-2.53017e-098
9.3744e+007,3.05568e+040,-2.53017e-098
9.38304e+007,3.05596e+040,-2.53017e-098
9.39168e+007,3.05623e+040,-2.53017e-098
9.40032e+007,3.05651e+040,-2.53017e-098
9.40896e+007,3.05678e+040,-2.53017e-098
9.4176e+007,3.05706e+040,-2.53017e-098
9.42624e+007,3.05733e+040,-2.53017e-098
9.43488e+007,3.0576e+040,-2.53017e-098
9.44352e+007,3.05788e+040,-2.53017e-098
9.45216e+007,3.05815e+040,-2.53017e-098
9.4608e+007,3.05842e+040,-2.53017e-098
9.46944e+007,3.05869e+040,-2.53017e-098
9.47808e+007,3.05896e+040,-2.53017e-098
9.48672e+007,3.05924e+040,-2.53017e-098
9.49536e+007,3.05951e+040,-2.53017e-098
9.504e+007,3.05978e+040,-2.53017e-098
9.51264e+007,3.06005e+040,-2.53017e-098
9.52128e+007,3.06032e+040,-2.53017e-098
9.52992e+007,3.06059e+040,-2.53017e-098
9.53856e+007,3.06086e+040,-2.53017e-098
9.5472e+007,3.06113e+040,-2.53017e-098
9.55584e+007,3.0614e+040,-2.53017e-098
9.56448e+007,3.06167e+040,-2.53017e-098
9.57312e+007,3.06194e+040,-2.53017e-098
9.58176e+007,3.0622e+040,-2.53017e-098
9.5904e+007,3.06247e+040,-2.53017e-098
9.59904e+007,3.06274e+040,-2.53017e-098
9.60768e+007,3.06301e+040,-2.53017e-098
9.61632e+007,3.06328e+040,-2.53017e-098
9.62496e+007,3.06354e+040,-2.53017e-098
9.6336e+007,3.06381e+040,-2.53017e-098
9.64224e+007,3.06408e+040,-2.53017e-098
9.65088e+007,3.06434e+040,-2.53017e-098
9.65952e+007,3.06461e+040,-2.53017e-098
9.66816e+007,3.06487e+040,-2.53017e-098
9.6768e+007,3.06514e+040,-2.53017e-098
9.68544e+007,3.0654e+040,-2.53017e-098
9.69408e+007,3.06567e+040,-2.53017e-098
9.70272e+007,3.06593e+040,-2.53017e-098
9.71136e+007,3.0662e+040,-2.53017e-098
9.72e+007,3.06646e+040,-2.53017e-098
9.72864e+007,3.06672e+040,-2.53017e-098
9.73728e+007,3.06699e+040,-2.53017e-098
9.74592e+007,3.06725e+040,-2.53017e-098
9.75456e+007,3.06751e+040,-2.53017e-098
9.7632e+007,3.06778e+040,-2.53017e-098
9.77184e+007,3.06804e+040,-2.53017e-098
9.78048e+007,3.0683e+040,-2.53017e-098
9.78912e+007,3.06856e+040,-2.53017e-098
9.79776e+007,3.06882e+040,-2.53017e-098
9.8064e+007,3.06908e+040,-2.53017e-098
9.81504e+007,3.06934e+040,-2.53017e-098
9.82368e+007,3.0696e+040,-2.53017e-098
9.83232e+007,3.06986e+040,-2.53017e-098
9.84096e+007,3.07012e+040,-2.53017e-098
9.8496e+007,3.07038e+040,-2.53017e-098
9.85824e+007,3.07064e+040,-2.53017e-098
9.86688e+007,3.0709e+040,-2.53017e-098
9.87552e+007,3.07116e+040,-2.53017e-098
9.88416e+007,3.07142e+040,-2.53017e-098
9.8928e+007,3.07168e+040,-2.53017e-098
9.90144e+007,3.07193e+040,-2.53017e-098
9.91008e+007,3.07219e+040,-2.53017e-098
9.91872e+007,3.07245e+040,-2.53017e-098
9.92736e+007,3.07271e+040,-2.53017e-098
9.936e+007,3.07296e+040,-2.53017e-098
9.94464e+007,3.07322e+040,-2.53017e-098
9.95328e+007,3.07347e+040,-2.53017e-098
9.96192e+007,3.07373e+040,-2.53017e-098
9.97056e+007,3.07399e+040,-2.53017e-098
9.9792e+007,3.07424e+040,-2.53017e-098
9.98784e+007,3.0745e+040,-2.53017e-098
9.99648e+007,3.07475e+040,-2.53017e-098
1.00051e+008,3.075e+040,-2.53017e-098
1.00138e+008,3.07526e+040,-2.53017e-098
1.00224e+008,3.07551e+040,-2.53017e-098
1.0031e+008,3.07577e+040,-2.53017e-098
1.00397e+008,3.07602e+040,-2.53017e-098
1.00483e+008,3.07627e+040,-2.53017e-098
1.0057e+008,3.07652e+040,-2.53017e-098
1.00656e+008,3.07678e+040,-2.53017e-098
1.00742e+008,3.07703e+040,-2.53017e-098
1.00829e+008,3.07728e+040,-2.53017e-098
1.00915e+008,3.07753e+040,-2.53017e-098
1.01002e+008,3.07778e+040,-2.53017e-098
1.01088e+008,3.07803e+040,-2.53017e-098
1.01174e+008,3.07828e+040,-2.53017e-098
1.01261e+008,3.07853e+040,-2.53017e-098
1.01347e+008,3.07878e+040,-2.53017e-098
1.01434e+008,3.07903e+040,-2.53017e-098
1.0152e+008,3.07928e+040,-2.53017e-098
1.01606e+008,3.07953e+040,-2.53017e-098
1.01693e+008,3.07978e+040,-2.53017e-098
1.01779e+008,3.08003e+040,-2.53017e-098
1.01866e+008,3.08028e+040,-2.53017e-098
1.01952e+008,3.08053e+040,-2.53017e-098
1.02038e+008,3.08077e+040,-2.53017e-098
1.02125e+008,3.08102e+040,-2.53017e-098
1.02211e+008,3.08127e+040,-2.53017e-098
1.02298e+008,3.08152e+040,-2.53017e-098
1.02384e+008,3.08176e+040,-2.53017e-098
1.0247e+008,3.08201e+040,-2.53017e-098
1.02557e+008,3.08226e+040,-2.53017e-098
1.02643e+008,3.0825e+040,-2.53017e-098
1.0273e+008,3.08275e+040,-2.53017e-098
1.02816e+008,3.08299e+040,-2.53017e-098
1.02902e+008,3.08324e+040,-2.53017e-098
1.02989e+008,3.08348e+040,-2.53017e-098
1.03075e+008,3.08373e+040,-2.53017e-098
1.03162e+008,3.08397e+040,-2.53017e-098
1.03248e+008,3.08422e+040,-2.53017e-098
1.03334e+008,3.08446e+040,-2.53017e-098
1.03421e+008,3.0847e+040,-2.53017e-098
1.03507e+008,3.08495e+040,-2.53017e-098
1.03594e+008,3.08519e+040,-2.53017e-098
1.0368e+008,3.08543e+040,-2.53017e-098
1.03766e+008,3.08568e+040,-2.53017e-098
1.03853e+008,3.08592e+040,-2.53017e-098
1.03939e+008,3.08616e+040,-2.53017e-098
1.04026e+008,3.0864e+040,-2.53017e-098
1.04112e+008,3.08664e+040,-2.53017e-098
1.04198e+008,3.08689e+040,-2.53017e-098
1.04285e+008,3.08713e+040,-2.53017e-098
1.04371e+008,3.08737e+040,-2.53017e-098
1.04458e+008,3.08761e+040,-2.53017e-098
1.04544e+008,3.08785e+040,-2.53017e-098
1.0463e+008,3.08809e+040,-2.53017e-098
1.04717e+008,3.08833e+040,-2.53017e-098
1.04803e+008,3.08857e+040,-2.53017e-098
1.0489e+008,3.08881e+040,-2.53017e-098
1.04976e+008,3.08905e+040,-2.53017e-098
1.05062e+008,3.08929e+040,-2.53017e-098
1.05149e+008,3.08953e+040,-2.53017e-098
1.05235e+008,3.08977e+040,-2.53017e-098
1.05322e+008,3.09e+040,-2.53017e-098
1.05408e+008,3.09024e+040,-2.53017e-098
1.05494e+008,3.09048e+040,-2.53017e-098
1.05581e+008,3.09072e+040,-2.53017e-098
1.05667e+008,3.09096e+040,-2.53017e-098
1.05754e+008,3.09119e+040,-2.53017e-098
1.0584e+008,3.09143e+040,-2.53017e-098
1.05926e+008,3.09167e+040,-2.53017e-098
1.06013e+008,3.0919e+040,-2.53017e-098
1.06099e+008,3.09214e+040,-2.53017e-098
1.06186e+008,3.09238e+040,-2.53017e-098
1.06272e+008,3.09261e+040,-2.53017e-098
1.06358e+008,3.09285e+040,-2.53017e-098
1.06445e+008,3.09309e+040,-2.53017e-098
1.06531e+008,3.09332e+040,-2.53017e-098
1.06618e+008,3.09356e+040,-2.53017e-098
1.06704e+008,3.09379e+040,-2.53017e-098
1.0679e+008,3.09403e+040,-2.53017e-098
1.06877e+008,3.09426e+040,-2.53017e-098
1.06963e+008,3.0945e+040,-2.53017e-098
1.0705e+008,3.09473e+040,-2.53017e-098
1.07136e+008,3.09496e+040,-2.53017e-098
1.07222e+008,3.0952e+040,-2.53017e-098
1.07309e+008,3.09543e+040,-2.53017e-098
1.07395e+008,3.09567e+040,-2.53017e-098
1.07482e+008,3.0959e+040,-2.53017e-098
1.07568e+008,3.09613e+040,-2.53017e-098
1.07654e+008,3.09637e+040,-2.53017e-098
1.07741e+008,3.0966e+040,-2.53017e-098
1.07827e+008,3.09683e+040,-2.53017e-098
1.07914e+008,3.09706e+040,-2.53017e-098
1.08e+008,3.0973e+040,-2.53017e-098
1.08086e+008,3.09753e+040,-2.53017e-098
1.08173e+008,3.09776e+040,-2.53017e-098
1.08259e+008,3.09799e+040,-2.53017e-098
1.08346e+008,3.09822e+040,-2.53017e-098
1.08432e+008,3.09846e+040,-2.53017e-098
1.08518e+008,3.09869e+040,-2.53017e-098
1.08605e+008,3.09892e+040,-2.53017e-098
1.08691e+008,3.09915e+040,-2.53017e-098
1.08778e+008,3.09938e+040,-2.53017e-098
1.08864e+008,3.09961e+040,-2.53017e-098
1.0895e+008,3.09984e+040,-2.53017e-098
1.09037e+008,3.10007e+040,-2.53017e-098
1.09123e+008,3.1003e+040,-2.53017e-098
1.0921e+008,3.10053e+040,-2.53017e-098
1.09296e+008,3.10076e+040,-2.53017e-098
1.09382e+008,3.10099e+040,-2.53017e-098
1.09469e+008,3.10122e+040,-2.53017e-098
1.09555e+008,3.10145e+040,-2.53017e-098
1.09642e+008,3.10168e+040,-2.53017e-098
1.09728e+008,3.10191e+040,-2.53017e-098
1.09814e+008,3.10214e+040,-2.53017e-098
1.09901e+008,3.10237e+040,-2.53017e-098
1.09987e+008,3.1026e+040,-2.53017e-098
1.10074e+008,3.10283e+040,-2.53017e-098
1.1016e+008,3.10306e+040,-2.53017e-098
1.10246e+008,3.10329e+040,-2.53017e-098
1.10333e+008,3.10351e+040,-2.53017e-098
1.10419e+008,3.10374e+040,-2.53017e-098
1.10506e+008,3.10397e+040,-2.53017e-098
1.10592e+008,3.1042e+040,-2.53017e-098
1.10678e+008,3.10443e+040,-2.53017e-098
1.10765e+008,3.10465e+040,-2.53017e-098
1.10851e+008,3.10488e+040,-2.53017e-098
1.10938e+008,3.10511e+040,-2.53017e-098
1.11024e+008,3.10534e+040,-2.53017e-098
1.1111e+008,3.10556e+040,-2.53017e-098
1.11197e+008,3.10579e+040,-2.53017e-098
1.11283e+008,3.10602e+040,-2.53017e-098
1.1137e+008,3.10625e+040,-2.53017e-098
1.11456e+008,3.10647e+040,-2.53017e-098
1.11542e+008,3.1067e+040,-2.53017e-098
1.11629e+008,3.10693e+040,-2.53017e-098
1.11715e+008,3.10715e+040,-2.53017e-098
1.11802e+008,3.10738e+040,-2.53017e-098
1.11888e+008,3.10761e+040,-2.53017e-098
1.11974e+008,3.10783e+040,-2.53017e-098
1.12061e+008,3.10806e+040,-2.53017e-098
1.12147e+008,3.10829e+040,-2.53017e-098
1.12234e+008,3.10851e+040,-2.53017e-098
1.1232e+008,3.10874e+040,-2.53017e-098
1.12406e+008,3.10896e+040,-2.53017e-098
1.12493e+008,3.10919e+040,-2.53017e-098
1.12579e+008,3.10942e+040,-2.53017e-098
1.12666e+008,3.10964e+040,-2.53017e-098
1.12752e+008,3.10987e+040,-2.53017e-098
1.12838e+008,3.11009e+040,-2.53017e-098
1.12925e+008,3.11032e+040,-2.53017e-098
1.13011e+008,3.11054e+040,-2.53017e-098
1.13098e+008,3.11077e+040,-2.53017e-098
1.13184e+008,3.11099e+040,-2.53017e-098
1.1327e+008,3.11122e+040,-2.53017e-098
1.13357e+008,3.11144e+040,-2.53017e-098
1.13443e+008,3.11167e+040,-2.53017e-098
1.1353e+008,3.11189e+040,-2.53017e-098
1.13616e+008,3.11212e+040,-2.53017e-098
1.13702e+008,3.11234e+040,-2.53017e-098
1.13789e+008,3.11257e+040,-2.53017e-098
1.13875e+008,3.11279e+040,-2.53017e-098
1.13962e+008,3.11302e+040,-2.53017e-098
1.14048e+008,3.11324e+040,-2.53017e-098
1.14134e+008,3.11347e+040,-2.53017e-098
1.14221e+008,3.11369e+040,-2.53017e-098
1.14307e+008,3.11392e+040,-2.53017e-098
1.14394e+008,3.11414e+040,-2.53017e-098
1.1448e+008,3.11437e+040,-2.53017e-098
1.14566e+008,3.11459e+040,-2.53017e-098
1.14653e+008,3.11481e+040,-2.53017e-098
1.14739e+008,3.11504e+040,-2.53017e-098
1.14826e+008,3.11526e+040,-2.53017e-098
1.14912e+008,3.11549e+040,-2.53017e-098
1.14998e+008,3.11571e+040,-2.53017e-098
1.15085e+008,3.11593e+040,-2.53017e-098
1.15171e+008,3.11616e+040,-2.53017e-098
1.15258e+008,3.11638e+040,-2.53017e-098
1.15344e+008,3.11661e+040,-2.53017e-098
1.1543e+008,3.11683e+040,-2.53017e-098
1.15517e+008,3.11705e+040,-2.53017e-098
1.15603e+008,3.11728e+040,-2.53017e-098
1.1569e+008,3.1175e+040,-2.53017e-098
1.15776e+008,3.11773e+040,-2.53017e-098
1.15862e+008,3.11795e+040,-2.53017e-098
1.15949e+008,3.11817e+040,-2.53017e-098
1.16035e+008,3.1184e+040,-2.53017e-098
1.16122e+008,3.11862e+040,-2.53017e-098
1.16208e+008,3.11885e+040,-2.53017e-098
1.16294e+008,3.11907e+040,-2.53017e-098
1.16381e+008,3.11929e+040,-2.53017e-098
1.16467e+008,3.11952e+040,-2.53017e-098
1.16554e+008,3.11974e+040,-2.53017e-098
1.1664e+008,3.11996e+040,-2.53017e-098
1.16726e+008,3.12019e+040,-2.53017e-098
1.16813e+008,3.12041e+040,-2.53017e-098
1.16899e+008,3.12064e+040,-2.53017e-098
1.16986e+008,3.12086e+040,-2.53017e-098
1.17072e+008,3.12108e+040,-2.53017e-098
1.17158e+008,3.12131e+040,-2.53017e-098
1.17245e+008,3.12153e+040,-2.53017e-098
1.17331e+008,3.12175e+040,-2.53017e-098
1.17418e+008,3.12198e+040,-2.53017e-098
1.17504e+008,3.1222e+040,-2.53017e-098
1.1759e+008,3.12243e+040,-2.53017e-098
1.17677e+008,3.12265e+040,-2.53017e-098
1.17763e+008,3.12287e+040,-2.53017e-098
1.1785e+008,3.1231e+040,-2.53017e-098
1.17936e+008,3.12332e+040,-2.53017e-098
1.18022e+008,3.12354e+040,-2.53017e-098
1.18109e+008,3.12377e+040,-2.53017e-098
1.18195e+008,3.12399e+040,-2.53017e-098
1.18282e+008,3.12422e+040,-2.53017e-098
1.18368e+008,3.12444e+040,-2.53017e-098
1.18454e+008,3.12466e+040,-2.53017e-098
1.18541e+008,3.12489e+040,-2.53017e-098
1.18627e+008,3.12511e+040,-2.53017e-098
1.18714e+008,3.12533e+040,-2.53017e-098
1.188e+008,3.12556e+040,-2.53017e-098
1.18886e+008,3.12578e+040,-2.53017e-098
1.18973e+008,3.12601e+040,-2.53017e-098
1.19059e+008,3.12623e+040,-2.53017e-098
1.19146e+008,3.12645e+040,-2.53017e-098
1.19232e+008,3.12668e+040,-2.53017e-098
1.19318e+008,3.1269e+040,-2.53017e-098
1.19405e+008,3.12713e+040,-2.53017e-098
1.19491e+008,3.12735e+040,-2.53017e-098
1.19578e+008,3.12758e+040,-2.53017e-098
1.19664e+008,3.1278e+040,-2.53017e-098
1.1975e+008,3.12802e+040,-2.53017e-098
1.19837e+008,3.12825e+040,-2.53017e-098
1.19923e+008,3.12847e+040,-2.53017e-098
1.2001e+008,3.1287e+040,-2.53017e-098
1.20096e+008,3.12892e+040,-2.53017e-098
1.20182e+008,3.12915e+040,-2.53017e-098
1.20269e+008,3.12937e+040,-2.53017e-098
1.20355e+008,3.1296e+040,-2.53017e-098
1.20442e+008,3.12982e+040,-2.53017e-098
1.20528e+008,3.13004e+040,-2.53017e-098
1.20614e+008,3.13027e+040,-2.53017e-098
1.20701e+008,3.13049e+040,-2.53017e-098
1.20787e+008,3.13072e+040,-2.53017e-098
1.20874e+008,3.13094e+040,-2.53017e-098
1.2096e+008,3.13117e+040,-2.53017e-098
1.21046e+008,3.13139e+040,-2.53017e-098
1.21133e+008,3.13162e+040,-2.53017e-098
1.21219e+008,3.13184e+040,-2.53017e-098
1.21306e+008,3.13207e+040,-2.53017e-098
1.21392e+008,3.13229e+040,-2.53017e-098
1.21478e+008,3.13252e+040,-2.53017e-098
1.21565e+008,3.13274e+040,-2.53017e-098
1.21651e+008,3.13297e+040,-2.53017e-098
1.21738e+008,3.13319e+040,-2.53017e-098
1.21824e+008,3.13342e+040,-2.53017e-098
1.2191e+008,3.13365e+040,-2.53017e-098
1.21997e+008,3.13387e+040,-2.53017e-098
1.22083e+008,3.1341e+040,-2.53017e-098
1.2217e+008,3.13432e+040,-2.53017e-098
1.22256e+008,3.13455e+040,-2.53017e-098
1.22342e+008,3.13477e+040,-2.53017e-098
1.22429e+008,3.135e+040,-2.53017e-098
1.22515e+008,3.13523e+040,-2.53017e-098
1.22602e+008,3.13545e+040,-2.53017e-098
1.22688e+008,3.13568e+040,-2.53017e-098
1.22774e+008,3.1359e+040,-2.53017e-098
1.22861e+008,3.13613e+040,-2.53017e-098
1.22947e+008,3.13636e+040,-2.53017e-098
1.23034e+008,3.13658e+040,-2.53017e-098
1.2312e+008,3.13681e+040,-2.53017e-098
1.23206e+008,3.13703e+040,-2.53017e-098
1.23293e+008,3.13726e+040,-2.53017e-098
1.23379e+008,3.13749e+040,-2.53017e-098
1.23466e+008,3.13771e+040,-2.53017e-098
1.23552e+008,3.13794e+040,-2.53017e-098
1.23638e+008,3.13817e+040,-2.53017e-098
1.23725e+008,3.13839e+040,-2.53017e-098
1.23811e+008,3.13862e+040,-2.53017e-098
1.23898e+008,3.13885e+040,-2.53017e-098
1.23984e+008,3.13908e+040,-2.53017e-098
1.2407e+008,3.1393e+040,-2.53017e-098
1.24157e+008,3.13953e+040,-2.53017e-098
1.24243e+008,3.13976e+040,-2.53017e-098
1.2433e+008,3.13998e+040,-2.53017e-098
1.24416e+008,3.14021e+040,-2.53017e-098
1.24502e+008,3.14044e+040,-2.53017e-098
1.24589e+008,3.14067e+040,-2.53017e-098
1.24675e+008,3.14089e+040,-2.53017e-098
1.24762e+008,3.14112e+040,-2.53017e-098
1.24848e+008,3.14135e+040,-2.53017e-098
1.24934e+008,3.14158e+040,-2.53017e-098
1.25021e+008,3.14181e+040,-2.53017e-098
1.25107e+008,3.14203e+040,-2.53017e-098
1.25194e+008,3.14226e+040,-2.53017e-098
1.2528e+008,3.14249e+040,-2.53017e-098
1.25366e+008,3.14272e+040,-2.53017e-098
1.25453e+008,3.14295e+040,-2.53017e-098
1.25539e+008,3.14317e+040,-2.53017e-098
1.25626e+008,3.1434e+040,-2.53017e-098
1.25712e+008,3.14363e+040,-2.53017e-098
1.25798e+008,3.14386e+040,-2.53017e-098
1.25885e+008,3.14409e+040,-2.53017e-098
1.25971e+008,3.14432e+040,-2.53017e-098
1.26058e+008,3.14455e+040,-2.53017e-098
1.26144e+008,3.14478e+040,-2.53017e-098
1.2623e+008,3.145e+040,-2.53017e-098
1.26317e+008,3.14523e+040,-2.53017e-098
1.26403e+008,3.14546e+040,-2.53017e-098
1.2649e+008,3.14569e+040,-2.53017e-098
1.26576e+008,3.14592e+040,-2.53017e-098
1.26662e+008,3.14615e+040,-2.53017e-098
1.26749e+008,3.14638e+040,-2.53017e-098
1.26835e+008,3.14661e+040,-2.53017e-098
1.26922e+008,3.14684e+040,-2.53017e-098
1.27008e+008,3.14707e+040,-2.53017e-098
1.27094e+008,3.1473e+040,-2.53017e-098
1.27181e+008,3.14753e+040,-2.53017e-098
1.27267e+008,3.14776e+040,-2.53017e-098
1.27354e+008,3.14799e+040,-2.53017e-098
1.2744e+008,3.14822e+040,-2.53017e-098
1.27526e+008,3.14845e+040,-2.53017e-098
1.27613e+008,3.14868e+040,-2.53017e-098
1.27699e+008,3.14891e+040,-2.53017e-098
1.27786e+008,3.14914e+040,-2.53017e-098
1.27872e+008,3.14937e+040,-2.53017e-098
1.27958e+008,3.1496e+040,-2.53017e-098
1.28045e+008,3.14983e+040,-2.53017e-098
1.28131e+008,3.15006e+040,-2.53017e-098
1.28218e+008,3.15029e+040,-2.53017e-098
1.28304e+008,3.15052e+040,-2.53017e-098
1.2839e+008,3.15075e+040,-2.53017e-098
1.28477e+008,3.15098e+040,-2.53017e-098
1.28563e+008,3.15121e+040,-2.53017e-098
1.2865e+008,3.15144e+040,-2.53017e-098
1.28736e+008,3.15168e+040,-2.53017e-098
1.28822e+008,3.15191e+040,-2.53017e-098
1.28909e+008,3.15214e+040,-2.53017e-098
1.28995e+008,3.15237e+040,-2.53017e-098
1.29082e+008,3.1526e+040,-2.53017e-098
1.29168e+008,3.15283e+040,-2.53017e-098
1.29254e+008,3.15306e+040,-2.53017e-098
1.29341e+008,3.15329e+040,-2.53017e-098
1.29427e+008,3.15353e+040,-2.53017e-098
1.29514e+008,3.15376e+040,-2.53017e-098
1.296e+008,3.15399e+040,-2.53017e-098
1.29686e+008,3.15422e+040,-2.53017e-098
1.29773e+008,3.15445e+040,-2.53017e-098
1.29859e+008,3.15468e+040,-2.53017e-098
1.29946e+008,3.15492e+040,-2.53017e-098
1.30032e+008,3.15515e+040,-2.53017e-098
1.30118e+008,3.15538e+040,-2.53017e-098
1.30205e+008,3.15561e+040,-2.53017e-098
1.30291e+008,3.15584e+040,-2.53017e-098
1.30378e+008,3.15608e+040,-2.53017e-098
1.30464e+008,3.15631e+040,-2.53017e-098
1.3055e+008,3.15654e+040,-2.53017e-098
1.30637e+008,3.15677e+040,-2.53017e-098
1.30723e+008,3.15701e+040,-2.53017e-098
1.3081e+008,3.15724e+040,-2.53017e-098
1.30896e+008,3.15747e+040,-2.53017e-098
1.30982e+008,3.1577e+040,-2.53017e-098
1.31069e+008,3.15794e+040,-2.53017e-098
1.31155e+008,3.15817e+040,-2.53017e-098
1.31242e+008,3.1584e+040,-2.53017e-098
1.31328e+008,3.15863e+040,-2.53017e-098
1.31414e+008,3.15887e+040,-2.53017e-098
1.31501e+008,3.1591e+040,-2.53017e-098
1.31587e+008,3.15933e+040,-2.53017e-098
1.31674e+008,3.15956e+040,-2.53017e-098
1.3176e+008,3.1598e+040,-2.53017e-098
1.31846e+008,3.16003e+040,-2.53017e-098
1.31933e+008,3.16026e+040,-2.53017e-098
1.32019e+008,3.1605e+040,-2.53017e-098
1.32106e+008,3.16073e+040,-2.53017e-098
1.32192e+008,3.16096e+040,-2.53017e-098
1.32278e+008,3.16119e+040,-2.53017e-098
1.32365e+008,3.16143e+040,-2.53017e-098
1.32451e+008,3.16166e+040,-2.53017e-098
1.32538e+008,3.16189e+040,-2.53017e-098
1.32624e+008,3.16213e+040,-2.53017e-098
1.3271e+008,3.16236e+040,-2.53017e-098
1.32797e+008,3.16259e+040,-2.53017e-098
1.32883e+008,3.16283e+040,-2.53017e-098
1.3297e+008,3.16306e+040,-2.53017e-098
1.33056e+008,3.16329e+040,-2.53017e-098
1.33142e+008,3.16352e+040,-2.53017e-098
1.33229e+008,3.16376e+040,-2.53017e-098
1.33315e+008,3.16399e+040,-2.53017e-098
1.33402e+008,3.16422e+040,-2.53017e-098
1.33488e+008,3.16446e+040,-2.53017e-098
1.33574e+008,3.16469e+040,-2.53017e-098
1.33661e+008,3.16492e+040,-2.53017e-098
1.33747e+008,3.16516e+040,-2.53017e-098
1.33834e+008,3.16539e+040,-2.53017e-098
1.3392e+008,3.16562e+040,-2.53017e-098
1.34006e+008,3.16586e+040,-2.53017e-098
1.34093e+008,3.16609e+040,-2.53017e-098
1.34179e+008,3.16632e+040,-2.53017e-098
1.34266e+008,3.16656e+040,-2.53017e-098
1.34352e+008,3.16679e+040,-2.53017e-098
1.34438e+008,3.16702e+040,-2.53017e-098
1.34525e+008,3.16726e+040,-2.53017e-098
1.34611e+008,3.16749e+040,-2.53017e-098
1.34698e+008,3.16772e+040,-2.53017e-098
1.34784e+008,3.16796e+040,-2.53017e-098
1.3487e+008,3.16819e+040,-2.53017e-098
1.34957e+008,3.16842e+040,-2.53017e-098
1.35043e+008,3.16866e+040,-2.53017e-098
1.3513e+008,3.16889e+040,-2.53017e-098
1.35216e+008,3.16912e+040,-2.53017e-098
1.35302e+008,3.16935e+040,-2.53017e-098
1.35389e+008,3.16959e+040,-2.53017e-098
1.35475e+008,3.16982e+040,-2.53017e-098
1.35562e+008,3.17005e+040,-2.53017e-098
1.35648e+008,3.17029e+040,-2.53017e-098
1.35734e+008,3.17052e+040,-2.53017e-098
1.35821e+008,3.17075e+040,-2.53017e-098
1.35907e+008,3.17099e+040,-2.53017e-098
1.35994e+008,3.17122e+040,-2.53017e-098
1.3608e+008,3.17145e+040,-2.53017e-098
1.36166e+008,3.17168e+040,-2.53017e-098
1.36253e+008,3.17192e+040,-2.53017e-098
1.36339e+008,3.17215e+040,-2.53017e-098
1.36426e+008,3.17238e+040,-2.53017e-098
1.36512e+008,3.17261e+040,-2.53017e-098
1.36598e+008,3.17285e+040,-2.53017e-098
1.36685e+008,3.17308e+040,-2.53017e-098
1.36771e+008,3.17331e+040,-2.53017e-098
1.36858e+008,3.17354e+040,-2.53017e-098
1.36944e+008,3.17378e+040,-2.53017e-098
1.3703e+008,3.17401e+040,-2.53017e-098
1.37117e+008,3.17424e+040,-2.53017e-098
1.37203e+008,3.17447e+040,-2.53017e-098
1.3729e+008,3.17471e+040,-2.53017e-098
1.37376e+008,3.17494e+040,-2.53017e-098
1.37462e+008,3.17517e+040,-2.53017e-098
1.37549e+008,3.1754e+040,-2.53017e-098
1.37635e+008,3.17563e+040,-2.53017e-098
1.37722e+008,3.17587e+040,-2.53017e-098
1.37808e+008,3.1761e+040,-2.53017e-098
1.37894e+008,3.17633e+040,-2.53017e-098
1.37981e+008,3.17656e+040,-2.53017e-098
1.38067e+008,3.17679e+040,-2.53017e-098
1.38154e+008,3.17702e+040,-2.53017e-098
1.3824e+008,3.17725e+040,-2.53017e-098
1.38326e+008,3.17749e+040,-2.53017e-098
1.38413e+008,3.17772e+040,-2.53017e-098
1.38499e+008,3.17795e+040,-2.53017e-098
1.38586e+008,3.17818e+040,-2.53017e-098
1.38672e+008,3.17841e+040,-2.53017e-098
1.38758e+008,3.17864e+040,-2.53017e-098
1.38845e+008,3.17887e+040,-2.53017e-098
1.38931e+008,3.1791e+040,-2.53017e-098
1.39018e+008,3.17933e+040,-2.53017e-098
1.39104e+008,3.17956e+040,-2.53017e-098
1.3919e+008,3.17979e+040,-2.53017e-098
1.39277e+008,3.18002e+040,-2.53017e-098
1.39363e+008,3.18025e+040,-2.53017e-098
1.3945e+008,3.18048e+040,-2.53017e-098
1.39536e+008,3.18071e+040,-2.53017e-098
1.39622e+008,3.18094e+040,-2.53017e-098
1.39709e+008,3.18117e+040,-2.53017e-098
1.39795e+008,3.1814e+040,-2.53017e-098
1.39882e+008,3.18163e+040,-2.53017e-098
1.39968e+008,3.18186e+040,-2.53017e-098
1.40054e+008,3.18209e+040,-2.53017e-098
1.40141e+008,3.18232e+040,-2.53017e-098
1.40227e+008,3.18255e+040,-2.53017e-098
1.40314e+008,3.18278e+040,-2.53017e-098
1.404e+008,3.18301e+040,-2.53017e-098
1.40486e+008,3.18324e+040,-2.53017e-098
1.40573e+008,3.18347e+040,-2.53017e-098
1.40659e+008,3.18369e+040,-2.53017e-098
1.40746e+008,3.18392e+040,-2.53017e-098
1.40832e+008,3.18415e+040,-2.53017e-098
1.40918e+008,3.18438e+040,-2.53017e-098
1.41005e+008,3.18461e+040,-2.53017e-098
1.41091e+008,3.18483e+040,-2.53017e-098
1.41178e+008,3.18506e+040,-2.53017e-098
1.41264e+008,3.18529e+040,-2.53017e-098
1.4135e+008,3.18552e+040,-2.53017e-098
1.41437e+008,3.18574e+040,-2.53017e-098
1.41523e+008,3.18597e+040,-2.53017e-098
1.4161e+008,3.1862e+040,-2.53017e-098
1.41696e+008,3.18643e+040,-2.53017e-098
1.41782e+008,3.18665e+040,-2.53017e-098
1.41869e+008,3.18688e+040,-2.53017e-098
1.41955e+008,3.18711e+040,-2.53017e-098
1.42042e+008,3.18733e+040,-2.53017e-098
1.42128e+008,3.18756e+040,-2.53017e-098
1.42214e+008,3.18778e+040,-2.53017e-098
1.42301e+008,3.18801e+040,-2.53017e-098
1.42387e+008,3.18824e+040,-2.53017e-098
1.42474e+008,3.18846e+040,-2.53017e-098
1.4256e+008,3.18869e+040,-2.53017e-098
1.42646e+008,3.18891e+040,-2.53017e-098
1.42733e+008,3.18914e+040,-2.53017e-098
1.42819e+008,3.18936e+040,-2.53017e-098
1.42906e+008,3.18959e+040,-2.53017e-098
1.42992e+008,3.18981e+040,-2.53017e-098
1.43078e+008,3.19004e+040,-2.53017e-098
1.43165e+008,3.19026e+040,-2.53017e-098
1.43251e+008,3.19049e+040,-2.53017e-098
1.43338e+008,3.19071e+040,-2.53017e-098
1.43424e+008,3.19093e+040,-2.53017e-098
1.4351e+008,3.19116e+040,-2.53017e-098
1.43597e+008,3.19138e+040,-2.53017e-098
1.43683e+008,3.1916e+040,-2.53017e-098
1.4377e+008,3.19183e+040,-2.53017e-098
1.43856e+008,3.19205e+040,-2.53017e-098
1.43942e+008,3.19227e+040,-2.53017e-098
1.44029e+008,3.1925e+040,-2.53017e-098
1.44115e+008,3.19272e+040,-2.53017e-098
1.44202e+008,3.19294e+040,-2.53017e-098
1.44288e+008,3.19316e+040,-2.53017e-098
1.44374e+008,3.19338e+040,-2.53017e-098
1.44461e+008,3.19361e+040,-2.53017e-098
1.44547e+008,3.19383e+040,-2.53017e-098
1.44634e+008,3.19405e+040,-2.53017e-098
1.4472e+008,3.19427e+040,-2.53017e-098
1.44806e+008,3.19449e+040,-2.53017e-098
1.44893e+008,3.19471e+040,-2.53017e-098
1.44979e+008,3.19493e+040,-2.53017e-098
1.45066e+008,3.19515e+040,-2.53017e-098
1.45152e+008,3.19537e+040,-2.53017e-098
1.45238e+008,3.1956e+040,-2.53017e-098
1.45325e+008,3.19582e+040,-2.53017e-098
1.45411e+008,3.19603e+040,-2.53017e-098
1.45498e+008,3.19625e+040,-2.53017e-098
1.45584e+008,3.19647e+040,-2.53017e-098
1.4567e+008,3.19669e+040,-2.53017e-098
1.45757e+008,3.19691e+040,-2.53017e-098
1.45843e+008,3.19713e+040,-2.53017e-098
1.4593e+008,3.19735e+040,-2.53017e-098
1.46016e+008,3.19757e+040,-2.53017e-098
1.46102e+008,3.19779e+040,-2.53017e-098
1.46189e+008,3.198e+040,-2.53017e-098
1.46275e+008,3.19822e+040,-2.53017e-098
1.46362e+008,3.19844e+040,-2.53017e-098
1.46448e+008,3.19866e+040,-2.53017e-098
1.46534e+008,3.19888e+040,-2.53017e-098
1.46621e+008,3.19909e+040,-2.53017e-098
1.46707e+008,3.19931e+040,-2.53017e-098
1.46794e+008,3.19953e+040,-2.53017e-098
1.4688e+008,3.19974e+040,-2.53017e-098
1.46966e+008,3.19996e+040,-2.53017e-098
1.47053e+008,3.20018e+040,-2.53017e-098
1.47139e+008,3.20039e+040,-2.53017e-098
1.47226e+008,3.20061e+040,-2.53017e-098
1.47312e+008,3.20082e+040,-2.53017e-098
1.47398e+008,3.20104e+040,-2.53017e-098
1.47485e+008,3.20125e+040,-2.53017e-098
1.47571e+008,3.20147e+040,-2.53017e-098
1.47658e+008,3.20168e+040,-2.53017e-098
1.47744e+008,3.2019e+040,-2.53017e-098
1.4783e+008,3.20211e+040,-2.53017e-098
1.47917e+008,3.20233e+040,-2.53017e-098
1.48003e+008,3.20254e+040,-2.53017e-098
1.4809e+008,3.20275e+040,-2.53017e-098
1.48176e+008,3.20297e+040,-2.53017e-098
1.48262e+008,3.20318e+040,-2.53017e-098
1.48349e+008,3.20339e+040,-2.53017e-098
1.48435e+008,3.20361e+040,-2.53017e-098
1.48522e+008,3.20382e+040,-2.53017e-098
1.48608e+008,3.20403e+040,-2.53017e-098
1.48694e+008,3.20424e+040,-2.53017e-098
1.48781e+008,3.20446e+040,-2.53017e-098
1.48867e+008,3.20467e+040,-2.53017e-098
1.48954e+008,3.20488e+040,-2.53017e-098
1.4904e+008,3.20509e+040,-2.53017e-098
1.49126e+008,3.2053e+040,-2.53017e-098
1.49213e+008,3.20551e+040,-2.53017e-098
1.49299e+008,3.20572e+040,-2.53017e-098
1.49386e+008,3.20594e+040,-2.53017e-098
1.49472e+008,3.20615e+040,-2.53017e-098
1.49558e+008,3.20636e+040,-2.53017e-098
1.49645e+008,3.20657e+040,-2.53017e-098
1.49731e+008,3.20678e+040,-2.53017e-098
1.49818e+008,3.20699e+040,-2.53017e-098
1.49904e+008,3.2072e+040,-2.53017e-098
1.4999e+008,3.2074e+040,-2.53017e-098
1.50077e+008,3.20761e+040,-2.53017e-098
1.50163e+008,3.20782e+040,-2.53017e-098
1.5025e+008,3.20803e+040,-2.53017e-098
1.50336e+008,3.20824e+040,-2.53017e-098
1.50422e+008,3.20845e+040,-2.53017e-098
1.50509e+008,3.20866e+040,-2.53017e-098
1.50595e+008,3.20886e+040,-2.53017e-098
1.50682e+008,3.20907e+040,-2.53017e-098
1.50768e+008,3.20928e+040,-2.53017e-098
1.50854e+008,3.20949e+040,-2.53017e-098
1.50941e+008,3.20969e+040,-2.53017e-098
1.51027e+008,3.2099e+040,-2.53017e-098
1.51114e+008,3.21011e+040,-2.53017e-098
1.512e+008,3.21031e+040,-2.53017e-098
1.51286e+008,3.21052e+040,-2.53017e-098
1.51373e+008,3.21072e+040,-2.53017e-098
1.51459e+008,3.21093e+040,-2.53017e-098
1.51546e+008,3.21114e+040,-2.53017e-098
1.51632e+008,3.21134e+040,-2.53017e-098
1.51718e+008,3.21155e+040,-2.53017e-098
1.51805e+008,3.21175e+040,-2.53017e-098
1.51891e+008,3.21196e+040,-2.53017e-098
1.51978e+008,3.21216e+040,-2.53017e-098
1.52064e+008,3.21236e+040,-2.53017e-098
1.5215e+008,3.21257e+040,-2.53017e-098
1.52237e+008,3.21277e+040,-2.53017e-098
1.52323e+008,3.21298e+040,-2.53017e-098
1.5241e+008,3.21318e+040,-2.53017e-098
1.52496e+008,3.21338e+040,-2.53017e-098
1.52582e+008,3.21359e+040,-2.53017e-098
1.52669e+008,3.21379e+040,-2.53017e-098
1.52755e+008,3.21399e+040,-2.53017e-098
1.52842e+008,3.21419e+040,-2.53017e-098
1.52928e+008,3.2144e+040,-2.53017e-098
1.53014e+008,3.2146e+040,-2.53017e-098
1.53101e+008,3.2148e+040,-2.53017e-098
1.53187e+008,3.215e+040,-2.53017e-098
1.53274e+008,3.2152e+040,-2.53017e-098
1.5336e+008,3.21541e+040,-2.53017e-098
1.53446e+008,3.21561e+040,-2.53017e-098
1.53533e+008,3.21581e+040,-2.53017e-098
1.53619e+008,3.21601e+040,-2.53017e-098
1.53706e+008,3.21621e+040,-2.53017e-098
1.53792e+008,3.21641e+040,-2.53017e-098
1.53878e+008,3.21661e+040,-2.53017e-098
1.53965e+008,3.21681e+040,-2.53017e-098
1.54051e+008,3.21701e+040,-2.53017e-098
1.54138e+008,3.21721e+040,-2.53017e-098
1.54224e+008,3.21741e+040,-2.53017e-098
1.5431e+008,3.21761e+040,-2.53017e-098
1.54397e+008,3.21781e+040,-2.53017e-098
1.54483e+008,3.21801e+040,-2.53017e-098
1.5457e+008,3.2182e+040,-2.53017e-098
1.54656e+008,3.2184e+040,-2.53017e-098
1.54742e+008,3.2186e+040,-2.53017e-098
1.54829e+008,3.2188e+040,-2.53017e-098
1.54915e+008,3.219e+040,-2.53017e-098
1.55002e+008,3.2192e+040,-2.53017e-098
1.55088e+008,3.21939e+040,-2.53017e-098
1.55174e+008,3.21959e+040,-2.53017e-098
1.55261e+008,3.21979e+040,-2.53017e-098
1.55347e+008,3.21998e+040,-2.53017e-098
1.55434e+008,3.22018e+040,-2.53017e-098
1.5552e+008,3.22038e+040,-2.53017e-098
1.55606e+008,3.22057e+040,-2.53017e-098
1.55693e+008,3.22077e+040,-2.53017e-098
1.55779e+008,3.22097e+040,-2.53017e-098
1.55866e+008,3.22116e+040,-2.53017e-098
1.55952e+008,3.22136e+040,-2.53017e-098
1.56038e+008,3.22155e+040,-2.53017e-098
1.56125e+008,3.22175e+040,-2.53017e-098
1.56211e+008,3.22195e+040,-2.53017e-098
1.56298e+008,3.22214e+040,-2.53017e-098
1.56384e+008,3.22234e+040,-2.53017e-098
1.5647e+008,3.22253e+040,-2.53017e-098
1.56557e+008,3.22272e+040,-2.53017e-098
1.56643e+008,3.22292e+040,-2.53017e-098
1.5673e+008,3.22311e+040,-2.53017e-098
1.56816e+008,3.22331e+040,-2.53017e-098
1.56902e+008,3.2235e+040,-2.53017e-098
1.56989e+008,3.2237e+040,-2.53017e-098
1.57075e+008,3.22389e+040,-2.53017e-098
1.57162e+008,3.22408e+040,-2.53017e-098
1.57248e+008,3.22428e+040,-2.53017e-098
1.57334e+008,3.22447e+040,-2.53017e-098
1.57421e+008,3.22466e+040,-2.53017e-098
1.57507e+008,3.22485e+040,-2.53017e-098
1.57594e+008,3.22505e+040,-2.53017e-098
1.5768e+008,3.22524e+040,-2.53017e-098
1.57766e+008,3.22543e+040,-2.53017e-098
