0,1.496e+011,0
86400,1.49593e+011,2.5737e+009
172800,1.49541e+011,5.14715e+009
259200,1.49445e+011,7.71959e+009
345600,1.49305e+011,1.02902e+010
432000,1.49121e+011,1.28584e+010
518400,1.48892e+011,1.54232e+010
604800,1.4862e+011,1.7984e+010
691200,1.48303e+011,2.05399e+010
777600,1.47943e+011,2.30903e+010
864000,1.47539e+011,2.56344e+010
950400,1.47091e+011,2.81714e+010
1.0368e+006,1.466e+011,3.07007e+010
1.1232e+006,1.46066e+011,3.32213e+010
1.2096e+006,1.45488e+011,3.57327e+010
1.296e+006,1.44867e+011,3.8234e+010
1.3824e+006,1.44204e+011,4.07245e+010
1.4688e+006,1.43498e+011,4.32035e+010
1.5552e+006,1.42749e+011,4.56703e+010
1.6416e+006,1.41958e+011,4.81241e+010
1.728e+006,1.41126e+011,5.05643e+010
1.8144e+006,1.40252e+011,5.299e+010
1.9008e+006,1.39336e+011,5.54007e+010
1.9872e+006,1.38379e+011,5.77955e+010
2.0736e+006,1.37381e+011,6.01738e+010
2.16e+006,1.36343e+011,6.25349e+010
2.2464e+006,1.35264e+011,6.4878e+010
2.3328e+006,1.34146e+011,6.72026e+010
2.4192e+006,1.32988e+011,6.9508e+010
2.5056e+006,1.31791e+011,7.17934e+010
2.592e+006,1.30554e+011,7.40581e+010
2.6784e+006,1.2928e+011,7.63017e+010
2.7648e+006,1.27967e+011,7.85233e+010
2.8512e+006,1.26616e+011,8.07223e+010
2.9376e+006,1.25229e+011,8.28981e+010
3.024e+006,1.23804e+011,8.50501e+010
3.1104e+006,1.22342e+011,8.71776e+010
3.1968e+006,1.20845e+011,8.92801e+010
3.2832e+006,1.19312e+011,9.13569e+010
3.3696e+006,1.17744e+011,9.34074e+010
3.456e+006,1.16141e+011,9.5431e+010
3.5424e+006,1.14504e+011,9.74271e+010
3.6288e+006,1.12833e+011,9.93952e+010
3.7152e+006,1.1113e+011,1.01335e+011
3.8016e+006,1.09393e+011,1.03245e+011
3.888e+006,1.07624e+011,1.05126e+011
3.9744e+006,1.05823e+011,1.06976e+011
4.0608e+006,1.03992e+011,1.08796e+011
4.1472e+006,1.02129e+011,1.10584e+011
4.2336e+006,1.00237e+011,1.12341e+011
4.32e+006,9.83154e+010,1.14065e+011
4.4064e+006,9.63647e+010,1.15757e+011
4.4928e+006,9.43856e+010,1.17415e+011
4.5792e+006,9.23788e+010,1.19039e+011
4.6656e+006,9.03448e+010,1.2063e+011
4.752e+006,8.82843e+010,1.22186e+011
4.8384e+006,8.61978e+010,1.23706e+011
4.9248e+006,8.4086e+010,1.25191e+011
5.0112e+006,8.19495e+010,1.26641e+011
5.0976e+006,7.97889e+010,1.28054e+011
5.184e+006,7.76049e+010,1.2943e+011
5.2704e+006,7.5398e+010,1.30769e+011
5.3568e+006,7.3169e+010,1.32071e+011
5.4432e+006,7.09185e+010,1.33335e+011
5.5296e+006,6.86471e+010,1.34561e+011
5.616e+006,6.63556e+010,1.35748e+011
5.7024e+006,6.40445e+010,1.36897e+011
5.7888e+006,6.17146e+010,1.38006e+011
5.8752e+006,5.93666e+010,1.39076e+011
5.9616e+006,5.70011e+010,1.40107e+011
6.048e+006,5.46188e+010,1.41097e+011
6.1344e+006,5.22204e+010,1.42047e+011
6.2208e+006,4.98066e+010,1.42957e+011
6.3072e+006,4.73781e+010,1.43826e+011
6.3936e+006,4.49356e+010,1.44654e+011
6.48e+006,4.24799e+010,1.45442e+011
6.5664e+006,4.00115e+010,1.46187e+011
6.6528e+006,3.75313e+010,1.46892e+011
6.7392e+006,3.504e+010,1.47554e+011
6.8256e+006,3.25382e+010,1.48175e+011
6.912e+006,3.00267e+010,1.48754e+011
6.9984e+006,2.75062e+010,1.49291e+011
7.0848e+006,2.49774e+010,1.49785e+011
7.1712e+006,2.24411e+010,1.50237e+011
7.2576e+006,1.9898e+010,1.50647e+011
7.344e+006,1.73487e+010,1.51015e+011
7.4304e+006,1.47941e+010,1.51339e+011
7.5168e+006,1.22348e+010,1.51621e+011
7.6032e+006,9.67164e+009,1.51861e+011
7.6896e+006,7.10523e+009,1.52058e+011
7.776e+006,4.53634e+009,1.52212e+011
7.8624e+006,1.9657e+009,1.52323e+011
7.9488e+006,-6.05977e+008,1.52392e+011
8.0352e+006,-3.17796e+009,1.52418e+011
8.1216e+006,-5.74954e+009,1.52401e+011
8.208e+006,-8.31998e+009,1.52341e+011
8.2944e+006,-1.08886e+010,1.5224e+011
8.3808e+006,-1.34546e+010,1.52095e+011
8.4672e+006,-1.60174e+010,1.51908e+011
8.5536e+006,-1.85762e+010,1.51679e+011
8.64e+006,-2.11303e+010,1.51408e+011
8.7264e+006,-2.3679e+010,1.51095e+011
8.8128e+006,-2.62216e+010,1.50739e+011
8.8992e+006,-2.87574e+010,1.50342e+011
8.9856e+006,-3.12858e+010,1.49903e+011
9.072e+006,-3.38059e+010,1.49423e+011
9.1584e+006,-3.63172e+010,1.48901e+011
9.2448e+006,-3.8819e+010,1.48339e+011
9.3312e+006,-4.13105e+010,1.47735e+011
9.4176e+006,-4.37912e+010,1.47091e+011
9.504e+006,-4.62603e+010,1.46406e+011
9.5904e+006,-4.87171e+010,1.45681e+011
9.6768e+006,-5.11611e+010,1.44916e+011
9.7632e+006,-5.35915e+010,1.44111e+011
9.8496e+006,-5.60078e+010,1.43267e+011
9.936e+006,-5.84092e+010,1.42384e+011
1.00224e+007,-6.07952e+010,1.41461e+011
1.01088e+007,-6.3165e+010,1.405e+011
1.01952e+007,-6.55182e+010,1.39501e+011
1.02816e+007,-6.78541e+010,1.38464e+011
1.0368e+007,-7.0172e+010,1.37389e+011
1.04544e+007,-7.24713e+010,1.36277e+011
1.05408e+007,-7.47516e+010,1.35128e+011
1.06272e+007,-7.70121e+010,1.33942e+011
1.07136e+007,-7.92523e+010,1.3272e+011
1.08e+007,-8.14716e+010,1.31462e+011
1.08864e+007,-8.36694e+010,1.30169e+011
1.09728e+007,-8.58453e+010,1.2884e+011
1.10592e+007,-8.79986e+010,1.27477e+011
1.11456e+007,-9.01288e+010,1.2608e+011
1.1232e+007,-9.22353e+010,1.24648e+011
1.13184e+007,-9.43177e+010,1.23184e+011
1.14048e+007,-9.63754e+010,1.21686e+011
1.14912e+007,-9.84079e+010,1.20156e+011
1.15776e+007,-1.00415e+011,1.18594e+011
1.1664e+007,-1.02395e+011,1.17e+011
1.17504e+007,-1.04349e+011,1.15375e+011
1.18368e+007,-1.06276e+011,1.13719e+011
1.19232e+007,-1.08175e+011,1.12033e+011
1.20096e+007,-1.10046e+011,1.10318e+011
1.2096e+007,-1.11889e+011,1.08573e+011
1.21824e+007,-1.13702e+011,1.06799e+011
1.22688e+007,-1.15487e+011,1.04997e+011
1.23552e+007,-1.17241e+011,1.03168e+011
1.24416e+007,-1.18965e+011,1.01311e+011
1.2528e+007,-1.20658e+011,9.94277e+010
1.26144e+007,-1.22321e+011,9.75182e+010
1.27008e+007,-1.23952e+011,9.55831e+010
1.27872e+007,-1.25551e+011,9.36229e+010
1.28736e+007,-1.27118e+011,9.16382e+010
1.296e+007,-1.28653e+011,8.96295e+010
1.30464e+007,-1.30155e+011,8.75974e+010
1.31328e+007,-1.31623e+011,8.55425e+010
1.32192e+007,-1.33058e+011,8.34652e+010
1.33056e+007,-1.3446e+011,8.13663e+010
1.3392e+007,-1.35827e+011,7.92462e+010
1.34784e+007,-1.37159e+011,7.71055e+010
1.35648e+007,-1.38457e+011,7.49448e+010
1.36512e+007,-1.3972e+011,7.27647e+010
1.37376e+007,-1.40948e+011,7.05657e+010
1.3824e+007,-1.4214e+011,6.83485e+010
1.39104e+007,-1.43297e+011,6.61137e+010
1.39968e+007,-1.44417e+011,6.38618e+010
1.40832e+007,-1.45502e+011,6.15934e+010
1.41696e+007,-1.4655e+011,5.93091e+010
1.4256e+007,-1.47561e+011,5.70096e+010
1.43424e+007,-1.48535e+011,5.46954e+010
1.44288e+007,-1.49473e+011,5.23671e+010
1.45152e+007,-1.50373e+011,5.00253e+010
1.46016e+007,-1.51236e+011,4.76707e+010
1.4688e+007,-1.52062e+011,4.53039e+010
1.47744e+007,-1.5285e+011,4.29254e+010
1.48608e+007,-1.536e+011,4.05358e+010
1.49472e+007,-1.54312e+011,3.81359e+010
1.50336e+007,-1.54986e+011,3.57261e+010
1.512e+007,-1.55622e+011,3.33071e+010
1.52064e+007,-1.5622e+011,3.08795e+010
1.52928e+007,-1.5678e+011,2.8444e+010
1.53792e+007,-1.57301e+011,2.6001e+010
1.54656e+007,-1.57784e+011,2.35513e+010
1.5552e+007,-1.58228e+011,2.10955e+010
1.56384e+007,-1.58634e+011,1.86341e+010
1.57248e+007,-1.59001e+011,1.61677e+010
1.58112e+007,-1.5933e+011,1.3697e+010
1.58976e+007,-1.5962e+011,1.12227e+010
1.5984e+007,-1.59871e+011,8.74514e+009
1.60704e+007,-1.60084e+011,6.26512e+009
1.61568e+007,-1.60258e+011,3.78318e+009
1.62432e+007,-1.60394e+011,1.29994e+009
1.63296e+007,-1.60491e+011,-1.18402e+009
1.6416e+007,-1.6055e+011,-3.66809e+009
1.65024e+007,-1.6057e+011,-6.15167e+009
1.65888e+007,-1.60552e+011,-8.63419e+009
1.66752e+007,-1.60495e+011,-1.1115e+010
1.67616e+007,-1.60401e+011,-1.35936e+010
1.6848e+007,-1.60268e+011,-1.60694e+010
1.69344e+007,-1.60097e+011,-1.85417e+010
1.70208e+007,-1.59888e+011,-2.101e+010
1.71072e+007,-1.59641e+011,-2.34738e+010
1.71936e+007,-1.59356e+011,-2.59324e+010
1.728e+007,-1.59034e+011,-2.83852e+010
1.73664e+007,-1.58674e+011,-3.08318e+010
1.74528e+007,-1.58277e+011,-3.32715e+010
1.75392e+007,-1.57843e+011,-3.57038e+010
1.76256e+007,-1.57372e+011,-3.81281e+010
1.7712e+007,-1.56864e+011,-4.05439e+010
1.77984e+007,-1.56319e+011,-4.29506e+010
1.78848e+007,-1.55738e+011,-4.53476e+010
1.79712e+007,-1.55121e+011,-4.77345e+010
1.80576e+007,-1.54467e+011,-5.01107e+010
1.8144e+007,-1.53778e+011,-5.24757e+010
1.82304e+007,-1.53052e+011,-5.48288e+010
1.83168e+007,-1.52292e+011,-5.71697e+010
1.84032e+007,-1.51496e+011,-5.94978e+010
1.84896e+007,-1.50665e+011,-6.18125e+010
1.8576e+007,-1.498e+011,-6.41134e+010
1.86624e+007,-1.489e+011,-6.63999e+010
1.87488e+007,-1.47965e+011,-6.86716e+010
1.88352e+007,-1.46997e+011,-7.09279e+010
1.89216e+007,-1.45995e+011,-7.31684e+010
1.9008e+007,-1.4496e+011,-7.53926e+010
1.90944e+007,-1.43892e+011,-7.75999e+010
1.91808e+007,-1.4279e+011,-7.979e+010
1.92672e+007,-1.41657e+011,-8.19623e+010
1.93536e+007,-1.40491e+011,-8.41164e+010
1.944e+007,-1.39293e+011,-8.62518e+010
1.95264e+007,-1.38063e+011,-8.83681e+010
1.96128e+007,-1.36802e+011,-9.04648e+010
1.96992e+007,-1.35511e+011,-9.25415e+010
1.97856e+007,-1.34188e+011,-9.45977e+010
1.9872e+007,-1.32836e+011,-9.6633e+010
1.99584e+007,-1.31453e+011,-9.86469e+010
2.00448e+007,-1.30041e+011,-1.00639e+011
2.01312e+007,-1.28599e+011,-1.02609e+011
2.02176e+007,-1.27129e+011,-1.04557e+011
2.0304e+007,-1.2563e+011,-1.06481e+011
2.03904e+007,-1.24103e+011,-1.08382e+011
2.04768e+007,-1.22549e+011,-1.1026e+011
2.05632e+007,-1.20967e+011,-1.12113e+011
2.06496e+007,-1.19358e+011,-1.13942e+011
2.0736e+007,-1.17722e+011,-1.15746e+011
2.08224e+007,-1.16061e+011,-1.17525e+011
2.09088e+007,-1.14373e+011,-1.19278e+011
2.09952e+007,-1.1266e+011,-1.21005e+011
2.10816e+007,-1.10922e+011,-1.22705e+011
2.1168e+007,-1.0916e+011,-1.24379e+011
2.12544e+007,-1.07373e+011,-1.26027e+011
2.13408e+007,-1.05563e+011,-1.27646e+011
2.14272e+007,-1.03729e+011,-1.29239e+011
2.15136e+007,-1.01873e+011,-1.30803e+011
2.16e+007,-9.99937e+010,-1.32339e+011
2.16864e+007,-9.80927e+010,-1.33846e+011
2.17728e+007,-9.61702e+010,-1.35325e+011
2.18592e+007,-9.42265e+010,-1.36775e+011
2.19456e+007,-9.22622e+010,-1.38195e+011
2.2032e+007,-9.02776e+010,-1.39585e+011
2.21184e+007,-8.82733e+010,-1.40946e+011
2.22048e+007,-8.62496e+010,-1.42276e+011
2.22912e+007,-8.42071e+010,-1.43576e+011
2.23776e+007,-8.21462e+010,-1.44845e+011
2.2464e+007,-8.00673e+010,-1.46084e+011
2.25504e+007,-7.79709e+010,-1.47291e+011
2.26368e+007,-7.58576e+010,-1.48466e+011
2.27232e+007,-7.37277e+010,-1.4961e+011
2.28096e+007,-7.15817e+010,-1.50723e+011
2.2896e+007,-6.94202e+010,-1.51803e+011
2.29824e+007,-6.72435e+010,-1.52851e+011
2.30688e+007,-6.50523e+010,-1.53867e+011
2.31552e+007,-6.28468e+010,-1.5485e+011
2.32416e+007,-6.06277e+010,-1.558e+011
2.3328e+007,-5.83954e+010,-1.56717e+011
2.34144e+007,-5.61505e+010,-1.57602e+011
2.35008e+007,-5.38933e+010,-1.58453e+011
2.35872e+007,-5.16244e+010,-1.5927e+011
2.36736e+007,-4.93443e+010,-1.60054e+011
2.376e+007,-4.70534e+010,-1.60805e+011
2.38464e+007,-4.47523e+010,-1.61521e+011
2.39328e+007,-4.24414e+010,-1.62204e+011
2.40192e+007,-4.01213e+010,-1.62853e+011
2.41056e+007,-3.77924e+010,-1.63467e+011
2.4192e+007,-3.54553e+010,-1.64048e+011
2.42784e+007,-3.31104e+010,-1.64594e+011
2.43648e+007,-3.07583e+010,-1.65105e+011
2.44512e+007,-2.83993e+010,-1.65582e+011
2.45376e+007,-2.60341e+010,-1.66025e+011
2.4624e+007,-2.36632e+010,-1.66433e+011
2.47104e+007,-2.1287e+010,-1.66806e+011
2.47968e+007,-1.89059e+010,-1.67144e+011
2.48832e+007,-1.65207e+010,-1.67448e+011
2.49696e+007,-1.41316e+010,-1.67717e+011
2.5056e+007,-1.17393e+010,-1.67951e+011
2.51424e+007,-9.34425e+009,-1.6815e+011
2.52288e+007,-6.9469e+009,-1.68314e+011
2.53152e+007,-4.54777e+009,-1.68444e+011
2.54016e+007,-2.14737e+009,-1.68538e+011
2.5488e+007,2.53801e+008,-1.68598e+011
2.55744e+007,2.65525e+009,-1.68623e+011
2.56608e+007,5.05649e+009,-1.68612e+011
2.57472e+007,7.45701e+009,-1.68568e+011
2.58336e+007,9.85632e+009,-1.68488e+011
2.592e+007,1.22539e+010,-1.68373e+011
2.60064e+007,1.46493e+010,-1.68224e+011
2.60928e+007,1.70421e+010,-1.6804e+011
2.61792e+007,1.94316e+010,-1.67822e+011
2.62656e+007,2.18175e+010,-1.67569e+011
2.6352e+007,2.41992e+010,-1.67281e+011
2.64384e+007,2.65763e+010,-1.66959e+011
2.65248e+007,2.89483e+010,-1.66603e+011
2.66112e+007,3.13146e+010,-1.66213e+011
2.66976e+007,3.36749e+010,-1.65789e+011
2.6784e+007,3.60285e+010,-1.6533e+011
2.68704e+007,3.83752e+010,-1.64838e+011
2.69568e+007,4.07143e+010,-1.64312e+011
2.70432e+007,4.30454e+010,-1.63752e+011
2.71296e+007,4.5368e+010,-1.63158e+011
2.7216e+007,4.76817e+010,-1.62532e+011
2.73024e+007,4.99859e+010,-1.61872e+011
2.73888e+007,5.22803e+010,-1.61179e+011
2.74752e+007,5.45644e+010,-1.60453e+011
2.75616e+007,5.68376e+010,-1.59694e+011
2.7648e+007,5.90996e+010,-1.58903e+011
2.77344e+007,6.13498e+010,-1.58079e+011
2.78208e+007,6.35879e+010,-1.57223e+011
2.79072e+007,6.58134e+010,-1.56335e+011
2.79936e+007,6.80258e+010,-1.55415e+011
2.808e+007,7.02247e+010,-1.54463e+011
2.81664e+007,7.24097e+010,-1.5348e+011
2.82528e+007,7.45802e+010,-1.52466e+011
2.83392e+007,7.6736e+010,-1.5142e+011
2.84256e+007,7.88765e+010,-1.50344e+011
2.8512e+007,8.10012e+010,-1.49237e+011
2.85984e+007,8.31099e+010,-1.481e+011
2.86848e+007,8.5202e+010,-1.46932e+011
2.87712e+007,8.72772e+010,-1.45735e+011
2.88576e+007,8.9335e+010,-1.44508e+011
2.8944e+007,9.13751e+010,-1.43252e+011
2.90304e+007,9.33969e+010,-1.41967e+011
2.91168e+007,9.54002e+010,-1.40653e+011
2.92032e+007,9.73844e+010,-1.3931e+011
2.92896e+007,9.93493e+010,-1.37939e+011
2.9376e+007,1.01294e+011,-1.3654e+011
2.94624e+007,1.03219e+011,-1.35113e+011
2.95488e+007,1.05124e+011,-1.33659e+011
2.96352e+007,1.07007e+011,-1.32177e+011
2.97216e+007,1.08869e+011,-1.30669e+011
2.9808e+007,1.1071e+011,-1.29134e+011
2.98944e+007,1.12528e+011,-1.27573e+011
2.99808e+007,1.14324e+011,-1.25986e+011
3.00672e+007,1.16097e+011,-1.24374e+011
3.01536e+007,1.17847e+011,-1.22736e+011
3.024e+007,1.19574e+011,-1.21074e+011
3.03264e+007,1.21277e+011,-1.19386e+011
3.04128e+007,1.22955e+011,-1.17675e+011
3.04992e+007,1.24609e+011,-1.1594e+011
3.05856e+007,1.26239e+011,-1.14181e+011
3.0672e+007,1.27843e+011,-1.12399e+011
3.07584e+007,1.29422e+011,-1.10594e+011
3.08448e+007,1.30974e+011,-1.08767e+011
3.09312e+007,1.32501e+011,-1.06917e+011
3.10176e+007,1.34002e+011,-1.05046e+011
3.1104e+007,1.35475e+011,-1.03154e+011
3.11904e+007,1.36922e+011,-1.0124e+011
3.12768e+007,1.38341e+011,-9.93062e+010
3.13632e+007,1.39733e+011,-9.73521e+010
3.14496e+007,1.41097e+011,-9.53781e+010
3.1536e+007,1.42433e+011,-9.33847e+010
3.16224e+007,1.4374e+011,-9.13723e+010
3.17088e+007,1.45019e+011,-8.93414e+010
3.17952e+007,1.46269e+011,-8.72922e+010
3.18816e+007,1.4749e+011,-8.52253e+010
3.1968e+007,1.48681e+011,-8.3141e+010
3.20544e+007,1.49843e+011,-8.10397e+010
3.21408e+007,1.50975e+011,-7.8922e+010
3.22272e+007,1.52076e+011,-7.67881e+010
3.23136e+007,1.53148e+011,-7.46386e+010
3.24e+007,1.54188e+011,-7.24738e+010
3.24864e+007,1.55198e+011,-7.02942e+010
3.25728e+007,1.56178e+011,-6.81002e+010
3.26592e+007,1.57125e+011,-6.58922e+010
3.27456e+007,1.58042e+011,-6.36708e+010
3.2832e+007,1.58927e+011,-6.14364e+010
3.29184e+007,1.5978e+011,-5.91893e+010
3.30048e+007,1.60602e+011,-5.693e+010
3.30912e+007,1.61391e+011,-5.46591e+010
3.31776e+007,1.62148e+011,-5.23769e+010
3.3264e+007,1.62873e+011,-5.00839e+010
3.33504e+007,1.63565e+011,-4.77806e+010
3.34368e+007,1.64225e+011,-4.54674e+010
3.35232e+007,1.64851e+011,-4.31448e+010
3.36096e+007,1.65445e+011,-4.08132e+010
3.3696e+007,1.66006e+011,-3.84731e+010
3.37824e+007,1.66533e+011,-3.61251e+010
3.38688e+007,1.67028e+011,-3.37694e+010
3.39552e+007,1.67489e+011,-3.14068e+010
3.40416e+007,1.67916e+011,-2.90374e+010
3.4128e+007,1.6831e+011,-2.6662e+010
3.42144e+007,1.6867e+011,-2.42809e+010
3.43008e+007,1.68997e+011,-2.18947e+010
3.43872e+007,1.69289e+011,-1.95037e+010
3.44736e+007,1.69548e+011,-1.71085e+010
3.456e+007,1.69773e+011,-1.47095e+010
3.46464e+007,1.69964e+011,-1.23073e+010
3.47328e+007,1.70121e+011,-9.90233e+009
3.48192e+007,1.70244e+011,-7.49503e+009
3.49056e+007,1.70333e+011,-5.08591e+009
3.4992e+007,1.70387e+011,-2.67545e+009
3.50784e+007,1.70408e+011,-2.64129e+008
3.51648e+007,1.70394e+011,2.14757e+009
3.52512e+007,1.70347e+011,4.55915e+009
3.53376e+007,1.70265e+011,6.97015e+009
3.5424e+007,1.70149e+011,9.38007e+009
3.55104e+007,1.69999e+011,1.17884e+010
3.55968e+007,1.69815e+011,1.41948e+010
3.56832e+007,1.69597e+011,1.65986e+010
3.57696e+007,1.69345e+011,1.89994e+010
3.5856e+007,1.69059e+011,2.13967e+010
3.59424e+007,1.68739e+011,2.379e+010
3.60288e+007,1.68385e+011,2.61789e+010
3.61152e+007,1.67998e+011,2.85629e+010
3.62016e+007,1.67577e+011,3.09415e+010
3.6288e+007,1.67122e+011,3.33142e+010
3.63744e+007,1.66634e+011,3.56806e+010
3.64608e+007,1.66112e+011,3.80401e+010
3.65472e+007,1.65557e+011,4.03923e+010
3.66336e+007,1.64968e+011,4.27367e+010
3.672e+007,1.64347e+011,4.50729e+010
3.68064e+007,1.63692e+011,4.74004e+010
3.68928e+007,1.63005e+011,4.97187e+010
3.69792e+007,1.62285e+011,5.20274e+010
3.70656e+007,1.61533e+011,5.43259e+010
3.7152e+007,1.60747e+011,5.66139e+010
3.72384e+007,1.5993e+011,5.88909e+010
3.73248e+007,1.59081e+011,6.11563e+010
3.74112e+007,1.58199e+011,6.34099e+010
3.74976e+007,1.57286e+011,6.5651e+010
3.7584e+007,1.56341e+011,6.78793e+010
3.76704e+007,1.55365e+011,7.00943e+010
3.77568e+007,1.54358e+011,7.22956e+010
3.78432e+007,1.53319e+011,7.44827e+010
3.79296e+007,1.5225e+011,7.66551e+010
3.8016e+007,1.5115e+011,7.88126e+010
3.81024e+007,1.5002e+011,8.09545e+010
3.81888e+007,1.48859e+011,8.30806e+010
3.82752e+007,1.47669e+011,8.51903e+010
3.83616e+007,1.46449e+011,8.72832e+010
3.8448e+007,1.45199e+011,8.9359e+010
3.85344e+007,1.4392e+011,9.14172e+010
3.86208e+007,1.42613e+011,9.34574e+010
3.87072e+007,1.41276e+011,9.54791e+010
3.87936e+007,1.39911e+011,9.74821e+010
3.888e+007,1.38519e+011,9.94658e+010
3.89664e+007,1.37098e+011,1.0143e+011
3.90528e+007,1.35649e+011,1.03374e+011
3.91392e+007,1.34174e+011,1.05298e+011
3.92256e+007,1.32671e+011,1.07201e+011
3.9312e+007,1.31142e+011,1.09082e+011
3.93984e+007,1.29586e+011,1.10943e+011
3.94848e+007,1.28004e+011,1.12781e+011
3.95712e+007,1.26396e+011,1.14597e+011
3.96576e+007,1.24763e+011,1.16391e+011
3.9744e+007,1.23105e+011,1.18161e+011
3.98304e+007,1.21422e+011,1.19908e+011
3.99168e+007,1.19715e+011,1.21632e+011
4.00032e+007,1.17983e+011,1.23331e+011
4.00896e+007,1.16228e+011,1.25006e+011
4.0176e+007,1.1445e+011,1.26657e+011
4.02624e+007,1.12648e+011,1.28282e+011
4.03488e+007,1.10824e+011,1.29882e+011
4.04352e+007,1.08977e+011,1.31456e+011
4.05216e+007,1.07108e+011,1.33005e+011
4.0608e+007,1.05218e+011,1.34527e+011
4.06944e+007,1.03307e+011,1.36022e+011
4.07808e+007,1.01375e+011,1.37491e+011
4.08672e+007,9.94221e+010,1.38933e+011
4.09536e+007,9.74496e+010,1.40347e+011
4.104e+007,9.54574e+010,1.41733e+011
4.11264e+007,9.34459e+010,1.43092e+011
4.12128e+007,9.14157e+010,1.44422e+011
4.12992e+007,8.9367e+010,1.45724e+011
4.13856e+007,8.73003e+010,1.46997e+011
4.1472e+007,8.52161e+010,1.48241e+011
4.15584e+007,8.31146e+010,1.49456e+011
4.16448e+007,8.09965e+010,1.50641e+011
4.17312e+007,7.8862e+010,1.51797e+011
4.18176e+007,7.67115e+010,1.52922e+011
4.1904e+007,7.45457e+010,1.54018e+011
4.19904e+007,7.23648e+010,1.55083e+011
4.20768e+007,7.01692e+010,1.56118e+011
4.21632e+007,6.79596e+010,1.57122e+011
4.22496e+007,6.57362e+010,1.58095e+011
4.2336e+007,6.34995e+010,1.59037e+011
4.24224e+007,6.125e+010,1.59948e+011
4.25088e+007,5.89881e+010,1.60827e+011
4.25952e+007,5.67143e+010,1.61675e+011
4.26816e+007,5.4429e+010,1.62491e+011
4.2768e+007,5.21327e+010,1.63275e+011
4.28544e+007,4.98259e+010,1.64027e+011
4.29408e+007,4.75089e+010,1.64747e+011
4.30272e+007,4.51823e+010,1.65434e+011
4.31136e+007,4.28464e+010,1.66089e+011
4.32e+007,4.05019e+010,1.66712e+011
4.32864e+007,3.81491e+010,1.67302e+011
4.33728e+007,3.57885e+010,1.67859e+011
4.34592e+007,3.34206e+010,1.68383e+011
4.35456e+007,3.10458e+010,1.68875e+011
4.3632e+007,2.86647e+010,1.69333e+011
4.37184e+007,2.62776e+010,1.69758e+011
4.38048e+007,2.38851e+010,1.70151e+011
4.38912e+007,2.14876e+010,1.7051e+011
4.39776e+007,1.90855e+010,1.70835e+011
4.4064e+007,1.66795e+010,1.71128e+011
4.41504e+007,1.42698e+010,1.71387e+011
4.42368e+007,1.18571e+010,1.71612e+011
4.43232e+007,9.44179e+009,1.71805e+011
4.44096e+007,7.02429e+009,1.71964e+011
4.4496e+007,4.60512e+009,1.72089e+011
4.45824e+007,2.18473e+009,1.72181e+011
4.46688e+007,-2.36386e+008,1.7224e+011
4.47552e+007,-2.65777e+009,1.72265e+011
4.48416e+007,-5.07896e+009,1.72257e+011
4.4928e+007,-7.49947e+009,1.72215e+011
4.50144e+007,-9.91885e+009,1.7214e+011
4.51008e+007,-1.23366e+010,1.72032e+011
4.51872e+007,-1.47523e+010,1.7189e+011
4.52736e+007,-1.71655e+010,1.71716e+011
4.536e+007,-1.95756e+010,1.71508e+011
4.54464e+007,-2.19823e+010,1.71267e+011
4.55328e+007,-2.43851e+010,1.70993e+011
4.56192e+007,-2.67835e+010,1.70686e+011
4.57056e+007,-2.9177e+010,1.70346e+011
4.5792e+007,-3.15653e+010,1.69974e+011
4.58784e+007,-3.39478e+010,1.69569e+011
4.59648e+007,-3.6324e+010,1.69131e+011
4.60512e+007,-3.86937e+010,1.68661e+011
4.61376e+007,-4.10562e+010,1.68158e+011
4.6224e+007,-4.34112e+010,1.67623e+011
4.63104e+007,-4.57582e+010,1.67057e+011
4.63968e+007,-4.80967e+010,1.66458e+011
4.64832e+007,-5.04264e+010,1.65827e+011
4.65696e+007,-5.27468e+010,1.65165e+011
4.6656e+007,-5.50574e+010,1.64471e+011
4.67424e+007,-5.73579e+010,1.63746e+011
4.68288e+007,-5.96478e+010,1.6299e+011
4.69152e+007,-6.19266e+010,1.62202e+011
4.70016e+007,-6.4194e+010,1.61384e+011
4.7088e+007,-6.64496e+010,1.60535e+011
4.71744e+007,-6.86928e+010,1.59656e+011
4.72608e+007,-7.09234e+010,1.58747e+011
4.73472e+007,-7.31408e+010,1.57807e+011
4.74336e+007,-7.53448e+010,1.56838e+011
4.752e+007,-7.75348e+010,1.55839e+011
4.76064e+007,-7.97106e+010,1.5481e+011
4.76928e+007,-8.18716e+010,1.53752e+011
4.77792e+007,-8.40176e+010,1.52666e+011
4.78656e+007,-8.6148e+010,1.5155e+011
4.7952e+007,-8.82627e+010,1.50406e+011
4.80384e+007,-9.0361e+010,1.49234e+011
4.81248e+007,-9.24428e+010,1.48034e+011
4.82112e+007,-9.45076e+010,1.46806e+011
4.82976e+007,-9.6555e+010,1.4555e+011
4.8384e+007,-9.85847e+010,1.44268e+011
4.84704e+007,-1.00596e+011,1.42958e+011
4.85568e+007,-1.02589e+011,1.41621e+011
4.86432e+007,-1.04564e+011,1.40259e+011
4.87296e+007,-1.06519e+011,1.38869e+011
4.8816e+007,-1.08455e+011,1.37455e+011
4.89024e+007,-1.10371e+011,1.36014e+011
4.89888e+007,-1.12267e+011,1.34548e+011
4.90752e+007,-1.14142e+011,1.33058e+011
4.91616e+007,-1.15997e+011,1.31542e+011
4.9248e+007,-1.17831e+011,1.30003e+011
4.93344e+007,-1.19643e+011,1.28439e+011
4.94208e+007,-1.21433e+011,1.26851e+011
4.95072e+007,-1.23202e+011,1.2524e+011
4.95936e+007,-1.24948e+011,1.23606e+011
4.968e+007,-1.26671e+011,1.21949e+011
4.97664e+007,-1.28372e+011,1.2027e+011
4.98528e+007,-1.30049e+011,1.18568e+011
4.99392e+007,-1.31703e+011,1.16845e+011
5.00256e+007,-1.33333e+011,1.151e+011
5.0112e+007,-1.34939e+011,1.13335e+011
5.01984e+007,-1.36521e+011,1.11548e+011
5.02848e+007,-1.38079e+011,1.09741e+011
5.03712e+007,-1.39611e+011,1.07914e+011
5.04576e+007,-1.41119e+011,1.06068e+011
5.0544e+007,-1.42601e+011,1.04202e+011
5.06304e+007,-1.44058e+011,1.02316e+011
5.07168e+007,-1.45489e+011,1.00413e+011
5.08032e+007,-1.46894e+011,9.84909e+010
5.08896e+007,-1.48273e+011,9.65511e+010
5.0976e+007,-1.49626e+011,9.45938e+010
5.10624e+007,-1.50952e+011,9.26194e+010
5.11488e+007,-1.52251e+011,9.06281e+010
5.12352e+007,-1.53523e+011,8.86205e+010
5.13216e+007,-1.54769e+011,8.65969e+010
5.1408e+007,-1.55986e+011,8.45576e+010
5.14944e+007,-1.57176e+011,8.2503e+010
5.15808e+007,-1.58339e+011,8.04336e+010
5.16672e+007,-1.59473e+011,7.83497e+010
5.17536e+007,-1.6058e+011,7.62517e+010
5.184e+007,-1.61658e+011,7.414e+010
5.19264e+007,-1.62708e+011,7.20149e+010
5.20128e+007,-1.63729e+011,6.9877e+010
5.20992e+007,-1.64722e+011,6.77265e+010
5.21856e+007,-1.65685e+011,6.55638e+010
5.2272e+007,-1.6662e+011,6.33894e+010
5.23584e+007,-1.67526e+011,6.12037e+010
5.24448e+007,-1.68403e+011,5.9007e+010
5.25312e+007,-1.6925e+011,5.67997e+010
5.26176e+007,-1.70068e+011,5.45823e+010
5.2704e+007,-1.70856e+011,5.23551e+010
5.27904e+007,-1.71615e+011,5.01186e+010
5.28768e+007,-1.72344e+011,4.78731e+010
5.29632e+007,-1.73044e+011,4.5619e+010
5.30496e+007,-1.73713e+011,4.33568e+010
5.3136e+007,-1.74353e+011,4.10869e+010
5.32224e+007,-1.74962e+011,3.88096e+010
5.33088e+007,-1.75542e+011,3.65253e+010
5.33952e+007,-1.76091e+011,3.42345e+010
5.34816e+007,-1.7661e+011,3.19375e+010
5.3568e+007,-1.77099e+011,2.96348e+010
5.36544e+007,-1.77557e+011,2.73268e+010
5.37408e+007,-1.77986e+011,2.50138e+010
5.38272e+007,-1.78383e+011,2.26963e+010
5.39136e+007,-1.78751e+011,2.03747e+010
5.4e+007,-1.79088e+011,1.80493e+010
5.40864e+007,-1.79395e+011,1.57206e+010
5.41728e+007,-1.79671e+011,1.33889e+010
5.42592e+007,-1.79917e+011,1.10547e+010
5.43456e+007,-1.80132e+011,8.71842e+009
5.4432e+007,-1.80317e+011,6.38036e+009
5.45184e+007,-1.80471e+011,4.04096e+009
5.46048e+007,-1.80595e+011,1.70062e+009
5.46912e+007,-1.80689e+011,-6.40277e+008
5.47776e+007,-1.80752e+011,-2.98132e+009
5.4864e+007,-1.80785e+011,-5.32213e+009
5.49504e+007,-1.80788e+011,-7.66231e+009
5.50368e+007,-1.8076e+011,-1.00015e+010
5.51232e+007,-1.80702e+011,-1.23392e+010
5.52096e+007,-1.80614e+011,-1.46752e+010
5.5296e+007,-1.80496e+011,-1.70089e+010
5.53824e+007,-1.80348e+011,-1.93401e+010
5.54688e+007,-1.8017e+011,-2.16683e+010
5.55552e+007,-1.79962e+011,-2.39932e+010
5.56416e+007,-1.79724e+011,-2.63144e+010
5.5728e+007,-1.79456e+011,-2.86315e+010
5.58144e+007,-1.79159e+011,-3.09441e+010
5.59008e+007,-1.78832e+011,-3.32518e+010
5.59872e+007,-1.78475e+011,-3.55543e+010
5.60736e+007,-1.78089e+011,-3.78512e+010
5.616e+007,-1.77674e+011,-4.01422e+010
5.62464e+007,-1.77229e+011,-4.24268e+010
5.63328e+007,-1.76756e+011,-4.47047e+010
5.64192e+007,-1.76253e+011,-4.69756e+010
5.65056e+007,-1.75722e+011,-4.9239e+010
5.6592e+007,-1.75162e+011,-5.14946e+010
5.66784e+007,-1.74573e+011,-5.37421e+010
5.67648e+007,-1.73956e+011,-5.5981e+010
5.68512e+007,-1.7331e+011,-5.82111e+010
5.69376e+007,-1.72636e+011,-6.0432e+010
5.7024e+007,-1.71934e+011,-6.26434e+010
5.71104e+007,-1.71205e+011,-6.48448e+010
5.71968e+007,-1.70447e+011,-6.7036e+010
5.72832e+007,-1.69662e+011,-6.92167e+010
5.73696e+007,-1.6885e+011,-7.13864e+010
5.7456e+007,-1.6801e+011,-7.35448e+010
5.75424e+007,-1.67143e+011,-7.56916e+010
5.76288e+007,-1.66249e+011,-7.78265e+010
5.77152e+007,-1.65329e+011,-7.99492e+010
5.78016e+007,-1.64381e+011,-8.20593e+010
5.7888e+007,-1.63408e+011,-8.41565e+010
5.79744e+007,-1.62408e+011,-8.62405e+010
5.80608e+007,-1.61382e+011,-8.83109e+010
5.81472e+007,-1.60331e+011,-9.03675e+010
5.82336e+007,-1.59254e+011,-9.24099e+010
5.832e+007,-1.58151e+011,-9.44379e+010
5.84064e+007,-1.57023e+011,-9.64511e+010
5.84928e+007,-1.5587e+011,-9.84492e+010
5.85792e+007,-1.54693e+011,-1.00432e+011
5.86656e+007,-1.5349e+011,-1.02399e+011
5.8752e+007,-1.52264e+011,-1.0435e+011
5.88384e+007,-1.51013e+011,-1.06285e+011
5.89248e+007,-1.49739e+011,-1.08203e+011
5.90112e+007,-1.4844e+011,-1.10105e+011
5.90976e+007,-1.47118e+011,-1.11989e+011
5.9184e+007,-1.45773e+011,-1.13856e+011
5.92704e+007,-1.44406e+011,-1.15706e+011
5.93568e+007,-1.43015e+011,-1.17537e+011
5.94432e+007,-1.41602e+011,-1.1935e+011
5.95296e+007,-1.40166e+011,-1.21145e+011
5.9616e+007,-1.38709e+011,-1.22921e+011
5.97024e+007,-1.37229e+011,-1.24679e+011
5.97888e+007,-1.35729e+011,-1.26417e+011
5.98752e+007,-1.34207e+011,-1.28135e+011
5.99616e+007,-1.32664e+011,-1.29834e+011
6.0048e+007,-1.311e+011,-1.31513e+011
6.01344e+007,-1.29516e+011,-1.33171e+011
6.02208e+007,-1.27911e+011,-1.34809e+011
6.03072e+007,-1.26287e+011,-1.36427e+011
6.03936e+007,-1.24643e+011,-1.38024e+011
6.048e+007,-1.2298e+011,-1.39599e+011
6.05664e+007,-1.21297e+011,-1.41153e+011
6.06528e+007,-1.19596e+011,-1.42686e+011
6.07392e+007,-1.17876e+011,-1.44197e+011
6.08256e+007,-1.16138e+011,-1.45686e+011
6.0912e+007,-1.14382e+011,-1.47152e+011
6.09984e+007,-1.12608e+011,-1.48597e+011
6.10848e+007,-1.10817e+011,-1.50018e+011
6.11712e+007,-1.09008e+011,-1.51417e+011
6.12576e+007,-1.07183e+011,-1.52793e+011
6.1344e+007,-1.05341e+011,-1.54146e+011
6.14304e+007,-1.03483e+011,-1.55475e+011
6.15168e+007,-1.0161e+011,-1.56781e+011
6.16032e+007,-9.972e+010,-1.58064e+011
6.16896e+007,-9.78151e+010,-1.59322e+011
6.1776e+007,-9.58952e+010,-1.60556e+011
6.18624e+007,-9.39605e+010,-1.61766e+011
6.19488e+007,-9.20115e+010,-1.62952e+011
6.20352e+007,-9.00483e+010,-1.64113e+011
6.21216e+007,-8.80713e+010,-1.65249e+011
6.2208e+007,-8.60808e+010,-1.66361e+011
6.22944e+007,-8.40771e+010,-1.67448e+011
6.23808e+007,-8.20605e+010,-1.68509e+011
6.24672e+007,-8.00314e+010,-1.69545e+011
6.25536e+007,-7.799e+010,-1.70556e+011
6.264e+007,-7.59368e+010,-1.71541e+011
6.27264e+007,-7.38718e+010,-1.72501e+011
6.28128e+007,-7.17956e+010,-1.73435e+011
6.28992e+007,-6.97085e+010,-1.74343e+011
6.29856e+007,-6.76107e+010,-1.75225e+011
6.3072e+007,-6.55025e+010,-1.7608e+011
6.31584e+007,-6.33844e+010,-1.7691e+011
6.32448e+007,-6.12565e+010,-1.77713e+011
6.33312e+007,-5.91193e+010,-1.7849e+011
6.34176e+007,-5.69731e+010,-1.7924e+011
6.3504e+007,-5.48182e+010,-1.79963e+011
6.35904e+007,-5.26549e+010,-1.8066e+011
6.36768e+007,-5.04835e+010,-1.8133e+011
6.37632e+007,-4.83045e+010,-1.81973e+011
6.38496e+007,-4.6118e+010,-1.82589e+011
6.3936e+007,-4.39245e+010,-1.83178e+011
6.40224e+007,-4.17242e+010,-1.8374e+011
6.41088e+007,-3.95176e+010,-1.84275e+011
6.41952e+007,-3.73048e+010,-1.84783e+011
6.42816e+007,-3.50864e+010,-1.85263e+011
6.4368e+007,-3.28625e+010,-1.85716e+011
6.44544e+007,-3.06335e+010,-1.86141e+011
6.45408e+007,-2.83998e+010,-1.86539e+011
6.46272e+007,-2.61617e+010,-1.8691e+011
6.47136e+007,-2.39195e+010,-1.87253e+011
6.48e+007,-2.16736e+010,-1.87568e+011
6.48864e+007,-1.94243e+010,-1.87856e+011
6.49728e+007,-1.71718e+010,-1.88117e+011
6.50592e+007,-1.49167e+010,-1.88349e+011
6.51456e+007,-1.26591e+010,-1.88554e+011
6.5232e+007,-1.03994e+010,-1.88731e+011
6.53184e+007,-8.138e+009,-1.88881e+011
6.54048e+007,-5.87517e+009,-1.89003e+011
6.54912e+007,-3.61126e+009,-1.89097e+011
6.55776e+007,-1.3466e+009,-1.89163e+011
6.5664e+007,9.18482e+008,-1.89202e+011
6.57504e+007,3.18365e+009,-1.89213e+011
6.58368e+007,5.44857e+009,-1.89197e+011
6.59232e+007,7.71291e+009,-1.89153e+011
6.60096e+007,9.97635e+009,-1.89081e+011
6.6096e+007,1.22386e+010,-1.88981e+011
6.61824e+007,1.44992e+010,-1.88854e+011
6.62688e+007,1.67579e+010,-1.88699e+011
6.63552e+007,1.90144e+010,-1.88517e+011
6.64416e+007,2.12684e+010,-1.88308e+011
6.6528e+007,2.35195e+010,-1.8807e+011
6.66144e+007,2.57674e+010,-1.87806e+011
6.67008e+007,2.80117e+010,-1.87514e+011
6.67872e+007,3.02522e+010,-1.87195e+011
6.68736e+007,3.24885e+010,-1.86848e+011
6.696e+007,3.47203e+010,-1.86475e+011
6.70464e+007,3.69473e+010,-1.86074e+011
6.71328e+007,3.91692e+010,-1.85646e+011
6.72192e+007,4.13855e+010,-1.85191e+011
6.73056e+007,4.35961e+010,-1.8471e+011
6.7392e+007,4.58006e+010,-1.84201e+011
6.74784e+007,4.79986e+010,-1.83666e+011
6.75648e+007,5.01899e+010,-1.83104e+011
6.76512e+007,5.23741e+010,-1.82516e+011
6.77376e+007,5.4551e+010,-1.81901e+011
6.7824e+007,5.67202e+010,-1.81259e+011
6.79104e+007,5.88814e+010,-1.80591e+011
6.79968e+007,6.10342e+010,-1.79898e+011
6.80832e+007,6.31785e+010,-1.79178e+011
6.81696e+007,6.53138e+010,-1.78432e+011
6.8256e+007,6.74399e+010,-1.7766e+011
6.83424e+007,6.95565e+010,-1.76863e+011
6.84288e+007,7.16632e+010,-1.7604e+011
6.85152e+007,7.37598e+010,-1.75191e+011
6.86016e+007,7.5846e+010,-1.74317e+011
6.8688e+007,7.79214e+010,-1.73418e+011
6.87744e+007,7.99857e+010,-1.72494e+011
6.88608e+007,8.20388e+010,-1.71544e+011
6.89472e+007,8.40802e+010,-1.7057e+011
6.90336e+007,8.61096e+010,-1.69572e+011
6.912e+007,8.81269e+010,-1.68548e+011
6.92064e+007,9.01317e+010,-1.67501e+011
6.92928e+007,9.21236e+010,-1.66429e+011
6.93792e+007,9.41026e+010,-1.65333e+011
6.94656e+007,9.60681e+010,-1.64213e+011
6.9552e+007,9.802e+010,-1.63069e+011
6.96384e+007,9.9958e+010,-1.61902e+011
6.97248e+007,1.01882e+011,-1.60712e+011
6.98112e+007,1.03791e+011,-1.59498e+011
6.98976e+007,1.05686e+011,-1.58261e+011
6.9984e+007,1.07565e+011,-1.57001e+011
7.00704e+007,1.0943e+011,-1.55719e+011
7.01568e+007,1.11278e+011,-1.54414e+011
7.02432e+007,1.13111e+011,-1.53087e+011
7.03296e+007,1.14928e+011,-1.51738e+011
7.0416e+007,1.16729e+011,-1.50366e+011
7.05024e+007,1.18512e+011,-1.48973e+011
7.05888e+007,1.20279e+011,-1.47559e+011
7.06752e+007,1.22029e+011,-1.46123e+011
7.07616e+007,1.23762e+011,-1.44666e+011
7.0848e+007,1.25477e+011,-1.43188e+011
7.09344e+007,1.27174e+011,-1.41689e+011
7.10208e+007,1.28853e+011,-1.4017e+011
7.11072e+007,1.30514e+011,-1.38631e+011
7.11936e+007,1.32156e+011,-1.37071e+011
7.128e+007,1.33779e+011,-1.35492e+011
7.13664e+007,1.35383e+011,-1.33893e+011
7.14528e+007,1.36968e+011,-1.32275e+011
7.15392e+007,1.38534e+011,-1.30637e+011
7.16256e+007,1.40079e+011,-1.28981e+011
7.1712e+007,1.41605e+011,-1.27306e+011
7.17984e+007,1.43111e+011,-1.25613e+011
7.18848e+007,1.44596e+011,-1.23901e+011
7.19712e+007,1.4606e+011,-1.22171e+011
7.20576e+007,1.47504e+011,-1.20424e+011
7.2144e+007,1.48927e+011,-1.18659e+011
7.22304e+007,1.50328e+011,-1.16878e+011
7.23168e+007,1.51708e+011,-1.15079e+011
7.24032e+007,1.53067e+011,-1.13263e+011
7.24896e+007,1.54403e+011,-1.11431e+011
7.2576e+007,1.55718e+011,-1.09583e+011
7.26624e+007,1.5701e+011,-1.07719e+011
7.27488e+007,1.5828e+011,-1.05839e+011
7.28352e+007,1.59527e+011,-1.03944e+011
7.29216e+007,1.60752e+011,-1.02034e+011
7.3008e+007,1.61953e+011,-1.00109e+011
7.30944e+007,1.63131e+011,-9.81696e+010
7.31808e+007,1.64287e+011,-9.62158e+010
7.32672e+007,1.65418e+011,-9.4248e+010
7.33536e+007,1.66526e+011,-9.22664e+010
7.344e+007,1.6761e+011,-9.02714e+010
7.35264e+007,1.6867e+011,-8.82633e+010
7.36128e+007,1.69706e+011,-8.62423e+010
7.36992e+007,1.70718e+011,-8.42087e+010
7.37856e+007,1.71706e+011,-8.21628e+010
7.3872e+007,1.72668e+011,-8.01049e+010
7.39584e+007,1.73606e+011,-7.80353e+010
7.40448e+007,1.7452e+011,-7.59543e+010
7.41312e+007,1.75408e+011,-7.38621e+010
7.42176e+007,1.76271e+011,-7.17592e+010
7.4304e+007,1.77109e+011,-6.96457e+010
7.43904e+007,1.77921e+011,-6.75221e+010
7.44768e+007,1.78708e+011,-6.53885e+010
7.45632e+007,1.79469e+011,-6.32453e+010
7.46496e+007,1.80205e+011,-6.10928e+010
7.4736e+007,1.80915e+011,-5.89313e+010
7.48224e+007,1.81598e+011,-5.67611e+010
7.49088e+007,1.82256e+011,-5.45826e+010
7.49952e+007,1.82888e+011,-5.2396e+010
7.50816e+007,1.83493e+011,-5.02016e+010
7.5168e+007,1.84072e+011,-4.79998e+010
7.52544e+007,1.84624e+011,-4.57909e+010
7.53408e+007,1.8515e+011,-4.35752e+010
7.54272e+007,1.8565e+011,-4.1353e+010
7.55136e+007,1.86123e+011,-3.91246e+010
7.56e+007,1.86568e+011,-3.68904e+010
7.56864e+007,1.86988e+011,-3.46507e+010
7.57728e+007,1.8738e+011,-3.24057e+010
7.58592e+007,1.87745e+011,-3.01559e+010
7.59456e+007,1.88083e+011,-2.79015e+010
7.6032e+007,1.88394e+011,-2.56428e+010
7.61184e+007,1.88678e+011,-2.33803e+010
7.62048e+007,1.88935e+011,-2.11141e+010
7.62912e+007,1.89165e+011,-1.88447e+010
7.63776e+007,1.89367e+011,-1.65724e+010
7.6464e+007,1.89542e+011,-1.42974e+010
7.65504e+007,1.8969e+011,-1.20202e+010
7.66368e+007,1.8981e+011,-9.74099e+009
7.67232e+007,1.89903e+011,-7.46018e+009
7.68096e+007,1.89969e+011,-5.17807e+009
7.6896e+007,1.90007e+011,-2.89499e+009
7.69824e+007,1.90017e+011,-6.11274e+008
7.70688e+007,1.90001e+011,1.67275e+009
7.71552e+007,1.89957e+011,3.95675e+009
7.72416e+007,1.89885e+011,6.2404e+009
7.7328e+007,1.89786e+011,8.52337e+009
7.74144e+007,1.89659e+011,1.08053e+010
7.75008e+007,1.89505e+011,1.30859e+010
7.75872e+007,1.89324e+011,1.53649e+010
7.76736e+007,1.89115e+011,1.76418e+010
7.776e+007,1.88879e+011,1.99164e+010
7.78464e+007,1.88616e+011,2.21884e+010
7.79328e+007,1.88325e+011,2.44573e+010
7.80192e+007,1.88007e+011,2.6723e+010
7.81056e+007,1.87662e+011,2.8985e+010
7.8192e+007,1.87289e+011,3.1243e+010
7.82784e+007,1.8689e+011,3.34967e+010
7.83648e+007,1.86463e+011,3.57458e+010
7.84512e+007,1.8601e+011,3.79899e+010
7.85376e+007,1.85529e+011,4.02287e+010
7.8624e+007,1.85021e+011,4.24619e+010
7.87104e+007,1.84487e+011,4.46892e+010
7.87968e+007,1.83926e+011,4.69103e+010
7.88832e+007,1.83338e+011,4.91247e+010
7.89696e+007,1.82723e+011,5.13323e+010
7.9056e+007,1.82082e+011,5.35326e+010
7.91424e+007,1.81414e+011,5.57253e+010
7.92288e+007,1.8072e+011,5.79102e+010
7.93152e+007,1.8e+011,6.0087e+010
7.94016e+007,1.79254e+011,6.22552e+010
7.9488e+007,1.78481e+011,6.44146e+010
7.95744e+007,1.77683e+011,6.65648e+010
7.96608e+007,1.76859e+011,6.87057e+010
7.97472e+007,1.76009e+011,7.08367e+010
7.98336e+007,1.75133e+011,7.29577e+010
7.992e+007,1.74232e+011,7.50683e+010
8.00064e+007,1.73306e+011,7.71682e+010
8.00928e+007,1.72354e+011,7.92571e+010
8.01792e+007,1.71377e+011,8.13348e+010
8.02656e+007,1.70375e+011,8.34008e+010
8.0352e+007,1.69349e+011,8.54549e+010
8.04384e+007,1.68297e+011,8.74968e+010
8.05248e+007,1.67222e+011,8.95262e+010
8.06112e+007,1.66121e+011,9.15427e+010
8.06976e+007,1.64997e+011,9.35462e+010
8.0784e+007,1.63848e+011,9.55363e+010
8.08704e+007,1.62676e+011,9.75127e+010
8.09568e+007,1.6148e+011,9.94752e+010
8.10432e+007,1.6026e+011,1.01423e+011
8.11296e+007,1.59017e+011,1.03357e+011
8.1216e+007,1.57751e+011,1.05276e+011
8.13024e+007,1.56461e+011,1.0718e+011
8.13888e+007,1.55149e+011,1.09068e+011
8.14752e+007,1.53814e+011,1.10941e+011
8.15616e+007,1.52457e+011,1.12797e+011
8.1648e+007,1.51077e+011,1.14638e+011
8.17344e+007,1.49675e+011,1.16462e+011
8.18208e+007,1.48251e+011,1.18269e+011
8.19072e+007,1.46806e+011,1.20059e+011
8.19936e+007,1.45339e+011,1.21832e+011
8.208e+007,1.43851e+011,1.23588e+011
8.21664e+007,1.42342e+011,1.25326e+011
8.22528e+007,1.40812e+011,1.27045e+011
8.23392e+007,1.39262e+011,1.28747e+011
8.24256e+007,1.37691e+011,1.30429e+011
8.2512e+007,1.361e+011,1.32094e+011
8.25984e+007,1.34489e+011,1.33739e+011
8.26848e+007,1.32858e+011,1.35364e+011
8.27712e+007,1.31208e+011,1.36971e+011
8.28576e+007,1.29539e+011,1.38557e+011
8.2944e+007,1.2785e+011,1.40124e+011
8.30304e+007,1.26143e+011,1.4167e+011
8.31168e+007,1.24418e+011,1.43196e+011
8.32032e+007,1.22674e+011,1.44701e+011
8.32896e+007,1.20912e+011,1.46186e+011
8.3376e+007,1.19133e+011,1.47649e+011
8.34624e+007,1.17336e+011,1.49091e+011
8.35488e+007,1.15522e+011,1.50512e+011
8.36352e+007,1.13691e+011,1.51911e+011
8.37216e+007,1.11843e+011,1.53288e+011
8.3808e+007,1.09979e+011,1.54643e+011
8.38944e+007,1.08099e+011,1.55975e+011
8.39808e+007,1.06203e+011,1.57285e+011
8.40672e+007,1.04291e+011,1.58573e+011
8.41536e+007,1.02364e+011,1.59837e+011
8.424e+007,1.00422e+011,1.61079e+011
8.43264e+007,9.84654e+010,1.62297e+011
8.44128e+007,9.64942e+010,1.63492e+011
8.44992e+007,9.45088e+010,1.64663e+011
8.45856e+007,9.25095e+010,1.65811e+011
8.4672e+007,9.04967e+010,1.66934e+011
8.47584e+007,8.84706e+010,1.68034e+011
8.48448e+007,8.64314e+010,1.69109e+011
8.49312e+007,8.43796e+010,1.70161e+011
8.50176e+007,8.23154e+010,1.71187e+011
8.5104e+007,8.0239e+010,1.72189e+011
8.51904e+007,7.81509e+010,1.73166e+011
8.52768e+007,7.60512e+010,1.74118e+011
8.53632e+007,7.39404e+010,1.75045e+011
8.54496e+007,7.18187e+010,1.75947e+011
8.5536e+007,6.96864e+010,1.76824e+011
8.56224e+007,6.75438e+010,1.77675e+011
8.57088e+007,6.53913e+010,1.785e+011
8.57952e+007,6.32292e+010,1.793e+011
8.58816e+007,6.10577e+010,1.80074e+011
8.5968e+007,5.88772e+010,1.80823e+011
8.60544e+007,5.6688e+010,1.81545e+011
8.61408e+007,5.44905e+010,1.82241e+011
8.62272e+007,5.22848e+010,1.82911e+011
8.63136e+007,5.00715e+010,1.83555e+011
8.64e+007,4.78507e+010,1.84172e+011
8.64864e+007,4.56228e+010,1.84763e+011
8.65728e+007,4.33881e+010,1.85327e+011
8.66592e+007,4.1147e+010,1.85865e+011
8.67456e+007,3.88998e+010,1.86376e+011
8.6832e+007,3.66468e+010,1.86861e+011
8.69184e+007,3.43883e+010,1.87318e+011
8.70048e+007,3.21246e+010,1.87749e+011
8.70912e+007,2.98561e+010,1.88153e+011
8.71776e+007,2.75831e+010,1.8853e+011
8.7264e+007,2.5306e+010,1.8888e+011
8.73504e+007,2.3025e+010,1.89203e+011
8.74368e+007,2.07405e+010,1.89499e+011
8.75232e+007,1.84528e+010,1.89768e+011
8.76096e+007,1.61622e+010,1.90009e+011
8.7696e+007,1.38691e+010,1.90224e+011
8.77824e+007,1.15739e+010,1.90411e+011
8.78688e+007,9.27671e+009,1.90572e+011
8.79552e+007,6.97802e+009,1.90705e+011
8.80416e+007,4.67811e+009,1.90811e+011
8.8128e+007,2.37731e+009,1.90889e+011
8.82144e+007,7.59601e+007,1.90941e+011
8.83008e+007,-2.22562e+009,1.90965e+011
8.83872e+007,-4.5271e+009,1.90962e+011
8.84736e+007,-6.82816e+009,1.90932e+011
8.856e+007,-9.12847e+009,1.90875e+011
8.86464e+007,-1.14277e+010,1.90791e+011
8.87328e+007,-1.37255e+010,1.90679e+011
8.88192e+007,-1.60216e+010,1.90541e+011
8.89056e+007,-1.83156e+010,1.90375e+011
8.8992e+007,-2.06073e+010,1.90183e+011
8.90784e+007,-2.28963e+010,1.89963e+011
8.91648e+007,-2.51822e+010,1.89717e+011
8.92512e+007,-2.74648e+010,1.89444e+011
8.93376e+007,-2.97437e+010,1.89144e+011
8.9424e+007,-3.20186e+010,1.88817e+011
8.95104e+007,-3.42892e+010,1.88463e+011
8.95968e+007,-3.65552e+010,1.88083e+011
8.96832e+007,-3.88163e+010,1.87677e+011
8.97696e+007,-4.10721e+010,1.87244e+011
8.9856e+007,-4.33224e+010,1.86784e+011
8.99424e+007,-4.55667e+010,1.86299e+011
9.00288e+007,-4.78049e+010,1.85787e+011
9.01152e+007,-5.00365e+010,1.85248e+011
9.02016e+007,-5.22614e+010,1.84684e+011
9.0288e+007,-5.44791e+010,1.84094e+011
9.03744e+007,-5.66894e+010,1.83478e+011
9.04608e+007,-5.8892e+010,1.82836e+011
9.05472e+007,-6.10865e+010,1.82169e+011
9.06336e+007,-6.32727e+010,1.81476e+011
9.072e+007,-6.54503e+010,1.80758e+011
9.08064e+007,-6.7619e+010,1.80014e+011
9.08928e+007,-6.97784e+010,1.79245e+011
9.09792e+007,-7.19283e+010,1.78452e+011
9.10656e+007,-7.40683e+010,1.77633e+011
9.1152e+007,-7.61983e+010,1.76789e+011
9.12384e+007,-7.83179e+010,1.75921e+011
9.13248e+007,-8.04268e+010,1.75029e+011
9.14112e+007,-8.25247e+010,1.74111e+011
9.14976e+007,-8.46114e+010,1.7317e+011
9.1584e+007,-8.66866e+010,1.72205e+011
9.16704e+007,-8.875e+010,1.71216e+011
9.17568e+007,-9.08012e+010,1.70203e+011
9.18432e+007,-9.28402e+010,1.69166e+011
9.19296e+007,-9.48665e+010,1.68106e+011
9.2016e+007,-9.68799e+010,1.67023e+011
9.21024e+007,-9.88802e+010,1.65916e+011
9.21888e+007,-1.00867e+011,1.64787e+011
9.22752e+007,-1.0284e+011,1.63635e+011
9.23616e+007,-1.04799e+011,1.6246e+011
9.2448e+007,-1.06744e+011,1.61263e+011
9.25344e+007,-1.08675e+011,1.60044e+011
9.26208e+007,-1.10591e+011,1.58802e+011
9.27072e+007,-1.12492e+011,1.57539e+011
9.27936e+007,-1.14377e+011,1.56254e+011
9.288e+007,-1.16248e+011,1.54948e+011
9.29664e+007,-1.18102e+011,1.5362e+011
9.30528e+007,-1.19941e+011,1.52272e+011
9.31392e+007,-1.21763e+011,1.50902e+011
9.32256e+007,-1.23569e+011,1.49512e+011
9.3312e+007,-1.25359e+011,1.48102e+011
9.33984e+007,-1.27131e+011,1.46671e+011
9.34848e+007,-1.28887e+011,1.4522e+011
9.35712e+007,-1.30625e+011,1.4375e+011
9.36576e+007,-1.32345e+011,1.42259e+011
9.3744e+007,-1.34048e+011,1.4075e+011
9.38304e+007,-1.35733e+011,1.39221e+011
9.39168e+007,-1.374e+011,1.37673e+011
9.40032e+007,-1.39049e+011,1.36107e+011
9.40896e+007,-1.40679e+011,1.34522e+011
9.4176e+007,-1.4229e+011,1.32919e+011
9.42624e+007,-1.43882e+011,1.31298e+011
9.43488e+007,-1.45455e+011,1.29659e+011
9.44352e+007,-1.47008e+011,1.28003e+011
9.45216e+007,-1.48542e+011,1.2633e+011
9.4608e+007,-1.50057e+011,1.24639e+011
9.46944e+007,-1.51551e+011,1.22932e+011
9.47808e+007,-1.53026e+011,1.21208e+011
9.48672e+007,-1.5448e+011,1.19467e+011
9.49536e+007,-1.55913e+011,1.17711e+011
9.504e+007,-1.57326e+011,1.15939e+011
9.51264e+007,-1.58719e+011,1.14151e+011
9.52128e+007,-1.6009e+011,1.12348e+011
9.52992e+007,-1.6144e+011,1.1053e+011
9.53856e+007,-1.62769e+011,1.08697e+011
9.5472e+007,-1.64077e+011,1.06849e+011
9.55584e+007,-1.65363e+011,1.04988e+011
9.56448e+007,-1.66627e+011,1.03112e+011
9.57312e+007,-1.67869e+011,1.01223e+011
9.58176e+007,-1.6909e+011,9.93195e+010
9.5904e+007,-1.70288e+011,9.74033e+010
9.59904e+007,-1.71464e+011,9.54741e+010
9.60768e+007,-1.72618e+011,9.35323e+010
9.61632e+007,-1.73749e+011,9.1578e+010
9.62496e+007,-1.74857e+011,8.96115e+010
9.6336e+007,-1.75943e+011,8.76332e+010
9.64224e+007,-1.77006e+011,8.56432e+010
9.65088e+007,-1.78045e+011,8.36419e+010
9.65952e+007,-1.79062e+011,8.16295e+010
9.66816e+007,-1.80056e+011,7.96064e+010
9.6768e+007,-1.81026e+011,7.75727e+010
9.68544e+007,-1.81973e+011,7.55287e+010
9.69408e+007,-1.82896e+011,7.34748e+010
9.70272e+007,-1.83796e+011,7.14112e+010
9.71136e+007,-1.84672e+011,6.93382e+010
9.72e+007,-1.85524e+011,6.72561e+010
9.72864e+007,-1.86352e+011,6.5165e+010
9.73728e+007,-1.87156e+011,6.30654e+010
9.74592e+007,-1.87937e+011,6.09575e+010
9.75456e+007,-1.88693e+011,5.88416e+010
9.7632e+007,-1.89425e+011,5.6718e+010
9.77184e+007,-1.90133e+011,5.45869e+010
9.78048e+007,-1.90816e+011,5.24486e+010
9.78912e+007,-1.91475e+011,5.03034e+010
9.79776e+007,-1.9211e+011,4.81516e+010
9.8064e+007,-1.9272e+011,4.59935e+010
9.81504e+007,-1.93306e+011,4.38293e+010
9.82368e+007,-1.93867e+011,4.16594e+010
9.83232e+007,-1.94404e+011,3.9484e+010
9.84096e+007,-1.94916e+011,3.73033e+010
9.8496e+007,-1.95403e+011,3.51178e+010
9.85824e+007,-1.95865e+011,3.29276e+010
9.86688e+007,-1.96303e+011,3.07331e+010
9.87552e+007,-1.96716e+011,2.85345e+010
9.88416e+007,-1.97104e+011,2.63321e+010
9.8928e+007,-1.97468e+011,2.41262e+010
9.90144e+007,-1.97806e+011,2.19171e+010
9.91008e+007,-1.9812e+011,1.97051e+010
9.91872e+007,-1.98408e+011,1.74903e+010
9.92736e+007,-1.98672e+011,1.52732e+010
9.936e+007,-1.98911e+011,1.3054e+010
9.94464e+007,-1.99125e+011,1.0833e+010
9.95328e+007,-1.99315e+011,8.61045e+009
9.96192e+007,-1.99479e+011,6.38662e+009
9.97056e+007,-1.99618e+011,4.16182e+009
9.9792e+007,-1.99733e+011,1.93631e+009
9.98784e+007,-1.99823e+011,-2.89619e+008
9.99648e+007,-1.99888e+011,-2.5157e+009
1.00051e+008,-1.99928e+011,-4.74165e+009
1.00138e+008,-1.99943e+011,-6.9672e+009
1.00224e+008,-1.99934e+011,-9.19207e+009
1.0031e+008,-1.999e+011,-1.1416e+010
1.00397e+008,-1.99841e+011,-1.36387e+010
1.00483e+008,-1.99757e+011,-1.58599e+010
1.0057e+008,-1.99649e+011,-1.80793e+010
1.00656e+008,-1.99516e+011,-2.02967e+010
1.00742e+008,-1.99359e+011,-2.25117e+010
1.00829e+008,-1.99177e+011,-2.47242e+010
1.00915e+008,-1.98971e+011,-2.69338e+010
1.01002e+008,-1.9874e+011,-2.91403e+010
1.01088e+008,-1.98485e+011,-3.13434e+010
1.01174e+008,-1.98206e+011,-3.35429e+010
1.01261e+008,-1.97903e+011,-3.57385e+010
1.01347e+008,-1.97575e+011,-3.79298e+010
1.01434e+008,-1.97223e+011,-4.01168e+010
1.0152e+008,-1.96848e+011,-4.2299e+010
1.01606e+008,-1.96448e+011,-4.44763e+010
1.01693e+008,-1.96024e+011,-4.66483e+010
1.01779e+008,-1.95577e+011,-4.88149e+010
1.01866e+008,-1.95106e+011,-5.09757e+010
1.01952e+008,-1.94611e+011,-5.31305e+010
1.02038e+008,-1.94093e+011,-5.52791e+010
1.02125e+008,-1.93551e+011,-5.74212e+010
1.02211e+008,-1.92986e+011,-5.95566e+010
1.02298e+008,-1.92398e+011,-6.16849e+010
1.02384e+008,-1.91786e+011,-6.3806e+010
1.0247e+008,-1.91152e+011,-6.59196e+010
1.02557e+008,-1.90494e+011,-6.80255e+010
1.02643e+008,-1.89814e+011,-7.01234e+010
1.0273e+008,-1.8911e+011,-7.22131e+010
1.02816e+008,-1.88385e+011,-7.42943e+010
1.02902e+008,-1.87636e+011,-7.63667e+010
1.02989e+008,-1.86865e+011,-7.84303e+010
1.03075e+008,-1.86072e+011,-8.04847e+010
1.03162e+008,-1.85256e+011,-8.25296e+010
1.03248e+008,-1.84419e+011,-8.45649e+010
1.03334e+008,-1.83559e+011,-8.65903e+010
1.03421e+008,-1.82678e+011,-8.86056e+010
1.03507e+008,-1.81775e+011,-9.06106e+010
1.03594e+008,-1.8085e+011,-9.2605e+010
1.0368e+008,-1.79904e+011,-9.45886e+010
1.03766e+008,-1.78937e+011,-9.65612e+010
1.03853e+008,-1.77948e+011,-9.85226e+010
1.03939e+008,-1.76939e+011,-1.00472e+011
1.04026e+008,-1.75908e+011,-1.02411e+011
1.04112e+008,-1.74857e+011,-1.04337e+011
1.04198e+008,-1.73785e+011,-1.06251e+011
1.04285e+008,-1.72692e+011,-1.08153e+011
1.04371e+008,-1.7158e+011,-1.10043e+011
1.04458e+008,-1.70447e+011,-1.11919e+011
1.04544e+008,-1.69294e+011,-1.13783e+011
1.0463e+008,-1.68121e+011,-1.15633e+011
1.04717e+008,-1.66928e+011,-1.17471e+011
1.04803e+008,-1.65716e+011,-1.19294e+011
1.0489e+008,-1.64485e+011,-1.21104e+011
1.04976e+008,-1.63234e+011,-1.229e+011
1.05062e+008,-1.61964e+011,-1.24682e+011
1.05149e+008,-1.60675e+011,-1.26449e+011
1.05235e+008,-1.59368e+011,-1.28202e+011
1.05322e+008,-1.58042e+011,-1.29941e+011
1.05408e+008,-1.56698e+011,-1.31664e+011
1.05494e+008,-1.55335e+011,-1.33372e+011
1.05581e+008,-1.53954e+011,-1.35065e+011
1.05667e+008,-1.52556e+011,-1.36742e+011
1.05754e+008,-1.51139e+011,-1.38404e+011
1.0584e+008,-1.49706e+011,-1.4005e+011
1.05926e+008,-1.48254e+011,-1.4168e+011
1.06013e+008,-1.46786e+011,-1.43294e+011
1.06099e+008,-1.45301e+011,-1.44892e+011
1.06186e+008,-1.43799e+011,-1.46473e+011
1.06272e+008,-1.4228e+011,-1.48037e+011
1.06358e+008,-1.40745e+011,-1.49584e+011
1.06445e+008,-1.39194e+011,-1.51115e+011
1.06531e+008,-1.37626e+011,-1.52628e+011
1.06618e+008,-1.36043e+011,-1.54124e+011
1.06704e+008,-1.34444e+011,-1.55603e+011
1.0679e+008,-1.3283e+011,-1.57064e+011
1.06877e+008,-1.31201e+011,-1.58507e+011
1.06963e+008,-1.29556e+011,-1.59932e+011
1.0705e+008,-1.27897e+011,-1.61339e+011
1.07136e+008,-1.26222e+011,-1.62728e+011
1.07222e+008,-1.24534e+011,-1.64098e+011
1.07309e+008,-1.22831e+011,-1.6545e+011
1.07395e+008,-1.21114e+011,-1.66784e+011
1.07482e+008,-1.19384e+011,-1.68098e+011
1.07568e+008,-1.17639e+011,-1.69394e+011
1.07654e+008,-1.15881e+011,-1.70671e+011
1.07741e+008,-1.1411e+011,-1.71928e+011
1.07827e+008,-1.12326e+011,-1.73166e+011
1.07914e+008,-1.1053e+011,-1.74385e+011
1.08e+008,-1.0872e+011,-1.75584e+011
1.08086e+008,-1.06898e+011,-1.76763e+011
1.08173e+008,-1.05065e+011,-1.77923e+011
1.08259e+008,-1.03219e+011,-1.79063e+011
1.08346e+008,-1.01361e+011,-1.80183e+011
1.08432e+008,-9.9492e+010,-1.81282e+011
1.08518e+008,-9.76116e+010,-1.82361e+011
1.08605e+008,-9.57201e+010,-1.8342e+011
1.08691e+008,-9.38178e+010,-1.84459e+011
1.08778e+008,-9.19048e+010,-1.85477e+011
1.08864e+008,-8.99815e+010,-1.86474e+011
1.0895e+008,-8.80479e+010,-1.87451e+011
1.09037e+008,-8.61043e+010,-1.88407e+011
1.09123e+008,-8.4151e+010,-1.89341e+011
1.0921e+008,-8.21882e+010,-1.90255e+011
1.09296e+008,-8.02161e+010,-1.91148e+011
1.09382e+008,-7.82349e+010,-1.92019e+011
1.09469e+008,-7.62448e+010,-1.92869e+011
1.09555e+008,-7.42462e+010,-1.93698e+011
1.09642e+008,-7.22391e+010,-1.94505e+011
1.09728e+008,-7.02239e+010,-1.95291e+011
1.09814e+008,-6.82007e+010,-1.96055e+011
1.09901e+008,-6.61699e+010,-1.96798e+011
1.09987e+008,-6.41315e+010,-1.97519e+011
1.10074e+008,-6.20859e+010,-1.98218e+011
1.1016e+008,-6.00333e+010,-1.98895e+011
1.10246e+008,-5.79739e+010,-1.9955e+011
1.10333e+008,-5.59079e+010,-2.00183e+011
1.10419e+008,-5.38356e+010,-2.00794e+011
1.10506e+008,-5.17572e+010,-2.01383e+011
1.10592e+008,-4.9673e+010,-2.0195e+011
1.10678e+008,-4.75831e+010,-2.02494e+011
1.10765e+008,-4.54879e+010,-2.03017e+011
1.10851e+008,-4.33874e+010,-2.03517e+011
1.10938e+008,-4.12821e+010,-2.03994e+011
1.11024e+008,-3.9172e+010,-2.0445e+011
1.1111e+008,-3.70575e+010,-2.04882e+011
1.11197e+008,-3.49388e+010,-2.05293e+011
1.11283e+008,-3.28161e+010,-2.05681e+011
1.1137e+008,-3.06896e+010,-2.06046e+011
1.11456e+008,-2.85596e+010,-2.06389e+011
1.11542e+008,-2.64263e+010,-2.06709e+011
1.11629e+008,-2.429e+010,-2.07006e+011
1.11715e+008,-2.21508e+010,-2.07281e+011
1.11802e+008,-2.00091e+010,-2.07534e+011
1.11888e+008,-1.7865e+010,-2.07763e+011
1.11974e+008,-1.57188e+010,-2.0797e+011
1.12061e+008,-1.35708e+010,-2.08154e+011
1.12147e+008,-1.14211e+010,-2.08316e+011
1.12234e+008,-9.26996e+009,-2.08454e+011
1.1232e+008,-7.11769e+009,-2.0857e+011
1.12406e+008,-4.96449e+009,-2.08663e+011
1.12493e+008,-2.81059e+009,-2.08734e+011
1.12579e+008,-6.56227e+008,-2.08782e+011
1.12666e+008,1.49836e+009,-2.08807e+011
1.12752e+008,3.65295e+009,-2.08809e+011
1.12838e+008,5.80729e+009,-2.08788e+011
1.12925e+008,7.96115e+009,-2.08745e+011
1.13011e+008,1.01143e+010,-2.08679e+011
1.13098e+008,1.22665e+010,-2.08591e+011
1.13184e+008,1.44176e+010,-2.0848e+011
1.1327e+008,1.65672e+010,-2.08346e+011
1.13357e+008,1.87152e+010,-2.08189e+011
1.13443e+008,2.08613e+010,-2.0801e+011
1.1353e+008,2.30053e+010,-2.07809e+011
1.13616e+008,2.51469e+010,-2.07584e+011
1.13702e+008,2.7286e+010,-2.07338e+011
1.13789e+008,2.94223e+010,-2.07068e+011
1.13875e+008,3.15556e+010,-2.06777e+011
1.13962e+008,3.36855e+010,-2.06463e+011
1.14048e+008,3.5812e+010,-2.06126e+011
1.14134e+008,3.79348e+010,-2.05767e+011
1.14221e+008,4.00536e+010,-2.05386e+011
1.14307e+008,4.21683e+010,-2.04983e+011
1.14394e+008,4.42785e+010,-2.04557e+011
1.1448e+008,4.63841e+010,-2.04109e+011
1.14566e+008,4.84848e+010,-2.0364e+011
1.14653e+008,5.05805e+010,-2.03148e+011
1.14739e+008,5.26708e+010,-2.02634e+011
1.14826e+008,5.47556e+010,-2.02098e+011
1.14912e+008,5.68347e+010,-2.01541e+011
1.14998e+008,5.89077e+010,-2.00961e+011
1.15085e+008,6.09746e+010,-2.0036e+011
1.15171e+008,6.3035e+010,-1.99737e+011
1.15258e+008,6.50887e+010,-1.99093e+011
1.15344e+008,6.71356e+010,-1.98427e+011
1.1543e+008,6.91754e+010,-1.9774e+011
1.15517e+008,7.12079e+010,-1.97031e+011
1.15603e+008,7.32329e+010,-1.96301e+011
1.1569e+008,7.52501e+010,-1.9555e+011
1.15776e+008,7.72594e+010,-1.94778e+011
1.15862e+008,7.92604e+010,-1.93984e+011
1.15949e+008,8.12531e+010,-1.9317e+011
1.16035e+008,8.32372e+010,-1.92335e+011
1.16122e+008,8.52124e+010,-1.91479e+011
1.16208e+008,8.71787e+010,-1.90603e+011
1.16294e+008,8.91357e+010,-1.89705e+011
1.16381e+008,9.10832e+010,-1.88788e+011
1.16467e+008,9.3021e+010,-1.8785e+011
1.16554e+008,9.4949e+010,-1.86891e+011
1.1664e+008,9.6867e+010,-1.85913e+011
1.16726e+008,9.87746e+010,-1.84914e+011
1.16813e+008,1.00672e+011,-1.83896e+011
1.16899e+008,1.02558e+011,-1.82857e+011
1.16986e+008,1.04434e+011,-1.81799e+011
1.17072e+008,1.06298e+011,-1.80722e+011
1.17158e+008,1.08151e+011,-1.79624e+011
1.17245e+008,1.09993e+011,-1.78508e+011
1.17331e+008,1.11823e+011,-1.77372e+011
1.17418e+008,1.13641e+011,-1.76217e+011
1.17504e+008,1.15447e+011,-1.75043e+011
1.1759e+008,1.17241e+011,-1.7385e+011
1.17677e+008,1.19022e+011,-1.72638e+011
1.17763e+008,1.20791e+011,-1.71408e+011
1.1785e+008,1.22547e+011,-1.70159e+011
1.17936e+008,1.24289e+011,-1.68892e+011
1.18022e+008,1.26019e+011,-1.67606e+011
1.18109e+008,1.27735e+011,-1.66302e+011
1.18195e+008,1.29437e+011,-1.64981e+011
1.18282e+008,1.31126e+011,-1.63641e+011
1.18368e+008,1.328e+011,-1.62284e+011
1.18454e+008,1.34461e+011,-1.6091e+011
1.18541e+008,1.36107e+011,-1.59518e+011
1.18627e+008,1.37739e+011,-1.58108e+011
1.18714e+008,1.39356e+011,-1.56682e+011
1.188e+008,1.40958e+011,-1.55239e+011
1.18886e+008,1.42545e+011,-1.53779e+011
1.18973e+008,1.44117e+011,-1.52302e+011
1.19059e+008,1.45674e+011,-1.50809e+011
1.19146e+008,1.47215e+011,-1.49299e+011
1.19232e+008,1.4874e+011,-1.47774e+011
1.19318e+008,1.50249e+011,-1.46232e+011
1.19405e+008,1.51742e+011,-1.44674e+011
1.19491e+008,1.5322e+011,-1.43101e+011
1.19578e+008,1.5468e+011,-1.41513e+011
1.19664e+008,1.56125e+011,-1.39909e+011
1.1975e+008,1.57552e+011,-1.38289e+011
1.19837e+008,1.58963e+011,-1.36655e+011
1.19923e+008,1.60356e+011,-1.35006e+011
1.2001e+008,1.61733e+011,-1.33343e+011
1.20096e+008,1.63092e+011,-1.31665e+011
1.20182e+008,1.64434e+011,-1.29972e+011
1.20269e+008,1.65758e+011,-1.28266e+011
1.20355e+008,1.67065e+011,-1.26545e+011
1.20442e+008,1.68353e+011,-1.24811e+011
1.20528e+008,1.69624e+011,-1.23063e+011
1.20614e+008,1.70876e+011,-1.21302e+011
1.20701e+008,1.7211e+011,-1.19528e+011
1.20787e+008,1.73326e+011,-1.17741e+011
1.20874e+008,1.74523e+011,-1.15941e+011
1.2096e+008,1.75701e+011,-1.14128e+011
1.21046e+008,1.7686e+011,-1.12303e+011
1.21133e+008,1.78001e+011,-1.10466e+011
1.21219e+008,1.79122e+011,-1.08616e+011
1.21306e+008,1.80224e+011,-1.06755e+011
1.21392e+008,1.81307e+011,-1.04882e+011
1.21478e+008,1.82371e+011,-1.02998e+011
1.21565e+008,1.83414e+011,-1.01102e+011
1.21651e+008,1.84438e+011,-9.91955e+010
1.21738e+008,1.85443e+011,-9.72781e+010
1.21824e+008,1.86427e+011,-9.535e+010
1.2191e+008,1.87391e+011,-9.34115e+010
1.21997e+008,1.88335e+011,-9.14628e+010
1.22083e+008,1.89259e+011,-8.9504e+010
1.2217e+008,1.90162e+011,-8.75355e+010
1.22256e+008,1.91045e+011,-8.55573e+010
1.22342e+008,1.91908e+011,-8.35698e+010
1.22429e+008,1.92749e+011,-8.15731e+010
1.22515e+008,1.9357e+011,-7.95674e+010
1.22602e+008,1.9437e+011,-7.7553e+010
1.22688e+008,1.95149e+011,-7.55301e+010
1.22774e+008,1.95908e+011,-7.34989e+010
1.22861e+008,1.96645e+011,-7.14595e+010
1.22947e+008,1.9736e+011,-6.94123e+010
1.23034e+008,1.98055e+011,-6.73574e+010
1.2312e+008,1.98728e+011,-6.52951e+010
1.23206e+008,1.99379e+011,-6.32256e+010
1.23293e+008,2.00009e+011,-6.1149e+010
1.23379e+008,2.00618e+011,-5.90657e+010
1.23466e+008,2.01204e+011,-5.69759e+010
1.23552e+008,2.01769e+011,-5.48797e+010
1.23638e+008,2.02313e+011,-5.27774e+010
1.23725e+008,2.02834e+011,-5.06693e+010
1.23811e+008,2.03333e+011,-4.85555e+010
1.23898e+008,2.0381e+011,-4.64363e+010
1.23984e+008,2.04266e+011,-4.43119e+010
1.2407e+008,2.04699e+011,-4.21825e+010
1.24157e+008,2.0511e+011,-4.00484e+010
1.24243e+008,2.05498e+011,-3.79098e+010
1.2433e+008,2.05865e+011,-3.57669e+010
1.24416e+008,2.06209e+011,-3.362e+010
1.24502e+008,2.0653e+011,-3.14693e+010
1.24589e+008,2.06829e+011,-2.9315e+010
1.24675e+008,2.07106e+011,-2.71574e+010
1.24762e+008,2.07361e+011,-2.49966e+010
1.24848e+008,2.07592e+011,-2.2833e+010
1.24934e+008,2.07802e+011,-2.06668e+010
1.25021e+008,2.07988e+011,-1.84981e+010
1.25107e+008,2.08152e+011,-1.63273e+010
1.25194e+008,2.08293e+011,-1.41545e+010
1.2528e+008,2.08412e+011,-1.198e+010
1.25366e+008,2.08508e+011,-9.80409e+009
1.25453e+008,2.08581e+011,-7.62693e+009
1.25539e+008,2.08632e+011,-5.44878e+009
1.25626e+008,2.0866e+011,-3.26989e+009
1.25712e+008,2.08665e+011,-1.09047e+009
1.25798e+008,2.08647e+011,1.08922e+009
1.25885e+008,2.08607e+011,3.26895e+009
1.25971e+008,2.08543e+011,5.44848e+009
1.26058e+008,2.08457e+011,7.62758e+009
1.26144e+008,2.08349e+011,9.806e+009
1.2623e+008,2.08217e+011,1.19835e+010
1.26317e+008,2.08063e+011,1.41599e+010
1.26403e+008,2.07886e+011,1.63348e+010
1.2649e+008,2.07686e+011,1.85082e+010
1.26576e+008,2.07464e+011,2.06797e+010
1.26662e+008,2.07219e+011,2.2849e+010
1.26749e+008,2.06951e+011,2.50161e+010
1.26835e+008,2.0666e+011,2.71805e+010
1.26922e+008,2.06347e+011,2.93422e+010
1.27008e+008,2.06012e+011,3.15008e+010
1.27094e+008,2.05653e+011,3.36561e+010
1.27181e+008,2.05273e+011,3.58079e+010
1.27267e+008,2.04869e+011,3.79559e+010
1.27354e+008,2.04444e+011,4.00999e+010
1.2744e+008,2.03995e+011,4.22396e+010
1.27526e+008,2.03525e+011,4.43749e+010
1.27613e+008,2.03032e+011,4.65055e+010
1.27699e+008,2.02516e+011,4.86312e+010
1.27786e+008,2.01979e+011,5.07516e+010
1.27872e+008,2.01419e+011,5.28667e+010
1.27958e+008,2.00837e+011,5.49761e+010
1.28045e+008,2.00234e+011,5.70796e+010
1.28131e+008,1.99608e+011,5.91771e+010
1.28218e+008,1.9896e+011,6.12681e+010
1.28304e+008,1.9829e+011,6.33526e+010
1.2839e+008,1.97598e+011,6.54303e+010
1.28477e+008,1.96885e+011,6.7501e+010
1.28563e+008,1.9615e+011,6.95644e+010
1.2865e+008,1.95393e+011,7.16203e+010
1.28736e+008,1.94615e+011,7.36684e+010
1.28822e+008,1.93815e+011,7.57087e+010
1.28909e+008,1.92994e+011,7.77407e+010
1.28995e+008,1.92152e+011,7.97644e+010
1.29082e+008,1.91288e+011,8.17794e+010
1.29168e+008,1.90404e+011,8.37855e+010
1.29254e+008,1.89498e+011,8.57826e+010
1.29341e+008,1.88571e+011,8.77704e+010
1.29427e+008,1.87624e+011,8.97487e+010
1.29514e+008,1.86656e+011,9.17172e+010
1.296e+008,1.85667e+011,9.36758e+010
1.29686e+008,1.84658e+011,9.56242e+010
1.29773e+008,1.83628e+011,9.75622e+010
1.29859e+008,1.82578e+011,9.94896e+010
1.29946e+008,1.81507e+011,1.01406e+011
1.30032e+008,1.80417e+011,1.03312e+011
1.30118e+008,1.79307e+011,1.05206e+011
1.30205e+008,1.78177e+011,1.07089e+011
1.30291e+008,1.77027e+011,1.0896e+011
1.30378e+008,1.75857e+011,1.10819e+011
1.30464e+008,1.74668e+011,1.12666e+011
1.3055e+008,1.7346e+011,1.14501e+011
1.30637e+008,1.72232e+011,1.16324e+011
1.30723e+008,1.70985e+011,1.18133e+011
1.3081e+008,1.6972e+011,1.1993e+011
1.30896e+008,1.68435e+011,1.21714e+011
1.30982e+008,1.67132e+011,1.23484e+011
1.31069e+008,1.6581e+011,1.25241e+011
1.31155e+008,1.6447e+011,1.26984e+011
1.31242e+008,1.63112e+011,1.28713e+011
1.31328e+008,1.61735e+011,1.30428e+011
1.31414e+008,1.6034e+011,1.32129e+011
1.31501e+008,1.58928e+011,1.33816e+011
1.31587e+008,1.57498e+011,1.35487e+011
1.31674e+008,1.56051e+011,1.37144e+011
1.3176e+008,1.54586e+011,1.38786e+011
1.31846e+008,1.53104e+011,1.40413e+011
1.31933e+008,1.51605e+011,1.42024e+011
1.32019e+008,1.50089e+011,1.4362e+011
1.32106e+008,1.48556e+011,1.452e+011
1.32192e+008,1.47007e+011,1.46764e+011
1.32278e+008,1.45441e+011,1.48311e+011
1.32365e+008,1.43859e+011,1.49843e+011
1.32451e+008,1.42262e+011,1.51358e+011
1.32538e+008,1.40648e+011,1.52857e+011
1.32624e+008,1.39019e+011,1.54338e+011
1.3271e+008,1.37374e+011,1.55803e+011
1.32797e+008,1.35714e+011,1.57251e+011
1.32883e+008,1.34039e+011,1.58681e+011
1.3297e+008,1.32348e+011,1.60094e+011
1.33056e+008,1.30644e+011,1.61489e+011
1.33142e+008,1.28924e+011,1.62867e+011
1.33229e+008,1.2719e+011,1.64226e+011
1.33315e+008,1.25442e+011,1.65568e+011
1.33402e+008,1.2368e+011,1.66891e+011
1.33488e+008,1.21904e+011,1.68197e+011
1.33574e+008,1.20115e+011,1.69483e+011
1.33661e+008,1.18312e+011,1.70751e+011
1.33747e+008,1.16496e+011,1.72e+011
1.33834e+008,1.14667e+011,1.7323e+011
1.3392e+008,1.12825e+011,1.74441e+011
1.34006e+008,1.1097e+011,1.75633e+011
1.34093e+008,1.09103e+011,1.76806e+011
1.34179e+008,1.07224e+011,1.77959e+011
1.34266e+008,1.05333e+011,1.79093e+011
1.34352e+008,1.0343e+011,1.80207e+011
1.34438e+008,1.01516e+011,1.81301e+011
1.34525e+008,9.95897e+010,1.82375e+011
1.34611e+008,9.76528e+010,1.83429e+011
1.34698e+008,9.57049e+010,1.84463e+011
1.34784e+008,9.37463e+010,1.85476e+011
1.3487e+008,9.17772e+010,1.86469e+011
1.34957e+008,8.97978e+010,1.87442e+011
1.35043e+008,8.78084e+010,1.88394e+011
1.3513e+008,8.58092e+010,1.89325e+011
1.35216e+008,8.38003e+010,1.90236e+011
1.35302e+008,8.1782e+010,1.91125e+011
1.35389e+008,7.97546e+010,1.91994e+011
1.35475e+008,7.77182e+010,1.92841e+011
1.35562e+008,7.56731e+010,1.93668e+011
1.35648e+008,7.36195e+010,1.94473e+011
1.35734e+008,7.15576e+010,1.95256e+011
1.35821e+008,6.94877e+010,1.96018e+011
1.35907e+008,6.741e+010,1.96759e+011
1.35994e+008,6.53247e+010,1.97478e+011
1.3608e+008,6.32321e+010,1.98175e+011
1.36166e+008,6.11323e+010,1.9885e+011
1.36253e+008,5.90257e+010,1.99504e+011
1.36339e+008,5.69124e+010,2.00136e+011
1.36426e+008,5.47927e+010,2.00746e+011
1.36512e+008,5.26668e+010,2.01333e+011
1.36598e+008,5.0535e+010,2.01899e+011
1.36685e+008,4.83974e+010,2.02442e+011
1.36771e+008,4.62544e+010,2.02964e+011
1.36858e+008,4.41061e+010,2.03463e+011
1.36944e+008,4.19529e+010,2.03939e+011
1.3703e+008,3.97948e+010,2.04394e+011
1.37117e+008,3.76323e+010,2.04825e+011
1.37203e+008,3.54654e+010,2.05235e+011
1.3729e+008,3.32945e+010,2.05622e+011
1.37376e+008,3.11198e+010,2.05986e+011
1.37462e+008,2.89416e+010,2.06328e+011
1.37549e+008,2.676e+010,2.06648e+011
1.37635e+008,2.45753e+010,2.06944e+011
1.37722e+008,2.23877e+010,2.07218e+011
1.37808e+008,2.01976e+010,2.0747e+011
1.37894e+008,1.8005e+010,2.07698e+011
1.37981e+008,1.58104e+010,2.07904e+011
1.38067e+008,1.36138e+010,2.08088e+011
1.38154e+008,1.14156e+010,2.08248e+011
1.3824e+008,9.21604e+009,2.08386e+011
1.38326e+008,7.01528e+009,2.08501e+011
1.38413e+008,4.81358e+009,2.08593e+011
1.38499e+008,2.6112e+009,2.08663e+011
1.38586e+008,4.08379e+008,2.0871e+011
1.38672e+008,-1.79465e+009,2.08734e+011
1.38758e+008,-3.99764e+009,2.08735e+011
1.38845e+008,-6.20036e+009,2.08714e+011
1.38931e+008,-8.40256e+009,2.0867e+011
1.39018e+008,-1.0604e+010,2.08603e+011
1.39104e+008,-1.28045e+010,2.08513e+011
1.3919e+008,-1.50037e+010,2.08401e+011
1.39277e+008,-1.72014e+010,2.08266e+011
1.39363e+008,-1.93975e+010,2.08108e+011
1.3945e+008,-2.15916e+010,2.07928e+011
1.39536e+008,-2.37835e+010,2.07725e+011
1.39622e+008,-2.5973e+010,2.075e+011
1.39709e+008,-2.81598e+010,2.07252e+011
1.39795e+008,-3.03437e+010,2.06982e+011
1.39882e+008,-3.25246e+010,2.06689e+011
1.39968e+008,-3.4702e+010,2.06374e+011
1.40054e+008,-3.68758e+010,2.06037e+011
1.40141e+008,-3.90459e+010,2.05677e+011
1.40227e+008,-4.12118e+010,2.05295e+011
1.40314e+008,-4.33735e+010,2.04891e+011
1.404e+008,-4.55306e+010,2.04465e+011
1.40486e+008,-4.7683e+010,2.04016e+011
1.40573e+008,-4.98304e+010,2.03546e+011
1.40659e+008,-5.19726e+010,2.03054e+011
1.40746e+008,-5.41093e+010,2.02539e+011
1.40832e+008,-5.62404e+010,2.02003e+011
1.40918e+008,-5.83656e+010,2.01445e+011
1.41005e+008,-6.04847e+010,2.00866e+011
1.41091e+008,-6.25974e+010,2.00265e+011
1.41178e+008,-6.47035e+010,1.99642e+011
1.41264e+008,-6.68029e+010,1.98998e+011
1.4135e+008,-6.88952e+010,1.98332e+011
1.41437e+008,-7.09804e+010,1.97646e+011
1.41523e+008,-7.3058e+010,1.96938e+011
1.4161e+008,-7.5128e+010,1.96208e+011
1.41696e+008,-7.71902e+010,1.95458e+011
1.41782e+008,-7.92442e+010,1.94687e+011
1.41869e+008,-8.12899e+010,1.93895e+011
1.41955e+008,-8.33271e+010,1.93082e+011
1.42042e+008,-8.53555e+010,1.92249e+011
1.42128e+008,-8.7375e+010,1.91395e+011
1.42214e+008,-8.93853e+010,1.90521e+011
1.42301e+008,-9.13863e+010,1.89626e+011
1.42387e+008,-9.33777e+010,1.88712e+011
1.42474e+008,-9.53593e+010,1.87777e+011
1.4256e+008,-9.7331e+010,1.86822e+011
1.42646e+008,-9.92924e+010,1.85847e+011
1.42733e+008,-1.01243e+011,1.84852e+011
1.42819e+008,-1.03184e+011,1.83838e+011
1.42906e+008,-1.05114e+011,1.82804e+011
1.42992e+008,-1.07032e+011,1.81751e+011
1.43078e+008,-1.0894e+011,1.80679e+011
1.43165e+008,-1.10836e+011,1.79587e+011
1.43251e+008,-1.12721e+011,1.78476e+011
1.43338e+008,-1.14594e+011,1.77347e+011
1.43424e+008,-1.16455e+011,1.76199e+011
1.4351e+008,-1.18303e+011,1.75032e+011
1.43597e+008,-1.2014e+011,1.73846e+011
1.43683e+008,-1.21964e+011,1.72643e+011
1.4377e+008,-1.23775e+011,1.71421e+011
1.43856e+008,-1.25574e+011,1.70181e+011
1.43942e+008,-1.27359e+011,1.68923e+011
1.44029e+008,-1.29131e+011,1.67647e+011
1.44115e+008,-1.3089e+011,1.66354e+011
1.44202e+008,-1.32636e+011,1.65043e+011
1.44288e+008,-1.34367e+011,1.63715e+011
1.44374e+008,-1.36085e+011,1.62369e+011
1.44461e+008,-1.37788e+011,1.61007e+011
1.44547e+008,-1.39478e+011,1.59628e+011
1.44634e+008,-1.41153e+011,1.58232e+011
1.4472e+008,-1.42813e+011,1.56819e+011
1.44806e+008,-1.44459e+011,1.55391e+011
1.44893e+008,-1.46089e+011,1.53945e+011
1.44979e+008,-1.47705e+011,1.52484e+011
1.45066e+008,-1.49306e+011,1.51007e+011
1.45152e+008,-1.50891e+011,1.49514e+011
1.45238e+008,-1.5246e+011,1.48006e+011
1.45325e+008,-1.54015e+011,1.46482e+011
1.45411e+008,-1.55553e+011,1.44943e+011
1.45498e+008,-1.57075e+011,1.43389e+011
1.45584e+008,-1.58581e+011,1.4182e+011
1.4567e+008,-1.60071e+011,1.40236e+011
1.45757e+008,-1.61545e+011,1.38638e+011
1.45843e+008,-1.63002e+011,1.37026e+011
1.4593e+008,-1.64442e+011,1.35399e+011
1.46016e+008,-1.65866e+011,1.33758e+011
1.46102e+008,-1.67273e+011,1.32104e+011
1.46189e+008,-1.68663e+011,1.30435e+011
1.46275e+008,-1.70035e+011,1.28754e+011
1.46362e+008,-1.71391e+011,1.27059e+011
1.46448e+008,-1.72728e+011,1.25351e+011
1.46534e+008,-1.74049e+011,1.2363e+011
1.46621e+008,-1.75352e+011,1.21896e+011
1.46707e+008,-1.76637e+011,1.2015e+011
1.46794e+008,-1.77904e+011,1.18391e+011
1.4688e+008,-1.79153e+011,1.16621e+011
1.46966e+008,-1.80384e+011,1.14838e+011
1.47053e+008,-1.81597e+011,1.13044e+011
1.47139e+008,-1.82791e+011,1.11238e+011
1.47226e+008,-1.83967e+011,1.0942e+011
1.47312e+008,-1.85125e+011,1.07592e+011
1.47398e+008,-1.86264e+011,1.05752e+011
1.47485e+008,-1.87384e+011,1.03902e+011
1.47571e+008,-1.88485e+011,1.02041e+011
1.47658e+008,-1.89568e+011,1.0017e+011
1.47744e+008,-1.90631e+011,9.82882e+010
1.4783e+008,-1.91675e+011,9.63966e+010
1.47917e+008,-1.92701e+011,9.44953e+010
1.48003e+008,-1.93707e+011,9.25843e+010
1.4809e+008,-1.94693e+011,9.0664e+010
1.48176e+008,-1.9566e+011,8.87344e+010
1.48262e+008,-1.96608e+011,8.67959e+010
1.48349e+008,-1.97536e+011,8.48485e+010
1.48435e+008,-1.98445e+011,8.28926e+010
1.48522e+008,-1.99333e+011,8.09282e+010
1.48608e+008,-2.00202e+011,7.89557e+010
1.48694e+008,-2.01051e+011,7.69752e+010
1.48781e+008,-2.0188e+011,7.49869e+010
1.48867e+008,-2.0269e+011,7.2991e+010
1.48954e+008,-2.03479e+011,7.09877e+010
1.4904e+008,-2.04248e+011,6.89773e+010
1.49126e+008,-2.04996e+011,6.69599e+010
1.49213e+008,-2.05725e+011,6.49358e+010
1.49299e+008,-2.06433e+011,6.29051e+010
1.49386e+008,-2.07121e+011,6.08681e+010
1.49472e+008,-2.07789e+011,5.88249e+010
1.49558e+008,-2.08436e+011,5.67759e+010
1.49645e+008,-2.09063e+011,5.47211e+010
1.49731e+008,-2.09669e+011,5.26608e+010
1.49818e+008,-2.10255e+011,5.05952e+010
1.49904e+008,-2.1082e+011,4.85244e+010
1.4999e+008,-2.11365e+011,4.64489e+010
1.50077e+008,-2.11889e+011,4.43686e+010
1.50163e+008,-2.12392e+011,4.22838e+010
1.5025e+008,-2.12874e+011,4.01948e+010
1.50336e+008,-2.13336e+011,3.81017e+010
1.50422e+008,-2.13777e+011,3.60048e+010
1.50509e+008,-2.14198e+011,3.39043e+010
1.50595e+008,-2.14597e+011,3.18003e+010
1.50682e+008,-2.14976e+011,2.96931e+010
1.50768e+008,-2.15333e+011,2.75828e+010
1.50854e+008,-2.1567e+011,2.54698e+010
1.50941e+008,-2.15986e+011,2.33542e+010
1.51027e+008,-2.16282e+011,2.12361e+010
1.51114e+008,-2.16556e+011,1.91159e+010
1.512e+008,-2.1681e+011,1.69937e+010
1.51286e+008,-2.17042e+011,1.48697e+010
1.51373e+008,-2.17254e+011,1.27441e+010
1.51459e+008,-2.17445e+011,1.06172e+010
1.51546e+008,-2.17615e+011,8.48915e+009
1.51632e+008,-2.17764e+011,6.36013e+009
1.51718e+008,-2.17892e+011,4.23036e+009
1.51805e+008,-2.17999e+011,2.10005e+009
1.51891e+008,-2.18085e+011,-3.05988e+007
1.51978e+008,-2.18151e+011,-2.16138e+009
1.52064e+008,-2.18196e+011,-4.29209e+009
1.5215e+008,-2.1822e+011,-6.42252e+009
1.52237e+008,-2.18223e+011,-8.55248e+009
1.52323e+008,-2.18205e+011,-1.06818e+010
1.5241e+008,-2.18167e+011,-1.28102e+010
1.52496e+008,-2.18108e+011,-1.49375e+010
1.52582e+008,-2.18028e+011,-1.70635e+010
1.52669e+008,-2.17928e+011,-1.91881e+010
1.52755e+008,-2.17806e+011,-2.13109e+010
1.52842e+008,-2.17665e+011,-2.34319e+010
1.52928e+008,-2.17502e+011,-2.55508e+010
1.53014e+008,-2.17319e+011,-2.76674e+010
1.53101e+008,-2.17116e+011,-2.97816e+010
1.53187e+008,-2.16892e+011,-3.18931e+010
1.53274e+008,-2.16648e+011,-3.40017e+010
1.5336e+008,-2.16383e+011,-3.61072e+010
1.53446e+008,-2.16098e+011,-3.82095e+010
1.53533e+008,-2.15793e+011,-4.03083e+010
1.53619e+008,-2.15467e+011,-4.24035e+010
1.53706e+008,-2.15122e+011,-4.44948e+010
1.53792e+008,-2.14756e+011,-4.65822e+010
1.53878e+008,-2.1437e+011,-4.86652e+010
1.53965e+008,-2.13964e+011,-5.07439e+010
1.54051e+008,-2.13538e+011,-5.2818e+010
1.54138e+008,-2.13092e+011,-5.48873e+010
1.54224e+008,-2.12626e+011,-5.69516e+010
1.5431e+008,-2.12141e+011,-5.90107e+010
1.54397e+008,-2.11635e+011,-6.10645e+010
1.54483e+008,-2.1111e+011,-6.31127e+010
1.5457e+008,-2.10566e+011,-6.51552e+010
1.54656e+008,-2.10002e+011,-6.71918e+010
1.54742e+008,-2.09418e+011,-6.92224e+010
1.54829e+008,-2.08815e+011,-7.12466e+010
1.54915e+008,-2.08193e+011,-7.32644e+010
1.55002e+008,-2.07551e+011,-7.52756e+010
1.55088e+008,-2.06891e+011,-7.72799e+010
1.55174e+008,-2.06211e+011,-7.92773e+010
1.55261e+008,-2.05512e+011,-8.12675e+010
1.55347e+008,-2.04794e+011,-8.32503e+010
1.55434e+008,-2.04058e+011,-8.52256e+010
1.5552e+008,-2.03303e+011,-8.71933e+010
1.55606e+008,-2.02529e+011,-8.9153e+010
1.55693e+008,-2.01736e+011,-9.11047e+010
1.55779e+008,-2.00925e+011,-9.30483e+010
1.55866e+008,-2.00096e+011,-9.49834e+010
1.55952e+008,-1.99248e+011,-9.691e+010
1.56038e+008,-1.98382e+011,-9.88278e+010
1.56125e+008,-1.97498e+011,-1.00737e+011
1.56211e+008,-1.96596e+011,-1.02637e+011
1.56298e+008,-1.95676e+011,-1.04527e+011
1.56384e+008,-1.94738e+011,-1.06409e+011
1.5647e+008,-1.93782e+011,-1.08281e+011
1.56557e+008,-1.92809e+011,-1.10143e+011
1.56643e+008,-1.91819e+011,-1.11995e+011
1.5673e+008,-1.9081e+011,-1.13837e+011
1.56816e+008,-1.89785e+011,-1.15669e+011
1.56902e+008,-1.88742e+011,-1.17491e+011
1.56989e+008,-1.87683e+011,-1.19302e+011
1.57075e+008,-1.86606e+011,-1.21103e+011
1.57162e+008,-1.85512e+011,-1.22892e+011
1.57248e+008,-1.84402e+011,-1.24671e+011
1.57334e+008,-1.83275e+011,-1.26439e+011
1.57421e+008,-1.82131e+011,-1.28195e+011
1.57507e+008,-1.80971e+011,-1.2994e+011
1.57594e+008,-1.79795e+011,-1.31674e+011
1.5768e+008,-1.78603e+011,-1.33396e+011
1.57766e+008,-1.77394e+011,-1.35106e+011
